filename,label,mfcc_1_mean,mfcc_1_std,mfcc_2_mean,mfcc_2_std,mfcc_3_mean,mfcc_3_std,mfcc_4_mean,mfcc_4_std,mfcc_5_mean,mfcc_5_std,mfcc_6_mean,mfcc_6_std,mfcc_7_mean,mfcc_7_std,mfcc_8_mean,mfcc_8_std,mfcc_9_mean,mfcc_9_std,mfcc_10_mean,mfcc_10_std,mfcc_11_mean,mfcc_11_std,mfcc_12_mean,mfcc_12_std,mfcc_13_mean,mfcc_13_std,spec_cent_mean,spec_cent_std,spec_bw_mean,spec_bw_std,spec_roll_mean,spec_roll_std,zcr_mean,zcr_std,rms_mean,rms_std,pitch_mean,pitch_std
human_as_001.wav,human,-156.57489013671875,82.64124298095703,90.58463287353516,50.2754020690918,0.7829673290252686,22.680532455444336,24.977149963378906,27.716297149658203,-6.479574203491211,13.682202339172363,-16.652212142944336,16.370119094848633,-0.2704664468765259,11.15323257446289,-13.991293907165527,11.827813148498535,-3.780543804168701,8.90039348602295,-3.1043078899383545,11.285318374633789,-9.407654762268066,8.72523307800293,-2.7118258476257324,6.913074970245361,-9.392966270446777,8.744424819946289,1789.8537293170332,1107.5055260486438,1686.6862521094101,387.030377417177,3408.9781746031745,1837.1785628904686,0.15346757192460317,0.17038749475611206,0.13981138169765472,0.07935131341218948,0.11561276018619537,0.21846498548984528
human_as_002.wav,human,-249.08116149902344,66.25048065185547,167.1891632080078,29.46550178527832,-4.149685382843018,33.40394592285156,41.2691764831543,35.36727523803711,14.86323356628418,16.388731002807617,-9.718547821044922,19.022462844848633,9.232949256896973,12.118144035339355,-15.33615779876709,13.857623100280762,-13.253422737121582,11.199358940124512,-5.418245315551758,13.55749797821045,-9.402188301086426,10.243548393249512,-3.828183889389038,8.03554630279541,-13.719297409057617,9.086457252502441,591.8275699023714,185.00916388605998,699.055780199456,172.93136020563205,1193.266369047619,597.116554430175,0.035877046130952384,0.013789798761783892,0.17100587487220764,0.09473685175180435,2.1667874534614384e-05,8.385120599996299e-05
human_as_003.wav,human,-210.57748413085938,64.18013763427734,184.01248168945312,35.763816833496094,-40.950740814208984,23.116939544677734,22.45503044128418,25.999208450317383,-11.606181144714355,8.5751371383667,-32.395713806152344,17.49973487854004,1.666233777999878,10.23436164855957,-25.66425323486328,9.449173927307129,-11.321512222290039,9.030277252197266,-2.121960163116455,7.942100524902344,-15.615097999572754,7.35225248336792,-3.792393922805786,6.115074157714844,-11.598798751831055,7.9635844230651855,757.0982720703063,170.13004592565306,693.7005849757115,188.63709377415142,1384.548611111111,462.5079273162918,0.053695436507936505,0.015564202175251516,0.17670929431915283,0.07169293612241745,0.024113669991493225,0.15242306888103485
human_as_004.wav,human,-192.88845825195312,66.19154357910156,87.21141052246094,48.907047271728516,16.50858497619629,21.692106246948242,6.964221477508545,31.437740325927734,-5.826406478881836,15.801149368286133,-12.0169038772583,13.891189575195312,-4.910011291503906,9.769628524780273,-7.39091157913208,11.380873680114746,-6.2140583992004395,10.150979995727539,-3.0312469005584717,11.988542556762695,-2.676270008087158,7.392138957977295,-3.3812005519866943,8.02685546875,-8.641589164733887,8.50869083404541,1819.5706653194625,1052.955311388298,1841.2737147619744,447.08724031349664,3482.4528769841268,2053.777204227873,0.1547115265376984,0.15053287328418463,0.10863691568374634,0.07317608594894409,0.10178869217634201,0.19574005901813507
human_as_005.wav,human,-179.2364501953125,33.724456787109375,173.51023864746094,17.26604461669922,-85.18223571777344,19.475051879882812,12.824984550476074,32.079627990722656,3.7311928272247314,13.023996353149414,-50.663753509521484,20.79877281188965,-8.129232406616211,11.782186508178711,-16.452123641967773,9.697925567626953,-19.390087127685547,12.96213436126709,-1.9622266292572021,5.76336669921875,-13.109420776367188,6.950924873352051,-8.292950630187988,9.613574028015137,-4.786331653594971,6.358187198638916,1066.6636922209475,195.3265733256476,743.6509723812904,147.43756834283764,1888.0828373015872,394.2205913944629,0.09100244915674603,0.02480014161029026,0.24759016931056976,0.08032309263944626,5.9104848332935944e-05,0.00040776326204650104
human_as_006.wav,human,-286.0339050292969,91.39971160888672,168.420166015625,57.00727081298828,-33.60757064819336,24.419137954711914,6.608736515045166,20.133106231689453,10.963092803955078,10.656705856323242,-15.523035049438477,13.574624061584473,-19.740148544311523,10.56201171875,-27.54274559020996,12.516108512878418,-2.4726364612579346,11.904784202575684,-3.6589224338531494,9.470014572143555,-15.597153663635254,9.032861709594727,-2.5907278060913086,8.927643775939941,-11.402236938476562,7.441604137420654,627.1606727196063,249.58196657985172,543.9612163526276,210.10739159176705,1117.1875,494.51061096566866,0.045886811755952384,0.020594128626858096,0.1580108404159546,0.07565181702375412,0.087460957467556,0.28223004937171936
human_as_007.wav,human,-186.65419006347656,55.906005859375,85.72734069824219,40.440528869628906,8.55522346496582,20.20842170715332,5.243527412414551,20.161161422729492,12.704818725585938,8.640754699707031,1.346186637878418,11.065340995788574,-4.428356647491455,10.332927703857422,-9.999826431274414,8.748128890991211,-8.2568998336792,7.755824089050293,-0.10762568563222885,6.936458587646484,-5.9074320793151855,7.264875888824463,-10.80531120300293,6.440924644470215,-3.306323289871216,6.250382900238037,1729.7733211162831,862.5747745954337,1922.4411190119074,397.37586891118565,3583.2713293650795,1790.3170753162185,0.11926463293650794,0.12426946908710972,0.10698474198579788,0.05393807217478752,0.06453409790992737,0.13734789192676544
human_as_008.wav,human,-303.7008361816406,96.63988494873047,137.38125610351562,71.11967468261719,-1.494994044303894,24.295804977416992,-13.408612251281738,23.092370986938477,-21.630390167236328,13.503251075744629,-27.57233238220215,18.964635848999023,-10.307758331298828,10.913558959960938,-18.840909957885742,13.560928344726562,-14.978601455688477,12.17946720123291,0.2160232812166214,8.807686805725098,-12.17392349243164,8.693652153015137,-12.95981502532959,9.41894817352295,0.06853624433279037,6.254651069641113,530.3957741890399,284.0206216786142,408.895139609241,269.83703420922404,772.3834325396825,498.12994431990165,0.04742916046626984,0.026791511112463248,0.1477731615304947,0.106890469789505,0.19864681363105774,0.39869409799575806
human_as_009.wav,human,-250.23123168945312,91.24069213867188,163.85569763183594,54.01399230957031,-48.34900665283203,39.582584381103516,43.59204864501953,38.53165817260742,-8.761144638061523,23.370498657226562,-25.007915496826172,17.12041664123535,16.310815811157227,14.512553215026855,-26.566421508789062,14.043722152709961,-7.544555187225342,13.91894817352295,-1.766387939453125,12.17782974243164,-21.175413131713867,9.646024703979492,0.26929423213005066,10.79158878326416,-11.023154258728027,9.80115795135498,1056.3949411808715,515.2140276967316,873.6346639131227,225.3374945633742,1979.9107142857142,816.1443545975516,0.10442243303571429,0.07298119509968268,0.11665613204240799,0.06599655002355576,0.0012627615360543132,0.005956324748694897
human_as_010.wav,human,-191.99215698242188,60.11228942871094,85.24011993408203,38.468605041503906,21.010366439819336,29.18551254272461,16.264036178588867,29.060510635375977,-8.95373249053955,14.820115089416504,-15.324057579040527,14.034523963928223,-6.634379863739014,10.422558784484863,-22.702234268188477,11.628000259399414,-17.103538513183594,9.10960865020752,-2.0614144802093506,12.057707786560059,-5.351234436035156,8.269750595092773,-9.320457458496094,7.567048072814941,-9.2978515625,7.284645080566406,1742.2990271326387,914.4451632273154,1848.5344640245037,436.13683040965645,3514.5709325396824,1876.7578547779697,0.16390361483134921,0.11062502587201685,0.11588079482316971,0.07587066292762756,0.07366003841161728,0.13760273158550262
human_as_011.wav,human,-233.5920867919922,37.09440612792969,155.29954528808594,24.2823486328125,-4.339116096496582,25.9262638092041,25.502771377563477,30.477680206298828,-28.2847843170166,15.175833702087402,-17.857675552368164,11.658117294311523,2.6622071266174316,10.998970985412598,-34.85884475708008,11.914926528930664,-0.849693238735199,11.105708122253418,-10.997759819030762,7.629786014556885,-27.52445411682129,8.472819328308105,9.847602844238281,6.017726898193359,-9.38036060333252,6.692141532897949,784.4071249543078,165.88043641141616,823.3053949255044,234.07946268482624,1510.7266865079366,798.1097060229866,0.05783420138888889,0.012478163819147757,0.1876804083585739,0.06479660421609879,4.7205659939209e-05,0.0003665078547783196
human_as_012.wav,human,-306.0050048828125,109.85322570800781,140.26321411132812,71.94711303710938,-22.046859741210938,30.13800048828125,5.270975589752197,20.8122501373291,8.504137992858887,11.523202896118164,-26.489906311035156,18.270544052124023,-19.13487434387207,13.40489673614502,-9.952099800109863,11.317554473876953,-8.028602600097656,9.966899871826172,-11.612357139587402,8.491107940673828,-12.069812774658203,7.839423656463623,-5.684469223022461,7.343211650848389,-8.699462890625,6.5349040031433105,580.076020849589,342.42366267758024,500.76900775466106,275.4116380977799,1005.952380952381,681.2084081262288,0.048525855654761904,0.03259755805346224,0.11705849319696426,0.08358868211507797,0.1825958788394928,0.38626253604888916
human_as_013.wav,human,-194.40675354003906,47.21476364135742,88.48058319091797,28.08611297607422,29.728439331054688,24.4917049407959,23.736923217773438,24.842111587524414,-5.74371337890625,12.3436861038208,-22.477270126342773,14.141032218933105,-16.105194091796875,11.60919189453125,-22.005159378051758,8.591046333312988,-17.12308692932129,10.639389991760254,-8.072531700134277,10.1265869140625,-8.404836654663086,7.751949787139893,-9.74096965789795,5.985953330993652,-10.282503128051758,6.376703262329102,1527.6764601077004,632.8642653347256,1858.0318933980689,410.9296087821605,3310.3918650793653,1610.435764868057,0.08873930431547619,0.04851142717015473,0.12245683372020721,0.07342681288719177,0.02382241003215313,0.0435403548181057
human_as_014.wav,human,-306.3274841308594,140.70326232910156,150.94891357421875,80.56510925292969,-24.161128997802734,31.04786491394043,28.540035247802734,29.5870304107666,-7.702980995178223,12.521665573120117,-9.408562660217285,15.548412322998047,15.480201721191406,15.634563446044922,-22.70253562927246,16.672985076904297,-0.6931936144828796,11.619889259338379,2.7125794887542725,9.339558601379395,-20.15584373474121,12.654253005981445,-4.2515482902526855,8.245402336120605,-12.572896003723145,10.230754852294922,624.848948990229,400.28542741491816,655.5215996746686,408.74750108298895,1282.2420634920634,948.5884140931169,0.04725864955357143,0.03674409975653184,0.09721838682889938,0.07022997736930847,0.20675967633724213,0.40448930859565735
human_as_015.wav,human,-194.6506805419922,48.52323913574219,174.936767578125,21.707923889160156,-68.97389221191406,31.73682975769043,-7.9250617027282715,26.116287231445312,-3.5821056365966797,19.010713577270508,-32.89854049682617,15.945887565612793,-10.030582427978516,15.246474266052246,-24.783220291137695,11.811254501342773,-14.700450897216797,12.235572814941406,-0.6924923062324524,11.186819076538086,-16.81623077392578,8.404708862304688,-8.04752254486084,9.180276870727539,-3.0987067222595215,8.383467674255371,903.5886698177203,198.46511977538674,626.7659976351372,154.19400850733362,1497.5818452380952,399.6265233486239,0.08126782614087301,0.028274875250043345,0.24418407678604126,0.08961078524589539,0.00015433438238687813,0.0015091984532773495
human_as_016.wav,human,-191.1049041748047,55.24662399291992,84.9252700805664,43.061561584472656,2.405402421951294,21.28815269470215,-1.4919703006744385,28.434722900390625,-0.5750043392181396,15.53604507446289,-14.561113357543945,15.8624849319458,-10.756837844848633,9.42919921875,-10.104559898376465,9.025019645690918,-14.591621398925781,12.518876075744629,-8.628262519836426,11.215087890625,-3.673189163208008,7.856212139129639,-7.561233997344971,7.050601959228516,-7.930187702178955,8.59206771850586,1776.9627814517228,947.504662765139,1785.2050595196872,430.21296286023136,3344.5560515873017,1958.0129385645403,0.16862366691468253,0.13106388270056785,0.12878009676933289,0.08209371566772461,0.09233110398054123,0.17411337792873383
human_as_017.wav,human,-274.60333251953125,76.30183410644531,149.870361328125,40.53206253051758,-12.61638355255127,38.68903350830078,-5.388664722442627,32.48442459106445,-1.352487564086914,15.244431495666504,-9.256664276123047,18.017417907714844,-0.9387229681015015,14.838054656982422,-22.375286102294922,12.896869659423828,-13.967458724975586,11.715085983276367,9.197857856750488,18.272705078125,-9.040464401245117,6.438083171844482,-11.910512924194336,10.20966911315918,0.7487410306930542,5.727291584014893,755.7860709397496,209.591346851416,651.2941799372566,223.23536124186475,1323.7227182539682,518.7546839227265,0.05721416170634921,0.01973260459854959,0.14221686124801636,0.1024351641535759,0.00026222169981338084,0.0018246386898681521
human_as_018.wav,human,-237.06117248535156,48.95886993408203,163.61143493652344,29.125776290893555,9.127442359924316,30.4501895904541,32.992774963378906,39.12474060058594,0.6299295425415039,16.086713790893555,-12.714677810668945,13.100066184997559,12.291230201721191,15.275611877441406,-11.61932373046875,11.880784034729004,-6.223379135131836,12.567277908325195,4.605815410614014,13.35096263885498,-11.1622896194458,8.871330261230469,-11.730713844299316,7.090149402618408,-12.24647045135498,7.583420753479004,532.3294681280469,119.17003143911133,639.9387489347454,153.2797502986224,873.7599206349206,388.01011278036935,0.028971354166666668,0.011322591397847562,0.23102258145809174,0.11832477897405624,1.3422585652733687e-05,6.589391705347225e-05
human_as_019.wav,human,-177.8320770263672,55.52473068237305,75.8009262084961,29.296432495117188,-5.991237163543701,24.31782341003418,22.46412467956543,19.211631774902344,5.2112226486206055,10.683164596557617,-28.532100677490234,20.667095184326172,-21.8933048248291,12.62579345703125,-16.965904235839844,9.4319486618042,-8.255053520202637,10.395090103149414,-7.836618423461914,7.583482265472412,-11.024579048156738,7.653669834136963,0.1646270602941513,6.74393892288208,-2.590108871459961,5.391511917114258,1690.424404450518,780.5307026354063,1726.8383201081854,391.21584777172103,3245.907738095238,1593.5055258283166,0.12035745287698413,0.11594256378018632,0.15427462756633759,0.08391156792640686,0.05469515547156334,0.14210005104541779
human_as_020.wav,human,-303.926025390625,156.32765197753906,104.79402923583984,72.2039794921875,-56.888153076171875,38.8648796081543,65.63114166259766,44.90640640258789,-16.84250259399414,18.688766479492188,-19.502517700195312,18.16205406188965,18.687101364135742,13.56731128692627,-34.91000747680664,21.42349624633789,3.287008047103882,14.929409980773926,-3.324802875518799,9.532150268554688,-16.732358932495117,12.62319564819336,11.196434020996094,10.260350227355957,-18.356386184692383,12.185684204101562,1561.2704876441944,1065.0830573925898,866.6587064252479,484.76243026236205,2458.4573412698414,1408.9424080862016,0.20328388516865079,0.15453456383741843,0.08795055001974106,0.06643178313970566,0.2075006365776062,0.4042249917984009
human_bn_001.wav,human,-142.11575317382812,59.933956146240234,65.1296157836914,64.77055358886719,3.0194225311279297,39.827579498291016,50.09823989868164,26.904861450195312,-5.633901119232178,12.834888458251953,0.6847233772277832,21.895084381103516,-23.94437026977539,9.07889461517334,-22.94971466064453,13.149986267089844,11.601306915283203,10.971491813659668,-10.624300003051758,9.85955810546875,-9.768770217895508,8.226329803466797,-9.573586463928223,10.0850830078125,-10.584646224975586,11.47115421295166,2160.00790591908,1164.0176702551712,1675.3638703513805,328.9258592009542,4149.367559523809,1282.4228531789356,0.17462255084325398,0.1280625562825599,0.12000850588083267,0.05100550875067711,0.04289111867547035,0.06707516312599182
human_bn_002.wav,human,-184.6741485595703,107.74159240722656,38.745487213134766,53.86043930053711,2.01850962638855,25.28956413269043,21.14271354675293,25.38101577758789,-4.933202743530273,13.968999862670898,-3.9764912128448486,18.243783950805664,-9.962762832641602,12.307572364807129,-15.042379379272461,16.43206787109375,0.2991884648799896,9.72236156463623,-7.8575544357299805,12.328288078308105,-6.84552526473999,9.779813766479492,-1.6297497749328613,7.400694847106934,-8.101696968078613,9.985519409179688,2759.784106524609,1272.9398285604548,1942.3097958159092,381.35258755596124,4934.21378968254,1863.2268113258583,0.28806268601190477,0.19119310000915932,0.11871617287397385,0.11070777475833893,0.24349278211593628,0.25690510869026184
human_bn_003.wav,human,-162.6377716064453,75.38246154785156,113.24857330322266,61.53646469116211,-10.567916870117188,33.99427032470703,30.68376922607422,29.831560134887695,-9.805415153503418,18.85626220703125,1.2418041229248047,16.145524978637695,-6.165373802185059,13.679059028625488,-23.00893211364746,18.05776596069336,5.689705848693848,18.23919105529785,-9.519296646118164,12.815288543701172,-8.02743911743164,10.80384635925293,-2.7653563022613525,12.564826011657715,-13.350301742553711,13.236693382263184,1429.4561241919337,931.7549242234684,1368.4966991903084,341.03897261339256,2646.0813492063494,1496.1382755821967,0.10310484871031746,0.09526168124990096,0.1474028080701828,0.06051717326045036,0.020529529079794884,0.04752539470791817
human_bn_004.wav,human,-112.8880844116211,52.58207702636719,92.94810485839844,59.80715560913086,-4.659786224365234,38.41023254394531,40.495086669921875,29.46331214904785,-9.624223709106445,22.051342010498047,0.6220337152481079,19.126951217651367,-12.428293228149414,17.369304656982422,-28.127761840820312,15.316801071166992,1.0136626958847046,15.078832626342773,-15.616016387939453,12.201687812805176,-9.417070388793945,13.827384948730469,-5.073984622955322,10.345708847045898,-16.759078979492188,13.253721237182617,1596.061789746144,904.1088444686501,1512.749066375631,408.2991595191246,3127.6661706349205,1464.6811790404377,0.10505409846230158,0.08407721850116989,0.2215479463338852,0.06231975927948952,0.016458850353956223,0.03423119708895683
human_bn_005.wav,human,-128.0790252685547,84.31177520751953,73.11072540283203,56.693824768066406,-0.46575605869293213,31.624929428100586,22.855009078979492,32.51591110229492,-7.403496742248535,19.49588394165039,-3.6758639812469482,15.939081192016602,-12.114581108093262,14.439291954040527,-20.949291229248047,14.428918838500977,4.428001403808594,11.51673698425293,-10.280588150024414,12.229951858520508,-8.699776649475098,10.58658218383789,1.3026119470596313,8.872492790222168,-12.67625617980957,11.718412399291992,2046.8056263807575,1074.1438279214585,1738.4092799546888,375.1108706003575,3883.308531746032,1671.5437228672697,0.1877983940972222,0.14049757002262242,0.159849613904953,0.08932588994503021,0.09302444010972977,0.17080222070217133
human_bn_006.wav,human,-266.1910400390625,165.63760375976562,74.05805969238281,76.39623260498047,2.3730251789093018,30.566146850585938,22.10607147216797,26.699827194213867,-15.860394477844238,27.146699905395508,-2.621980667114258,21.842559814453125,-3.574026584625244,18.33458137512207,-20.32034683227539,21.128557205200195,3.4668052196502686,9.056687355041504,-5.376428604125977,13.176896095275879,-7.48685884475708,11.685728073120117,-0.6560309529304504,11.780587196350098,-11.160381317138672,12.554443359375,1555.8191806623847,989.7849915771933,1492.3515943849502,605.6855722314239,3042.0386904761904,1808.6452024222747,0.10236080109126984,0.09110140807830183,0.11726047843694687,0.10436992347240448,0.06797168403863907,0.21202050149440765
human_bn_007.wav,human,-133.8725128173828,76.66447448730469,105.19715881347656,68.55224609375,0.5843414664268494,42.22697830200195,49.84727096557617,25.261810302734375,-11.289691925048828,24.843730926513672,-3.553720235824585,27.24822235107422,-12.775500297546387,18.210378646850586,-21.492198944091797,15.539433479309082,7.608531951904297,15.539047241210938,-14.34829044342041,13.798304557800293,-6.860114097595215,9.762608528137207,-4.952908515930176,9.962454795837402,-16.321443557739258,7.484979629516602,1563.000027886787,1004.534608764702,1422.8834019832152,381.61805665477266,2932.7876984126983,1549.9536836453833,0.11852833581349206,0.10426483862417678,0.1798841506242752,0.0741913691163063,0.014658098109066486,0.027360927313566208
human_bn_008.wav,human,-143.23806762695312,62.83842849731445,76.89049530029297,50.39558410644531,6.711745738983154,25.56761360168457,33.28065872192383,29.438486099243164,2.132394552230835,21.645952224731445,-3.1205859184265137,14.38843059539795,-11.576066970825195,16.574493408203125,-24.18509864807129,10.917352676391602,-3.859269857406616,7.930934429168701,-11.337165832519531,12.928705215454102,-10.231614112854004,11.371137619018555,-4.041694164276123,9.705114364624023,-10.963570594787598,7.668676376342773,1838.2100086095886,875.2130768269203,1766.9513210179746,381.4760072846378,3685.8258928571427,1501.2239521518204,0.17393663194444445,0.10781442302007478,0.13796477019786835,0.06996767967939377,0.04095889627933502,0.06408729404211044
human_bn_009.wav,human,-111.42841339111328,68.26324462890625,149.14833068847656,22.611188888549805,-11.879667282104492,34.635345458984375,26.84427261352539,15.065080642700195,-27.54318618774414,24.36428451538086,-6.902530670166016,12.229278564453125,-0.855047881603241,14.119865417480469,-27.90882682800293,14.437784194946289,11.873394012451172,13.278748512268066,-18.336410522460938,14.211692810058594,5.017926216125488,13.471468925476074,3.1587839126586914,8.448383331298828,-20.21684455871582,8.567543029785156,1048.9932864634734,240.6210505655196,1242.690153440597,205.73775300217258,2160.094246031746,798.0732959204538,0.0613219246031746,0.018846229566743537,0.2575624883174896,0.09110777825117111,0.0024260322097688913,0.003375036409124732
human_bn_010.wav,human,-136.70262145996094,66.05033111572266,125.62804412841797,45.98146438598633,-10.342161178588867,28.84316062927246,42.63141632080078,28.831403732299805,-5.861772537231445,30.935626983642578,-2.2213711738586426,18.89886474609375,-16.085811614990234,17.009153366088867,-25.932100296020508,14.385205268859863,5.379589080810547,12.32532787322998,-16.79102325439453,13.213857650756836,-11.818374633789062,10.775018692016602,-5.661042213439941,8.587372779846191,-12.379773139953613,8.970074653625488,1135.111963368875,616.7023496370191,1271.172975385104,302.9524105503171,2049.5411706349205,1107.182680155931,0.06756107390873016,0.05776172383964034,0.21933536231517792,0.08464669436216354,0.00959706399589777,0.030885087326169014
human_bn_011.wav,human,-122.8390884399414,58.236751556396484,97.7904052734375,43.12757110595703,8.843482971191406,33.052406311035156,15.241477012634277,25.329023361206055,-17.464113235473633,27.067672729492188,-2.6684467792510986,15.743387222290039,-4.267177581787109,14.406960487365723,-16.983945846557617,12.032133102416992,1.6291786432266235,12.614784240722656,-10.384115219116211,10.720126152038574,-7.432092666625977,10.23072338104248,-1.8393261432647705,8.91782283782959,-6.432321071624756,7.593631744384766,1475.4518166088228,734.5749460543345,1610.5590198829902,357.42782393510737,2877.6041666666665,1452.9613136388223,0.10652281746031746,0.08964554437167978,0.18431665003299713,0.06876086443662643,0.024033019319176674,0.05889105051755905
human_bn_012.wav,human,-133.306640625,91.23497772216797,135.12576293945312,51.485713958740234,-13.27855110168457,45.62881088256836,31.055089950561523,29.530609130859375,-18.062284469604492,23.435962677001953,-0.2462422251701355,18.144540786743164,-1.7673851251602173,18.51761817932129,-23.64650535583496,13.60522174835205,3.7025859355926514,13.168660163879395,-10.849849700927734,12.827950477600098,-6.797183990478516,8.925902366638184,-2.484873056411743,10.16785717010498,-14.882490158081055,14.01580810546875,1231.1172343754297,683.0225336991437,1263.1257766555266,401.80768036574045,2310.5158730158732,1347.2594332209403,0.0846896701388889,0.06965517133497517,0.17742648720741272,0.059798140078783035,0.009627055376768112,0.029029814526438713
human_bn_013.wav,human,-128.10348510742188,51.503597259521484,113.34064483642578,52.02052307128906,-20.109397888183594,30.983407974243164,24.047595977783203,23.140178680419922,-32.87087631225586,29.659879684448242,-9.297115325927734,14.817052841186523,-0.5459702014923096,19.6601505279541,-29.682199478149414,12.369522094726562,7.114720344543457,13.359286308288574,-14.566666603088379,11.536023139953613,-7.948690891265869,8.014883041381836,-1.0328497886657715,10.039457321166992,-10.44265079498291,10.290494918823242,1409.3995638246804,761.7343781757221,1348.1928841633705,329.0263290271276,2646.5153769841268,1306.9854472433728,0.1193576388888889,0.10123526997264728,0.2177278846502304,0.08735429495573044,0.02148965187370777,0.062327977269887924
human_bn_014.wav,human,-144.90333557128906,63.09013366699219,96.64136505126953,38.64521408081055,10.01778793334961,28.594898223876953,11.809009552001953,23.434309005737305,-9.540438652038574,26.94832992553711,1.931290626525879,14.039441108703613,-3.930891990661621,12.458839416503906,-21.87862777709961,14.567623138427734,-8.868220329284668,13.059980392456055,-7.308816432952881,8.66857624053955,-4.546743392944336,8.314335823059082,-4.793023586273193,8.127678871154785,-11.184122085571289,9.404071807861328,1555.5943897261018,720.5579348432533,1724.3951593243864,411.641302116337,3231.8948412698414,1556.4549017801548,0.1351376488095238,0.09354755055346066,0.14229927957057953,0.0803215429186821,0.035720616579055786,0.07154248654842377
human_bn_015.wav,human,-236.59579467773438,143.2975616455078,108.81499481201172,57.256591796875,2.3406362533569336,31.40470314025879,34.55202102661133,22.993314743041992,-17.540597915649414,27.108722686767578,-2.701296091079712,18.053876876831055,-3.1194989681243896,18.083650588989258,-23.23081398010254,16.638317108154297,0.8083861470222473,12.052733421325684,-7.5900702476501465,13.014599800109863,-9.393155097961426,10.180033683776855,-1.295373797416687,9.555901527404785,-12.43368911743164,11.60184383392334,1038.418245167593,683.2171393207287,1171.7764919330684,576.7019495662518,2142.2371031746034,1442.9686316520833,0.058182973710317464,0.05420021068914947,0.12281018495559692,0.08048883825540543,0.13586673140525818,0.33064788579940796
human_bn_016.wav,human,-210.54598999023438,142.4541015625,90.21470642089844,73.24002075195312,-2.001091241836548,34.710205078125,31.531923294067383,25.08609390258789,-13.333319664001465,24.767820358276367,3.1098134517669678,16.847707748413086,-0.10105744749307632,16.521400451660156,-21.965213775634766,17.779489517211914,1.3834238052368164,12.059917449951172,-11.23406982421875,14.941880226135254,-5.319326877593994,10.604190826416016,-3.2007837295532227,12.917564392089844,-12.016802787780762,14.376900672912598,1646.6738180344682,1007.4781088819751,1491.70013140849,426.9773775220916,3036.3963293650795,1672.9218331504662,0.12445746527777778,0.10230625051626833,0.1354278177022934,0.0848008319735527,0.02832278236746788,0.05555792525410652
human_bn_017.wav,human,-115.48988342285156,77.6985855102539,81.28819274902344,43.13069152832031,-4.130792617797852,30.495187759399414,36.39509582519531,32.29351806640625,5.790290832519531,21.109909057617188,4.92243766784668,14.637258529663086,-7.0004353523254395,12.179576873779297,-23.15447235107422,14.421521186828613,-6.075188636779785,10.160934448242188,-15.598933219909668,13.747673988342285,-3.9505808353424072,12.85635757446289,-0.6114420890808105,8.475427627563477,-11.724496841430664,8.898150444030762,1775.6261305699054,719.9617320349698,1745.6075005923592,350.10314704950525,3725.0124007936506,1177.4388503888429,0.1397646949404762,0.09132702374192588,0.16372942924499512,0.09148663282394409,0.04329976439476013,0.09349597245454788
human_bn_018.wav,human,-232.742919921875,131.4267120361328,86.6463851928711,56.07618713378906,-3.909019947052002,37.21688461303711,30.96983528137207,38.70209884643555,-3.7387657165527344,25.996234893798828,2.7796099185943604,15.525015830993652,-10.77669620513916,16.648775100708008,-12.963655471801758,15.20073413848877,3.3936851024627686,13.527920722961426,-8.908175468444824,14.564779281616211,-7.875432968139648,10.537833213806152,-7.884808540344238,11.790644645690918,-9.917613983154297,12.051628112792969,1485.6645591148663,855.0114732976709,1457.4895393258566,371.28472376035415,2839.409722222222,1462.2673459032933,0.09963262648809523,0.09357391163230641,0.13183730840682983,0.09949008375406265,0.025704078376293182,0.060148414224386215
human_bn_019.wav,human,-216.85922241210938,116.90169525146484,96.61659240722656,69.77568817138672,-17.548633575439453,32.07781982421875,31.725963592529297,32.637306213378906,1.7004097700119019,18.40359878540039,3.0852420330047607,16.668804168701172,-12.253249168395996,15.96508502960205,-29.617467880249023,20.74049186706543,6.9672441482543945,13.913743019104004,-9.546878814697266,14.76674747467041,-10.257689476013184,10.376751899719238,-3.7311248779296875,12.892353057861328,-8.951849937438965,12.087289810180664,1516.4065861041288,867.270402438108,1349.1246613909261,334.340446144049,2703.9930555555557,1253.5200553958648,0.10621667286706349,0.09275833680581605,0.11638002097606659,0.07429228723049164,0.01575235091149807,0.03206591308116913
human_bn_020.wav,human,-112.58647155761719,56.449581146240234,95.32453918457031,41.86825942993164,3.845383644104004,30.99127769470215,24.406545639038086,30.013731002807617,-12.366743087768555,26.964767456054688,-5.738503932952881,14.893939971923828,-6.932685852050781,16.3875789642334,-17.232128143310547,13.004063606262207,0.7139757871627808,12.142328262329102,-12.290509223937988,11.424520492553711,-8.240878105163574,8.862077713012695,-2.2393434047698975,10.710901260375977,-12.470808029174805,9.72227954864502,1500.030350201979,743.7415629940276,1592.2371721722488,360.7565876306251,2940.3521825396824,1440.7685445349393,0.10714285714285714,0.08655666177895797,0.20620191097259521,0.08137789368629456,0.03289587423205376,0.08669812977313995
human_en_001.wav,human,-142.11575317382812,59.933956146240234,65.1296157836914,64.77055358886719,3.0194225311279297,39.827579498291016,50.09823989868164,26.904861450195312,-5.633901119232178,12.834888458251953,0.6847233772277832,21.895084381103516,-23.94437026977539,9.07889461517334,-22.94971466064453,13.149986267089844,11.601306915283203,10.971491813659668,-10.624300003051758,9.85955810546875,-9.768770217895508,8.226329803466797,-9.573586463928223,10.0850830078125,-10.584646224975586,11.47115421295166,2160.00790591908,1164.0176702551712,1675.3638703513805,328.9258592009542,4149.367559523809,1282.4228531789356,0.17462255084325398,0.1280625562825599,0.12000850588083267,0.05100550875067711,0.04289111867547035,0.06707516312599182
human_en_002.wav,human,-276.58642578125,194.01986694335938,51.932456970214844,62.543399810791016,-0.14863291382789612,30.945274353027344,29.861995697021484,29.626203536987305,-3.963197946548462,15.82307243347168,-3.7228643894195557,21.871383666992188,-7.712312698364258,15.152642250061035,-17.049814224243164,20.769731521606445,4.597431182861328,11.368352890014648,-7.12094259262085,15.461191177368164,-6.288914680480957,11.433764457702637,-0.20897863805294037,8.892537117004395,-9.600179672241211,13.201972961425781,1926.9451263014364,941.9950971373843,1777.7452164930032,475.7498010067917,3922.5570436507937,1584.726897597497,0.12706163194444445,0.10757979662197675,0.11714774370193481,0.11265011876821518,0.03620145469903946,0.06025197356939316
human_en_003.wav,human,-132.24713134765625,56.986595153808594,85.07556915283203,47.74542999267578,5.57273006439209,29.825916290283203,17.97557830810547,25.266687393188477,-4.544987678527832,18.6415958404541,0.07635465264320374,12.73957633972168,-7.568718433380127,12.24173355102539,-17.884601593017578,13.581596374511719,-0.45271313190460205,14.663558959960938,-6.105496883392334,10.685867309570312,-8.382009506225586,8.458822250366211,-4.165188312530518,9.999404907226562,-10.081074714660645,9.983663558959961,1690.464696745321,890.4166240628008,1705.14277189982,313.9434494231525,3296.2549603174602,1475.6861806991508,0.1297123015873016,0.10914654246848263,0.14778083562850952,0.060517601668834686,0.038452837616205215,0.07946588099002838
human_en_004.wav,human,-112.8880844116211,52.58207702636719,92.94810485839844,59.80715560913086,-4.659786224365234,38.41023254394531,40.495086669921875,29.46331214904785,-9.624223709106445,22.051342010498047,0.6220337152481079,19.126951217651367,-12.428293228149414,17.369304656982422,-28.127761840820312,15.316801071166992,1.0136626958847046,15.078832626342773,-15.616016387939453,12.201687812805176,-9.417070388793945,13.827384948730469,-5.073984622955322,10.345708847045898,-16.759078979492188,13.253721237182617,1596.061789746144,904.1088444686501,1512.749066375631,408.2991595191246,3127.6661706349205,1464.6811790404377,0.10505409846230158,0.08407721850116989,0.2215479463338852,0.06231975927948952,0.016458850353956223,0.03423119708895683
human_en_005.wav,human,-172.47293090820312,137.79312133789062,93.9559555053711,72.0440673828125,-10.91065788269043,35.55625915527344,33.53044509887695,33.90268325805664,-7.233041286468506,22.142528533935547,-2.0284602642059326,20.069839477539062,-10.170403480529785,16.467138290405273,-26.292037963867188,17.942676544189453,11.15511417388916,13.932506561279297,-11.33869457244873,14.859651565551758,-10.44665241241455,10.710044860839844,3.082803964614868,11.164745330810547,-15.70053482055664,14.921989440917969,1642.9801987811136,940.6901267333101,1441.541558925527,365.49680363422095,3087.7356150793653,1481.9761719002195,0.13206070188492064,0.09704481069644506,0.15871448814868927,0.08966949582099915,0.023624349385499954,0.05365386977791786
human_en_006.wav,human,-186.6753692626953,94.61561584472656,54.89280319213867,59.55624771118164,8.872028350830078,25.836599349975586,12.141670227050781,24.4249210357666,-13.87524127960205,24.457094192504883,-3.9674439430236816,17.908002853393555,-6.584321022033691,15.175209999084473,-16.214994430541992,17.12383270263672,-1.7102240324020386,7.208761215209961,-6.201459884643555,9.810647010803223,-6.93858003616333,9.229969024658203,-2.7733805179595947,9.171405792236328,-8.26649284362793,9.739662170410156,2484.530529503757,1305.9376909025523,1884.8454319710247,427.8426097507143,4464.285714285715,2122.159237783,0.25915333581349204,0.18400339869205315,0.11811801791191101,0.1024603471159935,0.20286381244659424,0.24552489817142487
human_en_007.wav,human,-133.8725128173828,76.66447448730469,105.19715881347656,68.55224609375,0.5843414664268494,42.22697830200195,49.84727096557617,25.261810302734375,-11.289691925048828,24.843730926513672,-3.553720235824585,27.24822235107422,-12.775500297546387,18.210378646850586,-21.492198944091797,15.539433479309082,7.608531951904297,15.539047241210938,-14.34829044342041,13.798304557800293,-6.860114097595215,9.762608528137207,-4.952908515930176,9.962454795837402,-16.321443557739258,7.484979629516602,1563.000027886787,1004.534608764702,1422.8834019832152,381.61805665477266,2932.7876984126983,1549.9536836453833,0.11852833581349206,0.10426483862417678,0.1798841506242752,0.0741913691163063,0.014658098109066486,0.027360927313566208
human_en_008.wav,human,-136.70262145996094,66.05033111572266,125.62804412841797,45.98146438598633,-10.342161178588867,28.84316062927246,42.63141632080078,28.831403732299805,-5.861772537231445,30.935626983642578,-2.2213711738586426,18.89886474609375,-16.085811614990234,17.009153366088867,-25.932100296020508,14.385205268859863,5.379589080810547,12.32532787322998,-16.79102325439453,13.213857650756836,-11.818374633789062,10.775018692016602,-5.661042213439941,8.587372779846191,-12.379773139953613,8.970074653625488,1135.111963368875,616.7023496370191,1271.172975385104,302.9524105503171,2049.5411706349205,1107.182680155931,0.06756107390873016,0.05776172383964034,0.21933536231517792,0.08464669436216354,0.00959706399589777,0.030885087326169014
human_en_009.wav,human,-124.28934478759766,58.342872619628906,98.08622741699219,42.899986267089844,8.799529075622559,33.0809326171875,15.309283256530762,25.155759811401367,-17.618085861206055,26.99626350402832,-2.4365994930267334,15.525311470031738,-4.433328628540039,14.517403602600098,-16.969707489013672,12.140861511230469,1.4724889993667603,12.569618225097656,-10.386427879333496,10.788753509521484,-7.223005771636963,10.387685775756836,-1.8506242036819458,8.897754669189453,-6.512010097503662,7.517583847045898,1472.1858896589868,731.0807360320906,1608.1785533090015,358.88096650942157,2871.155753968254,1451.4725367397925,0.10413178943452381,0.08749199522627844,0.18177108466625214,0.06781575828790665,0.02351304329931736,0.056353043764829636
human_en_010.wav,human,-133.306640625,91.23497772216797,135.12576293945312,51.485713958740234,-13.27855110168457,45.62881088256836,31.055089950561523,29.530609130859375,-18.062284469604492,23.435962677001953,-0.2462422251701355,18.144540786743164,-1.7673851251602173,18.51761817932129,-23.64650535583496,13.60522174835205,3.7025859355926514,13.168660163879395,-10.849849700927734,12.827950477600098,-6.797183990478516,8.925902366638184,-2.484873056411743,10.16785717010498,-14.882490158081055,14.01580810546875,1231.1172343754297,683.0225336991437,1263.1257766555266,401.80768036574045,2310.5158730158732,1347.2594332209403,0.0846896701388889,0.06965517133497517,0.17742648720741272,0.059798140078783035,0.009627055376768112,0.029029814526438713
human_en_011.wav,human,-128.10348510742188,51.503597259521484,113.34064483642578,52.02052307128906,-20.109397888183594,30.983407974243164,24.047595977783203,23.140178680419922,-32.87087631225586,29.659879684448242,-9.297115325927734,14.817052841186523,-0.5459702014923096,19.6601505279541,-29.682199478149414,12.369522094726562,7.114720344543457,13.359286308288574,-14.566666603088379,11.536023139953613,-7.948690891265869,8.014883041381836,-1.0328497886657715,10.039457321166992,-10.44265079498291,10.290494918823242,1409.3995638246804,761.7343781757221,1348.1928841633705,329.0263290271276,2646.5153769841268,1306.9854472433728,0.1193576388888889,0.10123526997264728,0.2177278846502304,0.08735429495573044,0.02148965187370777,0.062327977269887924
human_en_012.wav,human,-144.92042541503906,63.25920867919922,96.47248840332031,38.38803482055664,9.812895774841309,28.235593795776367,11.690787315368652,23.652841567993164,-9.06185245513916,27.048492431640625,1.9571683406829834,14.186628341674805,-4.137853145599365,12.483318328857422,-21.96063804626465,14.489618301391602,-9.220664978027344,13.273322105407715,-7.3263678550720215,8.726677894592285,-4.6724958419799805,8.129658699035645,-4.6664934158325195,7.868134498596191,-10.97851276397705,9.480658531188965,1552.6904357131662,715.2275142949102,1725.1493144931949,407.20373492622093,3231.4608134920636,1548.025633176214,0.13376968625992064,0.0925660103944913,0.14205403625965118,0.08017624914646149,0.035380225628614426,0.07055091857910156
human_en_013.wav,human,-239.60826110839844,146.06292724609375,107.5582504272461,58.3472900390625,2.2363295555114746,31.42568016052246,34.64710235595703,23.07868766784668,-17.159238815307617,27.05328941345215,-2.6083312034606934,18.09723663330078,-3.224120616912842,18.09164047241211,-23.440019607543945,16.698028564453125,0.8602978587150574,12.035282135009766,-7.6172194480896,13.007001876831055,-9.437112808227539,10.141524314880371,-1.4154744148254395,9.49405574798584,-12.732731819152832,11.203436851501465,1031.7919586865883,698.7633707301578,1158.5011313274977,584.5009158828422,2119.4816468253966,1457.0316880040505,0.057717943948412696,0.0532926603842755,0.12260215729475021,0.08076541870832443,0.1437884420156479,0.3392772078514099
human_en_014.wav,human,-210.54598999023438,142.4541015625,90.21470642089844,73.24002075195312,-2.001091241836548,34.710205078125,31.531923294067383,25.08609390258789,-13.333319664001465,24.767820358276367,3.1098134517669678,16.847707748413086,-0.10105744749307632,16.521400451660156,-21.965213775634766,17.779489517211914,1.3834238052368164,12.059917449951172,-11.23406982421875,14.941880226135254,-5.319326877593994,10.604190826416016,-3.2007837295532227,12.917564392089844,-12.016802787780762,14.376900672912598,1646.6738180344682,1007.4781088819751,1491.70013140849,426.9773775220916,3036.3963293650795,1672.9218331504662,0.12445746527777778,0.10230625051626833,0.1354278177022934,0.0848008319735527,0.02832278236746788,0.05555792525410652
human_en_015.wav,human,-116.27432250976562,77.9781265258789,81.00231170654297,43.455135345458984,-4.349155902862549,30.476837158203125,36.48895263671875,32.346866607666016,5.817258834838867,21.063955307006836,5.1097917556762695,14.893753051757812,-7.041773796081543,12.18285083770752,-22.942535400390625,14.553825378417969,-5.848098278045654,10.20946979522705,-15.653505325317383,13.852692604064941,-3.8958444595336914,12.797188758850098,-1.2323061227798462,8.745926856994629,-11.492913246154785,8.783013343811035,1776.0826954932245,723.1285682407683,1744.4873743471876,350.82731584230856,3727.9885912698414,1187.5825606325236,0.1390710255456349,0.09062545351967607,0.16273348033428192,0.0909285694360733,0.04311637952923775,0.09287973493337631
human_en_016.wav,human,-232.742919921875,131.4267120361328,86.6463851928711,56.07618713378906,-3.909019947052002,37.21688461303711,30.96983528137207,38.70209884643555,-3.7387657165527344,25.996234893798828,2.7796099185943604,15.525015830993652,-10.77669620513916,16.648775100708008,-12.963655471801758,15.20073413848877,3.3936851024627686,13.527920722961426,-8.908175468444824,14.564779281616211,-7.875432968139648,10.537833213806152,-7.884808540344238,11.790644645690918,-9.917613983154297,12.051628112792969,1485.6645591148663,855.0114732976709,1457.4895393258566,371.28472376035415,2839.409722222222,1462.2673459032933,0.09963262648809523,0.09357391163230641,0.13183730840682983,0.09949008375406265,0.025704078376293182,0.060148414224386215
human_en_017.wav,human,-216.85922241210938,116.90169525146484,96.61659240722656,69.77568817138672,-17.548633575439453,32.07781982421875,31.725963592529297,32.637306213378906,1.7004097700119019,18.40359878540039,3.0852420330047607,16.668804168701172,-12.253249168395996,15.96508502960205,-29.617467880249023,20.74049186706543,6.9672441482543945,13.913743019104004,-9.546878814697266,14.76674747467041,-10.257689476013184,10.376751899719238,-3.7311248779296875,12.892353057861328,-8.951849937438965,12.087289810180664,1516.4065861041288,867.270402438108,1349.1246613909261,334.340446144049,2703.9930555555557,1253.5200553958648,0.10621667286706349,0.09275833680581605,0.11638002097606659,0.07429228723049164,0.01575235091149807,0.03206591308116913
human_en_018.wav,human,-112.42915344238281,56.40163803100586,95.21790313720703,41.784568786621094,3.7006869316101074,31.00965690612793,24.232759475708008,29.82530975341797,-12.203910827636719,27.111778259277344,-5.736441612243652,14.778715133666992,-7.04604959487915,16.45962905883789,-17.215181350708008,13.160412788391113,0.7906441688537598,12.297770500183105,-12.049388885498047,11.300168991088867,-8.114936828613281,8.587459564208984,-2.384356737136841,10.82751178741455,-12.893669128417969,9.757647514343262,1504.1306294187725,750.0527599395303,1595.055901611098,362.1321350332417,2946.0565476190477,1454.621801140066,0.1069607204861111,0.08855725117696699,0.20602518320083618,0.08131299912929535,0.03394874185323715,0.08990317583084106
human_en_019.wav,human,-181.6670684814453,148.37545776367188,107.6378173828125,66.47200775146484,-8.749443054199219,43.13395309448242,34.98308181762695,35.688987731933594,-23.640125274658203,28.1922550201416,-7.982264518737793,20.707698822021484,-1.1919816732406616,20.95644760131836,-22.414260864257812,17.742069244384766,6.563019752502441,12.350926399230957,-12.804679870605469,13.333107948303223,-6.511206150054932,13.270757675170898,-2.4118807315826416,10.648049354553223,-14.66567325592041,11.130791664123535,1494.8816189661136,789.4403246650584,1391.4013338705063,453.5800145647219,2797.123015873016,1498.3947678940997,0.09421890500992064,0.06117928174400686,0.1618204265832901,0.09502573311328888,0.015012573450803757,0.03191179409623146
human_en_020.wav,human,-252.55978393554688,166.15248107910156,94.56798553466797,62.265098571777344,13.477649688720703,32.52260208129883,46.6855583190918,40.211692810058594,-14.487675666809082,32.15343475341797,-7.21875524520874,19.3475284576416,-1.21005380153656,17.09125328063965,-18.08165740966797,17.420488357543945,-3.0585405826568604,12.781795501708984,-19.073488235473633,17.62828254699707,-12.1173095703125,11.525656700134277,-11.068268775939941,9.736499786376953,-9.235677719116211,9.621310234069824,1312.3587374716628,834.7966740461184,1394.5935181912134,551.730972157831,2550.47123015873,1791.5792418567091,0.07405598958333333,0.06248059047070689,0.15252073109149933,0.10578025877475739,0.013860234059393406,0.028967736288905144
human_en_021.wav,human,-116.3699722290039,51.62314987182617,92.8323745727539,36.99717712402344,26.513181686401367,28.473899841308594,20.51946258544922,19.14189910888672,-19.492717742919922,26.889137268066406,-8.689596176147461,16.252635955810547,-4.664792537689209,11.052443504333496,-19.88782501220703,11.074801445007324,-3.533705472946167,9.343732833862305,-7.3910698890686035,8.894034385681152,-6.805023670196533,10.916436195373535,-0.4152182936668396,9.238418579101562,-9.977187156677246,8.17111587524414,1611.4428130919982,648.237695789453,1819.503378393709,353.43195431058905,3526.1036706349205,1314.8360474482413,0.10326760912698413,0.07130773943981676,0.1553303599357605,0.06968961656093597,0.024306412786245346,0.05876486748456955
human_en_022.wav,human,-168.75131225585938,65.18667602539062,116.86707305908203,60.93195343017578,-1.966379165649414,37.31112289428711,45.31362533569336,37.84477996826172,-4.113093376159668,19.687570571899414,2.3611021041870117,16.056184768676758,-8.410516738891602,14.824024200439453,-28.097524642944336,19.487611770629883,2.207767963409424,16.13273811340332,-15.116022109985352,13.486932754516602,-12.641653060913086,13.387904167175293,-2.721726179122925,14.425384521484375,-11.458028793334961,10.208970069885254,1359.2190868488772,731.3870561477023,1416.9386488367795,467.3529389933085,2725.9424603174602,1518.1451249834809,0.09129696800595238,0.059854827943396464,0.14846137166023254,0.0665590837597847,0.013273250311613083,0.030829457566142082
human_en_023.wav,human,-174.92642211914062,124.77113342285156,96.69657135009766,71.77064514160156,1.914215087890625,33.6691780090332,42.422969818115234,24.933734893798828,-1.521639347076416,13.51868724822998,5.214072227478027,13.760566711425781,-6.6823649406433105,14.017987251281738,-23.006793975830078,21.342191696166992,4.957852840423584,15.672531127929688,-11.739055633544922,13.754026412963867,-3.081023693084717,11.007318496704102,-7.144107818603516,12.79206371307373,-7.077187538146973,8.393030166625977,1627.2836933516544,969.4906205537419,1561.4370952652023,470.9334363978839,3193.8864087301586,1644.5832826694918,0.1059299045138889,0.08592894112280058,0.147190660238266,0.09586817026138306,0.02862660586833954,0.05621972307562828
human_en_024.wav,human,-119.3664321899414,62.704010009765625,79.09893798828125,44.652122497558594,7.7297682762146,31.529682159423828,38.40486145019531,25.372915267944336,-3.6232612133026123,23.223222732543945,-7.717523574829102,13.990680694580078,-14.574931144714355,15.250389099121094,-20.360010147094727,14.888873100280762,-2.2000911235809326,13.148287773132324,-11.788155555725098,11.647849082946777,-8.052799224853516,11.15356159210205,-6.3400468826293945,10.914177894592285,-11.311694145202637,9.109713554382324,1680.008719458281,797.0800475841979,1714.4655720520202,354.25202253804946,3472.65625,1313.6402116642384,0.11194428943452381,0.085915130270511,0.1878822296857834,0.08872855454683304,0.028731537982821465,0.05953306704759598
human_en_025.wav,human,-202.38693237304688,105.81433868408203,112.94596099853516,91.98853302001953,16.326160430908203,41.64547348022461,20.169355392456055,25.548215866088867,2.4378576278686523,28.8475284576416,-9.852164268493652,31.382442474365234,-1.7846754789352417,19.248844146728516,-7.589188098907471,14.82961368560791,-5.063055038452148,13.322492599487305,-6.8678388595581055,11.062124252319336,-13.697517395019531,13.290340423583984,-4.9831223487854,11.254720687866211,-4.973563194274902,10.376696586608887,1624.6454097299218,1377.1487312662541,1366.7698267069547,516.2404333742905,2733.940972222222,2024.7856504950082,0.14146592881944445,0.1508639141757907,0.14803119003772736,0.08149868994951248,0.028114503249526024,0.05318206548690796
human_en_026.wav,human,-274.466064453125,143.34808349609375,103.94227600097656,67.25053405761719,12.148097038269043,36.87980651855469,34.269615173339844,35.775699615478516,23.039892196655273,20.14434814453125,-10.836074829101562,22.69327735900879,-1.8833281993865967,17.593286514282227,-5.526478290557861,13.008410453796387,-10.067534446716309,13.925143241882324,-6.324863910675049,12.096277236938477,-11.91262435913086,10.623340606689453,-0.20934061706066132,7.925415515899658,-5.78285026550293,11.092126846313477,1431.8973305860868,1098.505842767908,1431.3290081066893,545.9520730522187,2657.2420634920636,1897.3999855676586,0.1001984126984127,0.10962593405155434,0.08551978319883347,0.0552118681371212,0.020920755341649055,0.04372171312570572
human_en_027.wav,human,-179.06675720214844,69.30155944824219,76.73783874511719,50.200069427490234,16.142061233520508,24.919282913208008,20.721668243408203,25.11285400390625,13.086141586303711,19.424570083618164,-6.057261943817139,17.054170608520508,-5.029016971588135,9.824148178100586,-7.000665664672852,12.136412620544434,-8.473499298095703,10.12979793548584,-6.339031219482422,9.184704780578613,-9.553594589233398,8.998496055603027,-3.854804515838623,7.6759490966796875,-1.6412209272384644,6.462130069732666,1969.427927681306,1134.5095830432851,1922.3563272524812,415.5173104464321,3873.4499007936506,2007.9613570447912,0.18389601934523808,0.16258977588932705,0.10236962884664536,0.0676289051771164,0.11640264838933945,0.18959277868270874
human_en_028.wav,human,-339.92559814453125,160.25338745117188,112.18423461914062,76.74003601074219,16.118118286132812,28.16950798034668,8.587961196899414,27.59170150756836,-0.8758388757705688,27.69542121887207,-11.843297004699707,20.82860565185547,7.452583312988281,12.51036262512207,-0.7950738668441772,13.967397689819336,-2.907956838607788,13.438672065734863,-5.1206183433532715,10.213321685791016,-9.407081604003906,14.57103443145752,0.3949805498123169,8.993846893310547,-3.873314380645752,8.363197326660156,1194.4676473433103,808.544867475956,1433.3721498067994,694.2929145412678,2377.2941468253966,2014.8962176711073,0.06773546006944445,0.045570410373363124,0.08196723461151123,0.08250308036804199,0.053793761879205704,0.17802554368972778
human_en_029.wav,human,-219.2689971923828,89.61116790771484,144.84841918945312,71.81581115722656,-1.848813772201538,33.160484313964844,15.951543807983398,27.64198875427246,10.765542984008789,28.0692138671875,-22.03514289855957,24.814228057861328,2.7653400897979736,18.64657974243164,-13.005167007446289,14.748067855834961,-16.986303329467773,16.1457576751709,-8.666193008422852,10.475859642028809,-12.644125938415527,11.703267097473145,0.8212319612503052,11.69984245300293,-0.5161024332046509,8.229844093322754,1223.7203322185317,994.1255816162134,1220.4844307293085,611.1440386502638,2274.1815476190477,1814.721541901718,0.09874519469246032,0.11047372231054012,0.128433495759964,0.07612795382738113,0.03327347710728645,0.08999938517808914
human_en_030.wav,human,-176.74395751953125,58.35966110229492,87.1803970336914,42.83366775512695,17.634428024291992,23.248720169067383,20.12586784362793,26.863298416137695,7.567110061645508,21.08704948425293,-8.877169609069824,17.14580535888672,-2.6407876014709473,11.465970039367676,-9.56734848022461,12.71553897857666,-13.598710060119629,11.479288101196289,-10.10129451751709,11.056421279907227,-10.030023574829102,9.954418182373047,-4.273322105407715,7.533819675445557,-2.6356804370880127,8.34961223602295,1714.0714449765046,919.00875195521,1857.8195753454338,402.9030179908738,3373.8219246031745,1888.7257683009368,0.1317080543154762,0.12836534268678063,0.1181960478425026,0.09351856261491776,0.07908450812101364,0.15826116502285004
human_en_031.wav,human,-219.64576721191406,61.110267639160156,148.97128295898438,46.067787170410156,19.477354049682617,32.79452896118164,15.791136741638184,21.45966339111328,-2.662137508392334,27.960214614868164,-18.270551681518555,18.183490753173828,3.7578892707824707,21.194612503051758,-9.90300178527832,21.04022979736328,-15.359050750732422,18.37950325012207,-16.175872802734375,13.589134216308594,-26.172311782836914,19.444169998168945,-4.792242050170898,10.675667762756348,-10.423114776611328,14.230436325073242,829.0224940544081,660.9023849740822,1101.579514813538,475.0234492515732,1346.7261904761904,1352.8402734331535,0.060229104662698416,0.08546886549268101,0.2005118578672409,0.12086008489131927,0.015363936312496662,0.06664039194583893
human_en_032.wav,human,-210.92237854003906,97.89081573486328,117.1096420288086,79.52522277832031,10.236608505249023,34.351322174072266,20.43667984008789,26.246274948120117,6.962745189666748,27.452531814575195,-12.812749862670898,22.927139282226562,4.81487512588501,19.38953399658203,-8.89194107055664,20.990833282470703,-6.211235523223877,12.663455963134766,-6.878491401672363,13.47350025177002,-17.590085983276367,11.743754386901855,-4.807923793792725,9.424510955810547,-3.672499656677246,9.094240188598633,1494.3673250771467,1352.573794998825,1358.952851626802,516.0586398998512,2544.0848214285716,2037.8872845523613,0.12430245535714286,0.1503306779200419,0.1452213078737259,0.0837995782494545,0.02722867764532566,0.06716194748878479
human_en_033.wav,human,-150.8624267578125,64.78553009033203,56.422019958496094,61.47931671142578,17.863901138305664,28.938562393188477,27.927608489990234,30.755388259887695,7.9642510414123535,16.014301300048828,-6.688082695007324,21.64260482788086,-6.378941059112549,12.597077369689941,-8.77143669128418,11.095355033874512,-9.021903991699219,9.754105567932129,-12.077346801757812,8.340188980102539,-11.14163875579834,9.562990188598633,-4.646955966949463,8.65323257446289,-3.801262617111206,9.79807186126709,2227.129889202721,1295.760989807157,1905.922071064397,422.65312958053056,4222.966269841269,1909.3011648339777,0.18176463293650794,0.17324460587061494,0.1389646977186203,0.09173673391342163,0.07368578016757965,0.12197652459144592
human_en_034.wav,human,-225.37289428710938,136.91677856445312,58.50906753540039,79.53416442871094,13.543695449829102,38.47826385498047,13.54723072052002,27.23027801513672,9.804523468017578,20.047027587890625,-9.129007339477539,20.353944778442383,-2.0015318393707275,14.998804092407227,-2.0837342739105225,14.324108123779297,-2.4045491218566895,11.422677993774414,-1.9179409742355347,10.748727798461914,-13.411972999572754,11.522900581359863,-2.594521999359131,7.870571136474609,-1.116355299949646,9.302021980285645,2417.270569141151,1616.4509931070213,1765.0095435193864,576.6212022929683,4130.1463293650795,2374.249952276631,0.2189515128968254,0.18528436836163345,0.10938755422830582,0.08670476824045181,0.06253930926322937,0.08981706947088242
human_en_035.wav,human,-239.16903686523438,131.90904235839844,89.2261734008789,70.94276428222656,15.807931900024414,40.39421081542969,21.869726181030273,22.414491653442383,12.65247631072998,20.25152015686035,-6.0549421310424805,25.34651756286621,-0.5196746587753296,16.00318145751953,-3.4679532051086426,16.68331527709961,-6.105077266693115,13.350604057312012,-4.149462699890137,10.902989387512207,-11.026193618774414,10.61528491973877,-4.851942539215088,11.68459701538086,-0.06747357547283173,10.160171508789062,1805.4866796052725,1258.374014260172,1657.845799155165,575.1973229842755,3394.84126984127,2041.7140352809618,0.15495179191468253,0.1363468176636571,0.08922943472862244,0.06362947821617126,0.03512038290500641,0.05929623544216156
human_en_036.wav,human,-193.662109375,63.079681396484375,73.70299530029297,42.94733428955078,18.088579177856445,25.613018035888672,17.169628143310547,22.069917678833008,10.475225448608398,15.42716121673584,-2.0311272144317627,12.863234519958496,-2.566643238067627,10.435883522033691,-4.209516525268555,10.15385627746582,-6.8480634689331055,8.538804054260254,-6.292189598083496,8.583281517028809,-6.526497840881348,7.83371639251709,-2.7528114318847656,6.326472282409668,-1.5843214988708496,5.880551338195801,2017.0455621395542,962.4040289607419,2045.8821768214823,358.709573539877,4233.878968253968,1699.628638311551,0.1581604972718254,0.1346676554115431,0.07519630342721939,0.05122332647442818,0.09831502288579941,0.17785392701625824
human_en_037.wav,human,-251.1151123046875,124.37334442138672,93.73694610595703,73.17780303955078,14.962503433227539,37.82502365112305,32.95342254638672,29.092792510986328,16.720888137817383,19.888675689697266,-16.683027267456055,21.53473472595215,4.957252025604248,17.307161331176758,-5.7596611976623535,19.10243797302246,-6.18502950668335,13.476788520812988,-7.995602607727051,12.706957817077637,-13.012832641601562,11.404705047607422,-2.9293224811553955,11.461520195007324,-3.917590856552124,9.139731407165527,1607.9825380170907,1178.1243177910158,1588.3504321368778,522.7540828368332,2989.6453373015875,1978.7811021497644,0.1278560577876984,0.1291848649985834,0.09894590079784393,0.06998045742511749,0.04023471102118492,0.08610940724611282
human_en_038.wav,human,-257.1372985839844,131.6333465576172,99.98550415039062,76.5533218383789,17.287721633911133,38.22381591796875,1.8792669773101807,27.626768112182617,3.695084810256958,26.795236587524414,-1.5426381826400757,19.877885818481445,-2.2361674308776855,18.991180419921875,-9.54469108581543,17.699892044067383,-0.24603486061096191,12.221495628356934,-8.729695320129395,12.58984661102295,-8.029364585876465,10.84289264678955,-4.674832344055176,10.475547790527344,-5.320141792297363,9.544583320617676,1779.5859296671938,1290.9112309037646,1648.790408718015,581.4915686294211,3179.37748015873,2290.5504080949318,0.14713154141865079,0.15049054086431557,0.0882146954536438,0.06069659814238548,0.04514618217945099,0.09075857698917389
human_en_039.wav,human,-165.90562438964844,65.57122039794922,82.28565216064453,53.83073043823242,15.838762283325195,27.255802154541016,14.150328636169434,24.77053451538086,9.732223510742188,19.90177345275879,-6.962514877319336,15.894975662231445,-5.905810832977295,13.464353561401367,-4.09426736831665,10.359570503234863,-3.0020570755004883,7.482993125915527,-6.863722324371338,9.231415748596191,-9.366541862487793,10.279878616333008,-3.074497938156128,5.952793121337891,-2.3401901721954346,7.578729629516602,1907.7287785755163,1182.0418084475582,1868.293001845252,395.3334736877186,3628.2242063492063,1958.916579279287,0.16243877108134921,0.15904737278210354,0.11219003796577454,0.0636359378695488,0.08216369152069092,0.16048529744148254
human_en_040.wav,human,-234.31275939941406,111.104736328125,96.91446685791016,74.8093490600586,15.788979530334473,33.569419860839844,29.61630630493164,32.841064453125,7.898592472076416,25.9053897857666,-18.51362419128418,22.054262161254883,3.1385648250579834,16.995040893554688,-8.56238842010498,14.841052055358887,-12.654342651367188,12.203861236572266,-9.400921821594238,11.123834609985352,-14.565848350524902,12.605368614196777,-1.1585313081741333,9.366170883178711,-2.469917058944702,12.153759002685547,1655.0347611920988,1364.1262439301063,1519.3266194641585,505.25408179598526,3003.410218253968,2106.8373955800866,0.14091564360119047,0.15165645685983029,0.12136003375053406,0.0792754739522934,0.03480462729930878,0.06846590340137482
human_en_041.wav,human,-214.8065643310547,118.52259826660156,105.21097564697266,73.53970336914062,12.50831413269043,39.020713806152344,28.031503677368164,32.53195571899414,7.68563985824585,27.168901443481445,-12.343432426452637,24.74676513671875,9.28919792175293,15.70345687866211,-5.877723693847656,14.953210830688477,-7.604983329772949,15.569374084472656,-10.90460205078125,13.594991683959961,-15.049812316894531,14.526824951171875,-1.1344972848892212,9.28106689453125,-6.49265718460083,10.111087799072266,1586.7328477029325,1160.3463520322434,1580.8527822540068,606.3546672693612,3005.4563492063494,2066.8043778863694,0.10590665302579365,0.10425445543731207,0.13743841648101807,0.07651802152395248,0.020342139527201653,0.039873916655778885
human_en_042.wav,human,-190.51846313476562,56.268619537353516,66.36066436767578,52.5838737487793,26.194629669189453,25.311044692993164,16.42598533630371,24.305667877197266,3.5811355113983154,17.906776428222656,-7.707839488983154,17.150657653808594,-3.2426745891571045,11.6005220413208,-4.14889669418335,10.531373977661133,-9.192354202270508,10.60808277130127,-9.547598838806152,9.281264305114746,-11.648172378540039,10.2046480178833,-6.052118301391602,8.473993301391602,-4.964427947998047,8.004304885864258,2075.4150858961225,1318.9308562838849,1937.4464736625914,393.7179234129834,3862.4131944444443,2164.761660251586,0.17738172743055555,0.18696298989861482,0.11778867244720459,0.0825389176607132,0.09091722220182419,0.16036686301231384
human_en_043.wav,human,-245.0520782470703,105.27325439453125,99.13233947753906,84.38141632080078,15.58809757232666,28.923871994018555,21.107166290283203,28.596952438354492,6.223668575286865,24.58778953552246,-3.8794569969177246,18.772663116455078,-1.672852635383606,18.131256103515625,-9.899358749389648,16.164352416992188,-6.679569721221924,15.94540023803711,-12.308369636535645,14.198651313781738,-15.393163681030273,12.837725639343262,-3.3863863945007324,9.620208740234375,-6.944309711456299,13.107149124145508,1566.8724634870666,1339.5900873254698,1423.9775356657497,489.9681055948662,2703.000992063492,2097.1112449414145,0.12605406746031747,0.14225268946685893,0.10580645501613617,0.06980930268764496,0.038747627288103104,0.07465261220932007
human_en_044.wav,human,-237.45286560058594,96.33067321777344,101.82552337646484,82.26216125488281,12.063173294067383,33.5411376953125,26.738483428955078,29.899446487426758,15.239897727966309,23.754934310913086,-11.104482650756836,22.98006248474121,-4.410508632659912,14.267245292663574,-3.9580860137939453,13.857942581176758,-5.902825355529785,10.157581329345703,-7.28713846206665,8.698381423950195,-15.166897773742676,11.505463600158691,-1.5294116735458374,9.642131805419922,-0.2620300054550171,8.05260944366455,1567.0786636523062,1247.477926653675,1448.95570087542,532.3484034651198,2851.87251984127,2012.786055002333,0.11962115575396826,0.12889105613787036,0.09760754555463791,0.07122496515512466,0.03281069174408913,0.06272530555725098
human_en_045.wav,human,-194.47323608398438,62.67501449584961,59.693519592285156,52.21186447143555,20.454771041870117,29.160198211669922,26.138225555419922,24.461978912353516,5.201498985290527,16.651416778564453,-7.8909382820129395,15.58592414855957,1.2872649431228638,13.180051803588867,-0.9509092569351196,9.034492492675781,-9.488186836242676,10.30537223815918,-6.565490245819092,9.118342399597168,-7.822761058807373,6.7811665534973145,-4.3452863693237305,6.344594955444336,-4.196699619293213,7.312612056732178,2126.6400304819335,1085.367787732135,2003.651485535337,344.47130244823825,4261.408730158731,1760.5998212987295,0.17139446924603174,0.15028222977617628,0.08766939491033554,0.056540586054325104,0.10718429088592529,0.1780657172203064
human_en_046.wav,human,-207.95738220214844,92.5801773071289,132.19371032714844,51.19491195678711,7.064950466156006,31.325977325439453,27.4390869140625,27.725675582885742,10.646613121032715,26.326168060302734,-17.707040786743164,19.905241012573242,9.207801818847656,17.93604850769043,-11.672491073608398,16.871952056884766,-10.56707763671875,13.370587348937988,-8.643776893615723,12.245094299316406,-17.763978958129883,14.719087600708008,1.7455835342407227,8.688334465026855,-7.164927005767822,11.634559631347656,1036.70083411199,673.1453587554274,1290.1821011441875,459.45122944096136,1939.1121031746031,1440.1594368606245,0.059271918402777776,0.06676445590184522,0.17272870242595673,0.1198195070028305,0.013474704697728157,0.04607617110013962
human_en_047.wav,human,-223.79745483398438,110.82489776611328,123.54442596435547,70.31552124023438,5.536746025085449,33.33293533325195,23.245864868164062,25.458946228027344,12.422603607177734,27.27997398376465,-15.411491394042969,23.761573791503906,5.6966047286987305,16.673215866088867,-7.102264404296875,14.476825714111328,-14.749497413635254,17.59827995300293,-11.326699256896973,12.279767990112305,-17.83502960205078,14.322409629821777,-2.7829930782318115,10.469038009643555,-6.472339630126953,11.701024055480957,1254.8404382551796,965.9508185282295,1350.5244396349458,505.11177014675735,2320.188492063492,1779.2898092906182,0.08495318700396826,0.09103916666770333,0.14213424921035767,0.08273821324110031,0.019917089492082596,0.0596282072365284
human_en_048.wav,human,-141.3968963623047,49.76204299926758,89.61491394042969,58.76239776611328,23.086946487426758,29.520702362060547,21.99470329284668,28.744163513183594,9.063669204711914,20.98883056640625,-8.308198928833008,17.414506912231445,-2.6838178634643555,14.597701072692871,-6.051537990570068,14.0567626953125,-13.321992874145508,10.681520462036133,-8.238029479980469,10.52995491027832,-11.474398612976074,9.025052070617676,-4.987565517425537,6.582134246826172,-2.612962007522583,7.480226993560791,1664.236967649702,1133.5273401324905,1738.875251986875,416.5598898011798,3107.2668650793653,1968.2965838012985,0.13686988467261904,0.1358822718459817,0.17250211536884308,0.10402503609657288,0.04099893942475319,0.07807914167642593
human_en_049.wav,human,-265.6044616699219,120.87686920166016,121.66297912597656,83.48375701904297,0.08299296349287033,34.55175018310547,16.86329460144043,33.63247299194336,18.363914489746094,30.52768898010254,-13.811938285827637,25.677030563354492,1.119314193725586,21.186119079589844,-7.856758117675781,15.855032920837402,-8.247939109802246,14.589978218078613,-6.223729133605957,10.686824798583984,-14.441618919372559,11.612013816833496,-1.4313019514083862,8.51162052154541,-2.1622374057769775,9.601444244384766,1430.5241510331896,1206.8548526055913,1377.6935295892788,597.9198730027064,2693.0803571428573,2030.308002617981,0.11777266245039683,0.14316464272656218,0.0910220742225647,0.059356365352869034,0.040200889110565186,0.089202381670475
human_en_050.wav,human,-253.16831970214844,111.06401824951172,122.15786743164062,73.65380096435547,2.025597095489502,35.0300407409668,16.16687774658203,30.87627601623535,3.3280718326568604,28.419448852539062,-17.7227840423584,18.390901565551758,4.171530723571777,17.848939895629883,-8.4275541305542,14.298335075378418,-10.318965911865234,10.952491760253906,-5.179373741149902,10.525456428527832,-10.730375289916992,11.045281410217285,-0.21961358189582825,7.921818256378174,-4.697766304016113,10.917858123779297,1484.144345739881,1194.6678622707675,1408.5151243778544,596.1638503493465,2687.562003968254,2091.2131245547453,0.12576342385912698,0.13739822628592696,0.08818601816892624,0.053566884249448776,0.03620327264070511,0.07911162823438644
human_en_051.wav,human,-142.1898956298828,48.05653762817383,98.50670623779297,33.03246307373047,14.946328163146973,29.039905548095703,27.982547760009766,27.487756729125977,17.23337173461914,19.470027923583984,-11.639544486999512,16.943607330322266,-6.221261024475098,13.663581848144531,-8.715804100036621,12.771228790283203,-18.480928421020508,14.232110023498535,-12.28128719329834,13.570433616638184,-14.48157024383545,11.078397750854492,-3.099411725997925,5.840142726898193,-3.952259063720703,8.342970848083496,1362.446988071073,720.3571443892916,1699.8269886861901,418.0563595584982,2804.811507936508,1513.9195655086398,0.0702853732638889,0.06645846854042697,0.2054043859243393,0.12488529831171036,0.012764200568199158,0.03392700478434563
human_en_052.wav,human,-267.93768310546875,144.11776733398438,87.92237091064453,82.80126190185547,8.714122772216797,34.50381088256836,25.166349411010742,28.31363296508789,10.451199531555176,23.16738510131836,-13.882416725158691,23.575897216796875,-4.193087100982666,18.28972053527832,-11.360161781311035,20.287874221801758,0.33934450149536133,14.107908248901367,-10.541034698486328,11.908310890197754,-15.553631782531738,14.570674896240234,-3.3743841648101807,8.113565444946289,-3.183271646499634,11.087416648864746,1504.4396234022602,1428.556468885267,1291.055462004413,683.9999101077568,2638.0828373015875,2163.1653447883236,0.10936337425595238,0.13444624715231532,0.1123523861169815,0.08246129751205444,0.14513885974884033,0.31912025809288025
human_en_053.wav,human,-225.06869506835938,105.35594177246094,127.95343780517578,60.89106369018555,9.250930786132812,31.796621322631836,24.54781150817871,27.52659797668457,9.170985221862793,22.641141891479492,-20.56947135925293,23.187400817871094,5.459843635559082,16.28733253479004,-8.641715049743652,14.543275833129883,-16.994016647338867,15.146224021911621,-8.81656265258789,11.639516830444336,-15.925479888916016,14.550857543945312,2.1816375255584717,8.881312370300293,-5.317034721374512,9.983051300048828,1121.4070060985605,845.9276866260642,1312.21848201539,527.126590903392,2124.1939484126983,1621.0375956535242,0.06736343625992064,0.08052718390863527,0.1466110646724701,0.09003541618585587,0.010823982767760754,0.031099790707230568
human_en_054.wav,human,-172.53887939453125,68.12934112548828,82.8533935546875,52.50163650512695,25.06332778930664,21.610273361206055,20.042598724365234,24.31611442565918,7.624849796295166,18.588821411132812,-7.991236686706543,16.113643646240234,-1.9367765188217163,11.09703540802002,-2.325653553009033,9.856819152832031,-3.9673149585723877,8.051443099975586,-7.971409320831299,8.158784866333008,-12.393223762512207,11.582834243774414,-4.162561416625977,7.462564468383789,-3.222980260848999,8.197591781616211,1784.4285148635674,1188.3895799831782,1861.221044243329,425.03753526438516,3445.064484126984,2134.2353767739037,0.1538357204861111,0.16013871951632475,0.16051730513572693,0.11372280865907669,0.08487797528505325,0.17243848741054535
human_en_055.wav,human,-332.87164306640625,172.80691528320312,65.35276794433594,86.19589233398438,1.6584357023239136,29.492618560791016,15.566448211669922,22.69002342224121,14.985088348388672,21.402769088745117,-5.265241622924805,23.61161994934082,-5.716763496398926,13.528463363647461,-0.9871684908866882,14.228300094604492,4.102482795715332,8.185253143310547,1.776655912399292,13.3261137008667,-5.07541036605835,11.988237380981445,0.9027512669563293,8.507163047790527,-0.584113597869873,8.484431266784668,1940.8412611913068,1373.414772888695,1639.5824324572113,552.0722148599546,3536.4583333333335,2158.3122183651844,0.13324265252976192,0.16781058577287647,0.07000190019607544,0.07798929512500763,0.03394700214266777,0.046469129621982574
human_en_056.wav,human,-220.77590942382812,110.72037506103516,113.04500579833984,79.43887329101562,7.779587268829346,36.42616653442383,14.338160514831543,21.522844314575195,6.073866844177246,22.81749153137207,-12.000936508178711,19.830337524414062,3.4028420448303223,19.375810623168945,-5.199678421020508,17.246429443359375,-10.551054954528809,13.179306983947754,-8.140185356140137,11.66837215423584,-11.096461296081543,11.774834632873535,1.796739101409912,10.419536590576172,-6.022665977478027,11.537897109985352,1483.8280851220634,1243.4265602122305,1363.7136284641836,534.9263618667367,2516.6790674603176,2076.6784411921303,0.1158079117063492,0.1337313891983938,0.1546708643436432,0.10968001186847687,0.032757095992565155,0.06897880882024765
human_en_057.wav,human,-190.98696899414062,70.17839813232422,55.20195770263672,61.03440856933594,14.995076179504395,25.03859519958496,14.3041410446167,19.90627098083496,10.43675708770752,14.75194263458252,-2.8298377990722656,15.843729972839355,-9.048921585083008,13.689629554748535,-7.175164222717285,12.729928970336914,-10.480155944824219,10.012063980102539,-6.752504348754883,11.108646392822266,-5.605166912078857,8.339335441589355,-1.4581917524337769,7.7150654792785645,-0.9038774371147156,7.451414108276367,2442.6873648805263,1406.8258182877435,1965.015564401894,413.3608242551792,4484.933035714285,2084.061716645732,0.24352833581349206,0.19162663597076288,0.09561866521835327,0.07856804877519608,0.14711710810661316,0.20547237992286682
human_en_058.wav,human,-269.8222351074219,148.8064422607422,105.67870330810547,68.87139129638672,-4.7679314613342285,36.453304290771484,0.5158616304397583,30.795230865478516,14.710698127746582,27.94026756286621,-12.122961044311523,21.45891571044922,6.283113479614258,17.784460067749023,-8.95195484161377,17.396602630615234,-9.82711410522461,13.55936050415039,0.9236418008804321,15.428319931030273,-13.029936790466309,11.673693656921387,-5.047698974609375,10.9987211227417,-3.7684810161590576,9.237812995910645,1640.434007126166,1187.9697144173738,1592.8474278311032,566.4100565496504,3052.6413690476193,2111.0115405661413,0.11910574776785714,0.13469513853128412,0.09160462766885757,0.07867395877838135,0.028231950476765633,0.05884697288274765
human_en_059.wav,human,-207.8497772216797,73.5897445678711,103.15180206298828,89.59477233886719,1.153070330619812,35.6435546875,22.471498489379883,36.10380935668945,18.31846809387207,23.941368103027344,-14.964133262634277,23.74170684814453,3.649571657180786,15.48133373260498,-13.42769718170166,19.540586471557617,-16.22896957397461,11.567487716674805,-5.5834550857543945,10.92539119720459,-19.791942596435547,11.580357551574707,-4.136986255645752,10.958931922912598,-10.36757755279541,9.952251434326172,1723.6487790497793,1433.7386809590398,1432.3318162350456,559.456894604306,3030.3199404761904,2235.0384322343166,0.15305679563492064,0.15852392684247865,0.10615716129541397,0.06475642323493958,0.04335371032357216,0.081733338534832
human_en_060.wav,human,-165.33831787109375,61.610633850097656,55.34001541137695,57.897727966308594,20.393335342407227,21.82898712158203,23.632905960083008,27.9588680267334,6.439226150512695,24.561153411865234,-5.2010579109191895,15.930533409118652,-1.208207607269287,12.377938270568848,-5.784489631652832,12.942821502685547,-10.680501937866211,12.767339706420898,-11.531828880310059,8.384965896606445,-14.249134063720703,12.44235897064209,-7.456313610076904,7.570693016052246,-7.015443801879883,8.888178825378418,2224.0804124047195,1318.8364403296068,1937.3320723658273,365.7479901815716,4195.3125,1976.4767218980498,0.19671921502976192,0.18484391553270554,0.13067343831062317,0.09039973467588425,0.1104746162891388,0.18489673733711243
human_en_061.wav,human,-214.27195739746094,92.3716049194336,118.40260314941406,74.03626251220703,10.460416793823242,35.762725830078125,18.18059730529785,31.384681701660156,12.591569900512695,23.137203216552734,-15.971237182617188,25.246000289916992,-1.3496825695037842,17.483572006225586,-10.349534034729004,18.36656379699707,-15.918492317199707,11.103619575500488,-8.215754508972168,11.61217975616455,-16.748619079589844,12.42802906036377,-8.324251174926758,10.256966590881348,-10.823437690734863,10.440352439880371,1377.637616735272,1169.2523980221465,1360.204724304829,603.4645932606901,2556.8576388888887,2045.6159887767587,0.1085844494047619,0.11703152819265966,0.13666817545890808,0.0881451740860939,0.025256557390093803,0.059065982699394226
human_en_062.wav,human,-238.45159912109375,100.30998992919922,110.21031951904297,64.23208618164062,10.503656387329102,39.59946060180664,33.819236755371094,28.23782730102539,19.90117645263672,28.47153663635254,-17.4317684173584,25.921926498413086,4.346854209899902,19.152860641479492,-11.212342262268066,12.895792007446289,-11.464242935180664,13.347639083862305,-8.046995162963867,12.458832740783691,-19.697580337524414,11.52839469909668,-8.456866264343262,8.834846496582031,-10.713248252868652,10.088603019714355,1334.719339579211,1063.7953616393688,1452.4956390168647,548.2876953588687,2547.7430555555557,1866.8022631285603,0.0818878658234127,0.09118363132486382,0.1333278864622116,0.08302421122789383,0.020636554807424545,0.055727601051330566
human_en_063.wav,human,-190.18777465820312,74.49262237548828,52.821502685546875,51.58629608154297,8.495535850524902,21.47701072692871,20.796152114868164,25.745290756225586,3.172114372253418,18.629634857177734,-6.806059837341309,19.37796401977539,5.766372203826904,11.888480186462402,-8.706094741821289,12.445570945739746,-11.324511528015137,13.033360481262207,-5.551779747009277,10.922408103942871,-10.631631851196289,10.516253471374512,-5.251917839050293,7.262495517730713,-7.690940856933594,8.857789039611816,2233.31735199541,1244.2698221408934,1956.034936197528,389.65546159789204,4282.366071428572,1976.6266385809588,0.20386904761904762,0.1843229275636016,0.12816019356250763,0.09559925645589828,0.1385813057422638,0.21280618011951447
human_en_064.wav,human,-220.83718872070312,115.30517578125,86.12901306152344,81.51720428466797,7.862351417541504,42.185516357421875,17.828899383544922,25.922386169433594,15.267288208007812,20.658519744873047,-8.741055488586426,21.632984161376953,-3.1907169818878174,15.368979454040527,-10.037888526916504,18.11258316040039,-12.377128601074219,9.91319465637207,-8.369088172912598,11.486549377441406,-17.32221221923828,11.29722785949707,-6.374326705932617,9.403238296508789,-9.355287551879883,10.697604179382324,1718.1410993490342,1489.3264243587448,1461.1171823078237,671.4686090872343,2985.6770833333335,2396.201436767647,0.15745132688492064,0.16367993433237826,0.12264695763587952,0.08541369438171387,0.11027434468269348,0.24968458712100983
human_en_065.wav,human,-228.60609436035156,114.11090850830078,92.9932632446289,76.27068328857422,6.999302387237549,36.01691818237305,15.893438339233398,20.51523208618164,7.127935886383057,23.628707885742188,-8.04373550415039,23.49696159362793,5.275686740875244,18.53986930847168,-12.752426147460938,19.595619201660156,-8.755528450012207,14.056918144226074,-3.648043394088745,12.139074325561523,-15.9091796875,12.702857971191406,-4.1468071937561035,11.003692626953125,-7.219988822937012,11.901780128479004,1846.5886281108133,1403.8819222036748,1585.1159865125833,529.2915001188278,3241.5054563492063,2134.944783953905,0.15179734002976192,0.16154355388214076,0.09878662973642349,0.06047099456191063,0.04089004918932915,0.07449804991483688
human_en_066.wav,human,-178.09881591796875,59.47053146362305,68.02507781982422,55.453155517578125,15.750578880310059,24.177331924438477,10.145666122436523,24.177078247070312,4.140390396118164,18.728681564331055,-4.390290260314941,16.09531021118164,-2.4315855503082275,13.22425365447998,-6.187550067901611,12.86612319946289,-11.162431716918945,10.17310905456543,-7.502639293670654,10.613081932067871,-9.385496139526367,10.565670013427734,-6.3522114753723145,6.933805465698242,-5.901258945465088,8.100482940673828,2179.951872761017,1289.5261306507393,1938.0561213173946,372.1458132926482,4081.0391865079364,1960.904085289422,0.1949521019345238,0.1773622616502775,0.09357922524213791,0.06839867681264877,0.10420339554548264,0.1726306825876236
human_en_067.wav,human,-200.9320068359375,115.80536651611328,69.99568939208984,65.08223724365234,9.183823585510254,42.600059509277344,30.703920364379883,32.89262390136719,15.949324607849121,21.305740356445312,-16.279720306396484,22.656476974487305,1.4943543672561646,18.245885848999023,-4.4105119705200195,17.974075317382812,-9.658441543579102,12.226593017578125,-6.826324462890625,11.880943298339844,-19.455570220947266,12.564193725585938,-10.153913497924805,10.515219688415527,-8.562453269958496,10.502090454101562,2012.4420497816802,1245.1773951400426,1759.7233223483695,516.9830860422362,3693.6383928571427,1981.3847433276842,0.1576140873015873,0.14222307540271098,0.13610467314720154,0.08357272297143936,0.04296629875898361,0.07667352259159088
human_en_068.wav,human,-245.58944702148438,138.45620727539062,91.25486755371094,75.48664093017578,-0.20103824138641357,45.91543197631836,9.457829475402832,31.940166473388672,-2.349179983139038,28.449174880981445,-18.245670318603516,19.600872039794922,8.304174423217773,17.63376808166504,-4.006202220916748,18.660314559936523,-6.297710418701172,15.194596290588379,2.511141538619995,13.487492561340332,-16.375709533691406,11.14096450805664,-7.718952655792236,10.330000877380371,-4.755502700805664,10.354480743408203,1820.0921883133506,1292.246397892706,1548.781156111894,513.5260575106091,3167.3487103174602,2061.2718508248854,0.14488389756944445,0.13446966688491252,0.08956722915172577,0.06754758208990097,0.040388479828834534,0.07749421894550323
human_en_069.wav,human,-198.87579345703125,74.92365264892578,54.93637466430664,49.425506591796875,11.3038969039917,27.162921905517578,18.11856460571289,26.586637496948242,8.94677448272705,17.93256187438965,-6.094973087310791,16.974891662597656,-1.653854250907898,10.55213451385498,-8.499151229858398,12.528401374816895,-9.478657722473145,11.568374633789062,-4.077966690063477,12.798135757446289,-11.684662818908691,11.348837852478027,-7.4025750160217285,7.883933067321777,-6.215063095092773,7.816402435302734,2416.579863899048,1264.2150981873503,2023.3302364279389,394.1036214812219,4595.486111111111,1926.7859147722245,0.21622721354166666,0.19102289620184518,0.08684694766998291,0.07575495541095734,0.16410067677497864,0.22250156104564667
human_en_070.wav,human,-261.72076416015625,123.39286041259766,105.68515014648438,69.64862823486328,4.807435989379883,39.44919967651367,15.041990280151367,32.52409744262695,10.300580024719238,27.850622177124023,-17.15355682373047,23.092815399169922,3.2005512714385986,17.18022918701172,-8.268449783325195,19.455413818359375,-5.877607822418213,10.932498931884766,-4.620044231414795,13.741244316101074,-13.33143424987793,11.400335311889648,-6.413848876953125,9.51922607421875,-7.962261199951172,10.793086051940918,1618.7241597832265,1223.4619413190621,1564.0176733503038,605.5469612973291,3006.0763888888887,2121.7669260863654,0.11025855654761904,0.11516260660968745,0.080360546708107,0.06248273327946663,0.031074101105332375,0.06882305443286896
human_en_071.wav,human,-269.6872253417969,117.38018798828125,91.82868194580078,67.8694839477539,9.414950370788574,37.344547271728516,27.722944259643555,31.26157569885254,12.136194229125977,25.31462860107422,-17.837202072143555,23.174081802368164,4.322116851806641,15.666749000549316,-7.551591396331787,16.129243850708008,-7.255031108856201,13.20670223236084,-5.579519748687744,12.080180168151855,-19.717275619506836,13.199081420898438,-6.117582321166992,10.261666297912598,-10.752690315246582,10.80421257019043,1604.7730282563002,1179.7925786284643,1593.7880624684783,524.6540034884433,3029.2038690476193,2007.0867000830974,0.10735212053571429,0.11866439490872562,0.08620061725378036,0.06071871891617775,0.0324941985309124,0.06715430319309235
human_en_072.wav,human,-171.65476989746094,69.88436889648438,67.28910827636719,45.91908645629883,9.090323448181152,31.322938919067383,6.236757755279541,25.6783504486084,-17.557374954223633,19.45658302307129,-17.42864418029785,13.715877532958984,-12.787792205810547,15.319169998168945,-10.731916427612305,14.854252815246582,-5.206703186035156,11.496711730957031,-13.255955696105957,10.630959510803223,-7.81477165222168,8.838408470153809,-2.33567476272583,10.900829315185547,6.385737895965576,9.693938255310059,2186.888829119491,1271.7542012481968,1866.781522630931,412.73377374684173,4035.218253968254,1962.158362468834,0.23571971106150794,0.17883123814074015,0.12872304022312164,0.09665971994400024,0.0895070880651474,0.15302053093910217
human_en_073.wav,human,-299.51361083984375,113.14356994628906,55.16419219970703,50.24324035644531,36.36815643310547,28.921188354492188,19.362213134765625,26.613557815551758,-8.550344467163086,25.845703125,-7.713921546936035,21.773128509521484,4.889328479766846,14.511367797851562,-6.900564670562744,17.765945434570312,-2.9268345832824707,12.5584135055542,-12.047857284545898,16.620946884155273,1.6178131103515625,9.033767700195312,-2.851837158203125,14.357222557067871,8.734487533569336,7.407972812652588,2383.7369506806376,1556.566747299367,1994.1808046079254,454.4219277428255,4484.747023809524,1985.9776331734827,0.21023995535714285,0.2084456497843898,0.08761737495660782,0.10860144346952438,0.04076476767659187,0.05812357738614082
human_en_074.wav,human,-228.57904052734375,104.97771453857422,136.08961486816406,45.61528778076172,3.9272830486297607,42.087215423583984,17.20273780822754,31.044912338256836,-23.4233455657959,28.73932456970215,-14.81218433380127,20.33491325378418,-3.7913196086883545,15.420524597167969,-12.942193031311035,16.037837982177734,2.4028072357177734,11.879921913146973,-16.75916290283203,14.53022289276123,-0.10376810282468796,11.08484172821045,-3.3596930503845215,13.122471809387207,8.029449462890625,11.309871673583984,1100.9652787403768,454.2889210391218,1266.51730325655,418.94653085268016,2050.78125,1099.0745846250948,0.06722005208333333,0.02875540777911389,0.13571931421756744,0.10486127436161041,0.010505883023142815,0.03257379308342934
human_en_075.wav,human,-199.103271484375,70.84488677978516,60.430747985839844,35.193111419677734,20.359594345092773,25.003786087036133,15.226980209350586,21.696041107177734,-16.151826858520508,23.11052894592285,-10.940850257873535,15.960628509521484,-9.897929191589355,12.305018424987793,-9.052688598632812,12.851394653320312,-8.063161849975586,11.929319381713867,-9.829174995422363,11.188804626464844,-3.6235899925231934,9.686165809631348,-3.722656011581421,8.6331787109375,5.656783103942871,6.839809894561768,2255.8930562129867,1009.1962294125883,2052.5902187969346,414.50192705546465,4557.601686507936,1808.5366958412121,0.21919177827380953,0.1366298454440932,0.10238022357225418,0.09195231646299362,0.13849231600761414,0.17778776586055756
human_en_076.wav,human,-212.45399475097656,84.53107452392578,80.48816680908203,51.47037124633789,12.9552583694458,44.19352722167969,40.86616897583008,28.673696517944336,-23.537124633789062,26.831623077392578,-18.622600555419922,17.605546951293945,-9.585835456848145,15.220564842224121,-13.702845573425293,13.956613540649414,-1.2732598781585693,14.007721900939941,-14.1013765335083,11.23142147064209,-5.939250469207764,11.803231239318848,-9.150947570800781,14.727031707763672,11.668071746826172,8.844234466552734,1912.4678730056628,1071.4446329864504,1713.3944595338507,507.0040106767231,3711.9915674603176,1803.5147750940973,0.1629580543154762,0.12821988626734349,0.1044936329126358,0.07675657421350479,0.04145360365509987,0.06607244908809662
human_en_077.wav,human,-251.3031005859375,100.5831069946289,102.37864685058594,54.22101593017578,15.632187843322754,40.91563034057617,26.961889266967773,29.43514633178711,-16.006290435791016,27.449613571166992,-6.724555015563965,18.528669357299805,-7.752044200897217,14.612545013427734,-12.807646751403809,16.95210075378418,1.9088139533996582,14.020971298217773,-17.49060821533203,15.964360237121582,-2.9150495529174805,9.779993057250977,0.5067079663276672,11.545571327209473,6.573641300201416,10.005995750427246,1710.357425427531,1169.1785313490373,1621.1362150263249,549.8381762706645,3233.3209325396824,1957.0781801727053,0.1290961371527778,0.1344452972583978,0.08396368473768234,0.0756714716553688,0.03811449930071831,0.06921789050102234
human_en_078.wav,human,-203.12591552734375,64.7347640991211,54.909515380859375,42.937068939208984,15.855956077575684,25.80841827392578,6.583878993988037,19.40757942199707,-7.876704216003418,22.884788513183594,-9.799262046813965,14.899735450744629,-5.073766231536865,13.859055519104004,1.8975774049758911,11.83364200592041,6.126197338104248,9.227530479431152,-6.670522212982178,11.62501335144043,-3.55027437210083,9.724555015563965,-1.6331512928009033,10.605635643005371,-0.05995384231209755,12.102569580078125,2445.846571502133,1252.9670728103915,2045.8492241378508,504.70068149131544,4487.785218253968,2326.6327845446644,0.20872860863095238,0.1346726250692405,0.11632268875837326,0.11460969597101212,0.12568406760692596,0.1384562849998474
human_en_079.wav,human,-217.42477416992188,90.37525939941406,123.9883804321289,37.74447250366211,4.4319257736206055,43.2735710144043,26.981550216674805,30.14834976196289,-31.77058219909668,32.96016311645508,-21.59182357788086,18.84891700744629,-21.53403091430664,18.86992073059082,-9.958744049072266,10.936976432800293,11.705461502075195,12.842637062072754,-22.957395553588867,14.193347930908203,2.846665620803833,12.106090545654297,-12.372624397277832,13.055929183959961,-9.004925727844238,11.169831275939941,1261.6527684648297,829.2903071531698,1324.6667216862145,446.2715370918846,2259.3005952380954,1554.1775861896633,0.08509657118055555,0.07340112340837814,0.14587220549583435,0.09868012368679047,0.01578250713646412,0.053901415318250656
human_en_080.wav,human,-158.6224365234375,64.41496276855469,131.07591247558594,49.570438385009766,-5.489816665649414,53.08793640136719,16.573200225830078,23.53430938720703,-16.44736671447754,21.198192596435547,-24.233394622802734,18.05689811706543,-23.71470832824707,19.952911376953125,-9.61008358001709,11.706157684326172,8.621736526489258,18.997760772705078,-22.887487411499023,12.355850219726562,-6.1779561042785645,9.638916969299316,-4.942965507507324,12.020048141479492,-9.443666458129883,11.302424430847168,1385.920417835668,979.7980097036755,1331.4893578209285,543.9838333658212,2442.4603174603176,1742.6939135081273,0.13323877728174602,0.12445293763731873,0.17397598922252655,0.07642943412065506,0.017896773293614388,0.050363924354314804
human_en_081.wav,human,-173.05906677246094,59.00747299194336,73.76683044433594,39.79182434082031,20.527956008911133,24.42167091369629,15.369705200195312,21.25007438659668,-15.139524459838867,24.37152099609375,-24.831403732299805,17.761398315429688,-22.751211166381836,17.209135055541992,-4.994994163513184,11.988462448120117,2.5073280334472656,10.567340850830078,-13.006545066833496,9.953996658325195,-2.930209159851074,9.526731491088867,-5.295149326324463,9.662514686584473,-7.225193977355957,8.1000394821167,2027.6921081872715,1140.7790046416171,1898.4565177870982,443.448878512942,3914.496527777778,1967.2247280210001,0.2109801277281746,0.15358914761871065,0.12107427418231964,0.07934370636940002,0.07296643406152725,0.1233164519071579
human_en_082.wav,human,-227.97962951660156,82.55609893798828,105.5376968383789,38.66889953613281,16.305252075195312,39.28097152709961,31.884384155273438,32.114654541015625,-31.627004623413086,26.41329002380371,-26.555435180664062,20.051454544067383,-24.694856643676758,15.060494422912598,-4.446059226989746,14.71696949005127,7.340281963348389,14.22757339477539,-18.18145179748535,9.666077613830566,-0.2087797224521637,12.231807708740234,-13.131183624267578,12.260407447814941,-8.710477828979492,8.00127124786377,1262.5422138279303,586.4698399485487,1368.2259030763475,399.20054401611895,2397.879464285714,1340.3499641603914,0.0855926029265873,0.04851399712906245,0.12372495234012604,0.0993996411561966,0.008974199183285236,0.022043274715542793
human_en_083.wav,human,-249.45872497558594,91.95230865478516,97.31857299804688,50.6611328125,20.18617057800293,44.18076705932617,24.65165901184082,26.43238067626953,-17.013147354125977,27.740283966064453,-19.932140350341797,17.653194427490234,-15.479059219360352,17.915163040161133,-7.122983932495117,16.684215545654297,7.510977745056152,14.469232559204102,-16.562335968017578,12.620930671691895,-1.8396672010421753,11.685806274414062,-4.075290203094482,13.738399505615234,-9.265460968017578,11.439851760864258,1751.5409899026831,1239.854839805819,1658.110528436907,572.0302169460984,3333.2093253968255,2041.9511970000412,0.1641632564484127,0.14768219083390954,0.09724842011928558,0.07788041234016418,0.024027425795793533,0.04268882796168327
human_en_084.wav,human,-199.9311065673828,87.01655578613281,50.578338623046875,41.352386474609375,17.69802474975586,29.689329147338867,24.02977752685547,26.278797149658203,-0.5258686542510986,15.827412605285645,-8.369175910949707,18.117441177368164,-5.197412014007568,16.86504554748535,-5.476680278778076,12.458527565002441,2.914632797241211,10.222947120666504,-2.8900344371795654,7.935413360595703,-4.502305507659912,10.504781723022461,-0.9850834608078003,8.20838737487793,-1.3429046869277954,7.974139213562012,2583.2666531431955,1041.535844394922,2114.5819320685073,397.06122582255733,4941.096230158731,1817.0360213490908,0.2533094618055556,0.13952979758931217,0.07941097021102905,0.0784916803240776,0.1910172998905182,0.20764189958572388
human_en_085.wav,human,-139.263427734375,61.977210998535156,89.2884292602539,46.224910736083984,10.08887004852295,42.82794952392578,18.661203384399414,26.148773193359375,-15.605329513549805,18.45281982421875,-17.73080062866211,14.854515075683594,-13.458121299743652,15.859321594238281,-16.20310401916504,15.536520004272461,11.932879447937012,10.832284927368164,-17.319398880004883,10.481948852539062,-3.5647616386413574,12.490839004516602,-0.29931962490081787,10.116212844848633,-3.8666067123413086,8.587959289550781,1956.4668700277052,1158.50443483877,1786.8532023946273,537.0741807843052,3735.4290674603176,1899.8807388582309,0.17936585441468253,0.1427613007609722,0.16446661949157715,0.08549859374761581,0.04391549155116081,0.07158295065164566
human_en_086.wav,human,-229.50045776367188,108.62418365478516,99.18201446533203,59.54664993286133,-1.0350855588912964,42.83762741088867,42.99350357055664,28.575214385986328,-25.025405883789062,29.267696380615234,-19.166584014892578,18.48616600036621,-9.332643508911133,21.239971160888672,-7.233335494995117,16.86948585510254,16.144508361816406,13.017068862915039,-13.990012168884277,12.712747573852539,-4.665088176727295,10.889348030090332,1.1424312591552734,14.764248847961426,-5.224976539611816,7.63699197769165,1548.44182939864,822.9041178029154,1438.6662603213379,416.35841216106724,2957.03125,1349.694908154649,0.11719912574404762,0.09252291045621432,0.11787697672843933,0.08337142318487167,0.01721341721713543,0.0309559628367424
human_en_087.wav,human,-161.1859588623047,59.69265365600586,78.92794036865234,29.365333557128906,13.093221664428711,30.179790496826172,29.10640525817871,25.886735916137695,-19.694076538085938,22.267654418945312,-23.699037551879883,17.538288116455078,-10.100139617919922,11.3287992477417,-9.252991676330566,14.555275917053223,-2.6975719928741455,14.284605979919434,-10.191625595092773,7.320192337036133,-8.861578941345215,7.9435811042785645,-9.417854309082031,9.730748176574707,-8.053767204284668,7.591870307922363,1696.569104982163,685.9263372359317,1790.1632196705218,347.57613888458815,3486.6071428571427,1323.0564820627446,0.14642624627976192,0.09097041904989164,0.14150474965572357,0.09924306720495224,0.04229721799492836,0.08765776455402374
human_en_088.wav,human,-226.68333435058594,84.01071166992188,84.61264038085938,47.23135757446289,20.085147857666016,40.56264877319336,43.26261901855469,31.41973114013672,-20.041641235351562,26.970579147338867,-18.490285873413086,17.785524368286133,-13.600631713867188,21.282278060913086,-7.70253849029541,17.35318946838379,7.546422958374023,13.282333374023438,-24.577804565429688,14.247469902038574,1.6472784280776978,11.990249633789062,-0.5531355738639832,13.615961074829102,-8.671536445617676,6.915606498718262,1732.4488890366104,1227.6656922764353,1633.6960747384298,467.34783870231195,3336.9915674603176,1715.5036625195903,0.13582744295634921,0.158892173054448,0.13894304633140564,0.09666170179843903,0.020316289737820625,0.03883823752403259
human_en_089.wav,human,-226.17523193359375,106.48119354248047,111.3101806640625,47.13552474975586,10.68730354309082,37.82757568359375,30.383071899414062,32.42731857299805,-23.994461059570312,25.842121124267578,-22.6683406829834,16.535219192504883,-17.067752838134766,18.968637466430664,-6.858047962188721,11.654629707336426,11.72443675994873,11.064361572265625,-17.50314712524414,13.470290184020996,0.7617857456207275,9.762489318847656,-5.249999046325684,12.494185447692871,-7.511794567108154,8.14336109161377,1582.1739723466728,1142.5964659761678,1541.7285975927125,550.0577647116494,3040.8606150793653,1933.0225809589474,0.11299448164682539,0.12554679244659875,0.11956937611103058,0.11125125735998154,0.025381043553352356,0.052284643054008484
human_en_090.wav,human,-190.4653778076172,76.33234405517578,62.76089096069336,51.032230377197266,6.310172080993652,26.92700958251953,4.6628241539001465,25.479467391967773,2.61342191696167,15.84292984008789,0.7810267806053162,13.695100784301758,-6.47249698638916,12.896251678466797,0.33138057589530945,12.298569679260254,-7.957958221435547,10.25669002532959,-14.364081382751465,11.163561820983887,-6.508931636810303,8.809625625610352,-2.9032175540924072,7.371695518493652,5.113842487335205,8.085476875305176,2297.5106976518737,1199.808300169721,1916.0757480839789,416.6703082623753,4225.384424603175,1963.2100903263367,0.22061011904761904,0.1652086804088656,0.09910932928323746,0.08299542218446732,0.1463114470243454,0.21286170184612274
human_en_091.wav,human,-255.53602600097656,131.79649353027344,85.51937103271484,50.657440185546875,9.426128387451172,38.29155731201172,31.797605514526367,32.6524543762207,-1.2090615034103394,25.041011810302734,-7.231832027435303,17.657257080078125,-9.751461029052734,16.22117805480957,-6.803757190704346,13.649474143981934,-3.3282570838928223,14.617219924926758,-21.410581588745117,12.400108337402344,-5.303535461425781,10.529888153076172,-5.467949867248535,10.667424201965332,4.703909397125244,7.7644243240356445,1457.2241518496471,958.9085687183051,1500.882646811256,565.3925766479601,2819.4444444444443,1720.991735172235,0.10661194816468254,0.1093530293358099,0.0977170541882515,0.0701274424791336,0.07678829878568649,0.24264827370643616
human_en_092.wav,human,-241.4228973388672,154.44325256347656,65.2457046508789,72.04167175292969,7.431266784667969,41.78532028198242,20.500696182250977,24.24905014038086,3.1137282848358154,25.415714263916016,-2.8239195346832275,18.776737213134766,-14.338335037231445,17.56847381591797,0.6711865663528442,14.158013343811035,0.7450891733169556,8.874298095703125,-17.74518585205078,14.807242393493652,-0.5675609111785889,9.706449508666992,-1.596920371055603,10.474017143249512,1.6312912702560425,7.244420051574707,1804.5664005898225,1613.8910788048456,1343.5440247516187,700.2963470271862,3002.2321428571427,2240.105805167318,0.15808299231150794,0.18640934336860712,0.10591628402471542,0.09828045219182968,0.1813652515411377,0.3491052985191345
human_en_093.wav,human,-146.17001342773438,51.62602233886719,61.65580368041992,49.866371154785156,2.5993120670318604,29.429649353027344,3.703465700149536,25.575546264648438,-18.28742218017578,20.335411071777344,-1.4577975273132324,10.930200576782227,-14.387650489807129,14.413403511047363,-12.803439140319824,9.727829933166504,-9.27729606628418,9.723053932189941,-19.775388717651367,10.856878280639648,3.212352991104126,10.951299667358398,-6.584886074066162,10.429506301879883,2.543555498123169,8.475030899047852,1897.912619700194,934.1629167735352,1761.8062361606503,311.956933115128,3533.6681547619046,1553.8015767576442,0.1502627418154762,0.12767264496044675,0.16677981615066528,0.08007904887199402,0.0389627069234848,0.08196339011192322
human_en_094.wav,human,-228.0567169189453,100.25381469726562,82.07120513916016,56.832061767578125,4.148099899291992,38.248329162597656,15.457953453063965,26.732786178588867,0.7171005010604858,29.500322341918945,-0.5042370557785034,18.69637107849121,-30.775028228759766,17.147836685180664,-3.0168440341949463,14.762242317199707,-2.569157123565674,11.815709114074707,-24.505170822143555,13.816742897033691,-2.7274675369262695,11.311850547790527,-1.5871587991714478,12.233246803283691,2.141603946685791,8.032711029052734,1897.9060292009592,1211.5694516016003,1650.7092730556512,429.5892336422273,3478.3606150793653,1820.2228615296226,0.1631866939484127,0.1467674636938802,0.0912000983953476,0.055081430822610855,0.026185424998402596,0.043788351118564606
human_en_095.wav,human,-181.18858337402344,76.15199279785156,79.55673217773438,64.459716796875,12.331079483032227,33.347007751464844,37.136558532714844,38.59596633911133,4.34878396987915,20.250791549682617,-2.90255069732666,23.87677001953125,-22.956762313842773,11.492403030395508,-14.91257381439209,12.701461791992188,-10.623641014099121,15.440902709960938,-21.184303283691406,12.389726638793945,-4.9549431800842285,8.801979064941406,-5.40856409072876,10.907156944274902,2.9393181800842285,9.506218910217285,1757.6964316688398,937.5576692836793,1672.0283341420818,447.5655505420264,3454.9231150793653,1655.7548192294223,0.1363312251984127,0.10072274451311808,0.139051154255867,0.07259340584278107,0.026051538065075874,0.04259378835558891
human_en_096.wav,human,-171.1092529296875,76.83287048339844,52.25396728515625,40.64152526855469,-3.2290122509002686,33.890689849853516,20.985681533813477,26.14352035522461,6.608240604400635,16.42348861694336,-1.73480224609375,16.076505661010742,-14.479233741760254,16.43996238708496,-4.095331192016602,11.642972946166992,-6.912961959838867,11.862533569335938,-18.707387924194336,12.917505264282227,-4.813216686248779,7.785588264465332,-3.741389036178589,9.053720474243164,2.262193202972412,7.105775356292725,2333.85108906761,1094.056123943928,1899.6333330241675,370.8661584967411,4358.75496031746,1644.8643154852753,0.22471400669642858,0.1462343192572088,0.10611061006784439,0.06927300244569778,0.11427018791437149,0.16658291220664978
human_en_097.wav,human,-196.95814514160156,122.38191986083984,81.39691162109375,68.69818115234375,-8.46358585357666,44.71240997314453,24.980554580688477,33.086368560791016,-3.130944013595581,26.027109146118164,-0.7149497270584106,16.058313369750977,-14.228479385375977,18.711416244506836,-10.006052017211914,13.556183815002441,-6.1248698234558105,10.266647338867188,-22.607330322265625,12.61885929107666,-0.21134702861309052,8.764325141906738,-4.4874796867370605,13.15730094909668,-0.4437287449836731,8.879833221435547,1789.4222592370616,1366.579416005995,1420.5227110056812,582.9585797259913,3101.500496031746,1955.6473038712504,0.16422138516865079,0.16845027840360718,0.10713779926300049,0.07001058012247086,0.09957955032587051,0.2542775273323059
human_en_098.wav,human,-210.80772399902344,119.46174621582031,62.125640869140625,67.7339859008789,1.0414679050445557,44.19743347167969,23.631044387817383,32.11984634399414,-6.559462547302246,33.6253776550293,6.588010787963867,18.50412940979004,-18.53166961669922,20.869001388549805,-3.3787665367126465,15.566032409667969,1.3597239255905151,13.088868141174316,-22.674041748046875,14.486525535583496,-0.8983668088912964,9.739581108093262,-0.054907988756895065,12.462700843811035,5.127106189727783,10.295445442199707,2232.488880567454,1451.1918014609466,1641.6960362473278,373.8530917309696,3955.7911706349205,1715.4818661408822,0.1955837673611111,0.1878651243345105,0.11369673162698746,0.08185983449220657,0.03201199322938919,0.04837388917803764
human_en_099.wav,human,-188.976806640625,70.459228515625,51.97526931762695,40.76506423950195,5.4447550773620605,31.29942512512207,19.6787052154541,25.779083251953125,5.630747318267822,19.003116607666016,0.2591168284416199,16.436054229736328,-11.36257266998291,15.233613014221191,-8.376799583435059,11.513928413391113,-8.338862419128418,11.325865745544434,-15.565675735473633,12.194853782653809,-6.120724678039551,8.255757331848145,-1.7259749174118042,8.801173210144043,1.6422175168991089,5.80463171005249,2386.541477286264,995.7752732785677,2005.3547122421144,377.45141572664943,4618.613591269841,1598.02539650332,0.22286551339285715,0.1291528472974807,0.08127661049365997,0.0681740865111351,0.123481385409832,0.16895617544651031
human_en_100.wav,human,-200.41726684570312,114.11554718017578,86.54899597167969,42.342647552490234,-9.690389633178711,37.294559478759766,27.474727630615234,30.31316566467285,2.6152589321136475,25.564842224121094,-6.039125442504883,19.811866760253906,-10.776601791381836,18.97658920288086,-1.9882853031158447,16.1268310546875,-3.495307445526123,13.277647018432617,-18.078832626342773,12.422630310058594,5.217392444610596,8.582939147949219,-8.957348823547363,11.777024269104004,6.201979637145996,9.846257209777832,1546.9526794780159,693.9688410305373,1534.3422289736088,385.81460404054354,2875.7440476190477,1291.9026959231173,0.10008215525793651,0.07396804000095376,0.17369027435779572,0.12684577703475952,0.015149394050240517,0.03459294140338898
human_en_101.wav,human,-216.79881286621094,121.32106018066406,56.00229263305664,58.64337158203125,12.778116226196289,35.75265121459961,48.24352264404297,27.05251693725586,2.365119457244873,21.931846618652344,-3.054727792739868,19.877059936523438,-14.33259105682373,16.612661361694336,2.1912972927093506,14.799528121948242,-5.099652290344238,13.736802101135254,-15.966083526611328,12.710728645324707,0.20076274871826172,9.984655380249023,-5.623055458068848,14.64580249786377,9.412877082824707,11.178550720214844,2164.84388685934,1112.467230297648,1773.086719999093,401.2244791119764,4072.3586309523807,1556.1319821058876,0.16471354166666666,0.13133692324727173,0.09825406968593597,0.07822132855653763,0.04004285857081413,0.05327687785029411
human_en_102.wav,human,-171.64768981933594,79.97998809814453,44.57281494140625,64.88561248779297,7.150847434997559,28.876392364501953,17.5282039642334,24.685504913330078,11.54116153717041,19.291706085205078,-3.286151885986328,16.115360260009766,-17.987564086914062,21.44545555114746,-3.830780029296875,13.384764671325684,-0.9309517741203308,11.839082717895508,-16.389787673950195,13.855426788330078,-4.159186363220215,9.437298774719238,0.9076820015907288,8.265896797180176,3.633143663406372,5.9462456703186035,2690.9250048536283,1455.7620336302825,1870.575842468529,404.73260619285827,4579.923115079365,2009.677100231554,0.2816724020337302,0.19414669190202247,0.1165032610297203,0.09670884907245636,0.14105795323848724,0.195505291223526
human_en_103.wav,human,-178.0930938720703,97.22669219970703,62.56193161010742,67.31511688232422,10.5235595703125,36.293357849121094,38.43589782714844,29.607789993286133,-1.1618398427963257,25.570068359375,-8.414823532104492,18.544086456298828,-18.051298141479492,16.813640594482422,0.26960140466690063,12.828636169433594,-10.471013069152832,13.662154197692871,-22.264558792114258,12.376727104187012,-1.4341967105865479,10.375260353088379,-8.16100788116455,11.484128952026367,8.772623062133789,10.595006942749023,2215.9385407707796,1457.692648432367,1686.286510462566,422.34661048134035,3860.3050595238096,1963.8055211694568,0.18998790922619047,0.1703530775962892,0.13482670485973358,0.07797306776046753,0.03784273937344551,0.05624283105134964
human_en_104.wav,human,-242.18345642089844,96.04335021972656,78.02705383300781,60.90842056274414,-0.12975874543190002,43.98037338256836,20.109237670898438,30.37078857421875,7.181117534637451,24.640331268310547,3.408823251724243,18.746267318725586,-23.595317840576172,15.731826782226562,-0.481391578912735,16.327760696411133,-3.6851444244384766,12.747907638549805,-23.81366729736328,11.15490436553955,-0.21398432552814484,10.481851577758789,-1.563180685043335,10.988675117492676,4.4753594398498535,8.549073219299316,2059.162738656746,1308.813217240093,1609.9111680372287,453.9468465472341,3544.6428571428573,1897.0307535858942,0.1967347160218254,0.147518952406989,0.07725586742162704,0.05856673792004585,0.03938927873969078,0.059030357748270035
human_en_105.wav,human,-148.35220336914062,79.10441589355469,65.53504943847656,38.28575134277344,3.188906669616699,43.445098876953125,17.525920867919922,26.562673568725586,-4.878425121307373,22.148977279663086,-9.23557186126709,13.021749496459961,-11.705769538879395,11.743890762329102,-6.972352504730225,12.965797424316406,-16.38993263244629,12.542028427124023,-14.915398597717285,10.921611785888672,-1.358508586883545,10.637320518493652,-12.236411094665527,10.477410316467285,5.609696865081787,8.177496910095215,2177.961076938407,979.0758550540759,1900.1509940019412,426.8684797079774,4187.934027777777,1597.4344621943176,0.20880611359126985,0.11956567717761703,0.13366718590259552,0.09208417683839798,0.0777679979801178,0.13179345428943634
human_en_106.wav,human,-194.0361328125,81.35684967041016,78.73892974853516,71.30117797851562,-9.937703132629395,37.041934967041016,10.071863174438477,33.37105178833008,-2.2594783306121826,30.3818416595459,-7.837335586547852,20.256336212158203,-25.6317195892334,23.695344924926758,-5.425910472869873,16.43341064453125,-4.912438869476318,11.001044273376465,-21.826271057128906,13.166047096252441,5.783687114715576,11.622289657592773,-6.535379409790039,12.001227378845215,10.96724796295166,15.024290084838867,2042.491808105044,1327.4674443304943,1579.4777796551168,480.61606380256706,3432.2296626984125,1971.4339829226233,0.17955574156746032,0.1582765631937341,0.1301712840795517,0.09384181350469589,0.04076160490512848,0.06762926280498505
human_en_107.wav,human,-220.6558837890625,108.98550415039062,67.86595153808594,63.599815368652344,-0.5573759078979492,39.139400482177734,24.77155876159668,32.50975799560547,10.137648582458496,21.28494644165039,-6.403502464294434,19.918912887573242,-21.261457443237305,18.654861450195312,-2.291457414627075,15.848648071289062,-1.5189080238342285,12.746687889099121,-23.467247009277344,14.235699653625488,0.7885354161262512,13.066007614135742,-3.768361806869507,12.958903312683105,5.059575080871582,7.397482395172119,2155.68021460521,1542.116867142903,1628.3251700354488,427.96462174583905,3743.0555555555557,1974.1083205240009,0.20326450892857142,0.20020144528985773,0.1134784147143364,0.0803886353969574,0.029293546453118324,0.051536381244659424
human_en_108.wav,human,-212.12515258789062,56.64842224121094,41.906280517578125,46.526939392089844,9.947693824768066,28.636201858520508,1.6734462976455688,28.75970458984375,-1.388656735420227,20.777624130249023,-4.713627338409424,11.027109146118164,-9.522951126098633,14.029438018798828,-6.235599040985107,11.265276908874512,-10.161852836608887,10.280489921569824,-12.198229789733887,12.027786254882812,-2.8616490364074707,9.292608261108398,-1.1915007829666138,9.91071891784668,4.695374011993408,12.10239315032959,2714.54056462129,1401.276098041607,2037.1573350827741,326.39993481186826,4839.7817460317465,1908.6660509000158,0.2898065476190476,0.205323186874776,0.0683349147439003,0.06097845733165741,0.14645074307918549,0.18774177134037018
human_en_109.wav,human,-249.334716796875,110.72797393798828,64.77120208740234,67.1753921508789,2.813896894454956,38.995487213134766,29.5576229095459,32.93104934692383,-10.462377548217773,34.61504364013672,-1.5495716333389282,21.033405303955078,-17.728620529174805,16.619203567504883,-6.271048545837402,16.793188095092773,0.7495126128196716,11.5610933303833,-24.643991470336914,14.635343551635742,-1.3494203090667725,9.963730812072754,-1.6015655994415283,13.42868423461914,4.185730934143066,6.645131587982178,2065.928627009744,1427.2324472800658,1577.4814530135943,395.3146908019048,3527.467757936508,1897.9829371325268,0.17035202752976192,0.16689390185709438,0.09848136454820633,0.07537013292312622,0.026184262707829475,0.04072076082229614
human_en_110.wav,human,-205.9761962890625,95.83182525634766,71.12327575683594,72.98397827148438,-17.636987686157227,39.514652252197266,19.389677047729492,31.424179077148438,-5.0572404861450195,32.269535064697266,1.264474630355835,24.089073181152344,-15.064269065856934,18.117048263549805,-7.088328838348389,19.979259490966797,-4.997764587402344,15.297598838806152,-24.299884796142578,12.01477336883545,-1.9136146306991577,7.392242431640625,-9.592647552490234,13.137042999267578,4.868122577667236,10.871248245239258,1866.9222921646178,1044.476892585013,1554.9386889515797,265.7983310484757,3346.0441468253966,1449.4561564372157,0.16236514136904762,0.13218155437073761,0.09150565415620804,0.06377698481082916,0.02606145292520523,0.03764050081372261
human_en_111.wav,human,-152.00111389160156,59.839210510253906,57.777645111083984,48.96610641479492,14.583072662353516,25.70194435119629,20.442779541015625,28.227916717529297,4.5092854499816895,21.03843116760254,-3.461925983428955,16.70644760131836,-14.93471908569336,15.911306381225586,-11.512218475341797,14.796040534973145,-9.39539909362793,12.61113452911377,-20.829227447509766,12.185150146484375,-6.563530445098877,7.960393905639648,-1.4311950206756592,7.580170631408691,0.6695846319198608,6.8098673820495605,2184.7309881320216,1179.2272074050943,1917.8508552338178,341.0941344603076,4102.554563492064,1765.978602339266,0.19411117311507936,0.1554362058391381,0.142757847905159,0.08787801861763,0.07547256350517273,0.13436035811901093
human_en_112.wav,human,-280.86456298828125,143.50865173339844,67.99369049072266,71.57685089111328,10.764985084533691,29.837017059326172,21.833585739135742,31.850162506103516,3.0276081562042236,21.53838539123535,-1.431448221206665,15.202105522155762,-12.263638496398926,18.536338806152344,-8.298686981201172,14.046629905700684,-4.1277079582214355,10.066400527954102,-16.58621597290039,14.364226341247559,-2.0763587951660156,9.605324745178223,-2.559973955154419,10.177509307861328,4.388493537902832,8.344535827636719,1371.2625097100383,1391.5481676784962,1193.6130623982028,754.6111896742567,2401.5376984126983,2197.3407211296535,0.11950489831349206,0.15477662235808284,0.09005209058523178,0.08936786651611328,0.24697361886501312,0.4059504270553589
human_en_113.wav,human,-200.79225158691406,97.34461975097656,73.48542022705078,65.45899963378906,-1.1337066888809204,41.81114959716797,25.087425231933594,34.72793960571289,-0.072565458714962,26.44405746459961,-5.764951229095459,17.98272705078125,-18.67325210571289,18.584396362304688,-5.422286510467529,16.790014266967773,-4.124557018280029,12.535872459411621,-24.466806411743164,14.553362846374512,-2.6605138778686523,11.393583297729492,-3.818476915359497,12.00599479675293,2.4824070930480957,11.632051467895508,2040.129676533645,1319.8608545998027,1627.5495515193293,407.3601309158462,3576.6989087301586,1834.6181621776539,0.18091982886904762,0.16869284873935114,0.10617002844810486,0.0733509361743927,0.03430613875389099,0.05654061958193779
human_en_114.wav,human,-174.01754760742188,67.65242004394531,43.97829818725586,38.808353424072266,15.043992042541504,29.394638061523438,15.603045463562012,25.07261848449707,-2.445834159851074,18.338939666748047,3.215251922607422,11.948344230651855,-14.541894912719727,13.78349781036377,-13.677166938781738,12.141073226928711,-0.8805720806121826,11.748379707336426,-5.509689807891846,9.047120094299316,-8.991005897521973,11.18468189239502,-4.784893989562988,8.476899147033691,0.7818456292152405,6.980897426605225,2407.943458056518,1229.0903660148585,2039.3432652587242,356.5164828624015,4662.140376984127,1707.5158441043723,0.2115149119543651,0.1870376234521842,0.13905571401119232,0.10009977966547012,0.10155583918094635,0.1664549857378006
human_en_115.wav,human,-163.38853454589844,50.451541900634766,78.76961517333984,44.502052307128906,13.19060230255127,33.450958251953125,10.362201690673828,30.23404884338379,-5.8511576652526855,23.99359703063965,3.407705545425415,17.72658920288086,-26.652502059936523,13.254024505615234,-20.924449920654297,12.174548149108887,2.768080472946167,11.89735221862793,-3.919327974319458,11.723782539367676,-13.066927909851074,10.865410804748535,-2.594738483428955,10.13326644897461,-2.2455532550811768,8.49634838104248,1742.3551197384793,1171.9364574728377,1734.669931008643,404.1156846800872,3352.8645833333335,1818.8644773494439,0.11817568824404762,0.13406133227561137,0.18164439499378204,0.06435126811265945,0.018549513071775436,0.04392038658261299
human_en_116.wav,human,-132.74522399902344,55.2175407409668,85.1677017211914,42.98881912231445,5.201728343963623,28.95981788635254,16.162961959838867,28.732101440429688,-8.743340492248535,18.787628173828125,1.6336861848831177,16.23524284362793,-24.162057876586914,12.632329940795898,-18.840194702148438,9.633543014526367,3.761296272277832,11.914642333984375,-3.4067091941833496,11.956960678100586,-9.618372917175293,13.378175735473633,-5.506405353546143,9.510757446289062,-2.2771964073181152,8.609269142150879,1605.5645214567328,929.4814326975824,1670.836799700721,362.2375066106577,3122.8918650793653,1549.270760762804,0.09131634424603174,0.09080141316010883,0.234788179397583,0.08617939054965973,0.017939971759915352,0.045280855149030685
human_en_117.wav,human,-138.4101104736328,41.59696578979492,46.399532318115234,39.543521881103516,16.42822265625,24.069787979125977,20.33284568786621,25.478689193725586,-11.48934268951416,18.491037368774414,-0.7142437100410461,13.99406623840332,-29.496889114379883,12.75682544708252,-21.21918487548828,13.612415313720703,0.06525247544050217,12.740116119384766,-6.826351642608643,10.693665504455566,-11.462263107299805,8.646690368652344,-1.7931420803070068,8.55099105834961,-5.272665977478027,8.738718032836914,2109.1337822485257,1078.9974870262542,1921.0686985332327,286.9239500315355,4258.184523809524,1340.208893545837,0.14520166790674602,0.14162192257989886,0.19110898673534393,0.09033352881669998,0.03664391487836838,0.06859352439641953
human_en_118.wav,human,-206.0101776123047,85.86595916748047,62.458858489990234,40.78761291503906,9.604036331176758,33.79848861694336,28.588031768798828,30.85304832458496,-6.9287333488464355,17.418066024780273,-0.8669015765190125,16.521595001220703,-25.286474227905273,13.39358901977539,-15.534479141235352,14.59508991241455,6.690946102142334,14.408340454101562,-8.220060348510742,10.399412155151367,-7.274885177612305,9.574838638305664,-2.696120262145996,10.612276077270508,-5.180238723754883,10.444714546203613,1909.1645853594302,1029.0488203884818,1800.4132743048901,300.3561054126368,3778.9558531746034,1385.6743557131551,0.11585441468253968,0.11454867235395845,0.1302870661020279,0.0904485434293747,0.02957562357187271,0.051704756915569305
human_en_119.wav,human,-170.60110473632812,109.91620635986328,64.30015563964844,48.82636642456055,12.199090003967285,36.85024642944336,12.549407005310059,32.637840270996094,-5.364930629730225,19.327810287475586,7.513851642608643,12.584080696105957,-26.634077072143555,17.408016204833984,-11.914036750793457,15.342025756835938,2.2480363845825195,11.750509262084961,-3.658360242843628,9.752527236938477,-4.990090847015381,8.97296142578125,-3.0023033618927,10.085609436035156,-2.524731397628784,8.538138389587402,2010.8708227314432,1310.6585292712589,1748.9369516805928,388.51707433930585,3709.0153769841268,1769.0378695730453,0.13375418526785715,0.1470129375839612,0.19499175250530243,0.1165497750043869,0.04755275696516037,0.13494296371936798
human_en_120.wav,human,-158.29261779785156,52.93097686767578,42.20952224731445,35.272377014160156,19.304912567138672,23.261566162109375,16.17438316345215,25.430255889892578,-5.23502779006958,19.49129295349121,2.041860342025757,13.805140495300293,-24.964014053344727,15.689543724060059,-18.40303611755371,14.89978313446045,-3.050527572631836,10.571842193603516,-7.989477157592773,9.119054794311523,-6.109487056732178,9.830191612243652,-6.482699871063232,7.007505416870117,-1.8775057792663574,8.669747352600098,2248.1664539249155,1221.482743898506,2000.6384803449998,304.33358982120166,4493.489583333333,1625.0914383757663,0.16833689856150794,0.1687783444141101,0.1925704926252365,0.11637505143880844,0.05351671203970909,0.10650008171796799
human_en_121.wav,human,-200.01785278320312,132.87164306640625,57.805702209472656,58.653499603271484,12.55378246307373,31.54796600341797,17.94518280029297,33.64617156982422,-11.511220932006836,25.091583251953125,2.1663482189178467,14.926690101623535,-23.781192779541016,14.432625770568848,-16.340354919433594,13.601386070251465,-1.6600019931793213,15.527563095092773,-4.49337100982666,10.142374992370605,-6.363275051116943,11.041263580322266,-4.344644546508789,8.071662902832031,0.9780622720718384,6.744039535522461,1804.8837323908708,1229.5445495391264,1610.097603089142,685.9150358421336,3329.7991071428573,2127.4811282195906,0.12859235491071427,0.12073973277130737,0.1574217975139618,0.09139186888933182,0.13532669842243195,0.29512229561805725
human_en_122.wav,human,-147.20948791503906,66.18830108642578,54.642147064208984,48.081451416015625,15.333388328552246,31.81575584411621,26.72574806213379,25.21475601196289,-6.3133931159973145,21.671096801757812,-2.3928682804107666,15.69707202911377,-29.932287216186523,13.187907218933105,-10.296306610107422,12.447423934936523,3.7096714973449707,12.432621002197266,-5.979022979736328,9.911149024963379,-6.759662628173828,9.31898021697998,2.431340456008911,10.70507526397705,-2.71010684967041,10.915860176086426,2247.278468903224,1277.2438036498131,1866.0918837903637,395.4931704529512,4269.779265873016,1688.119548906917,0.16446940104166666,0.1492693006165349,0.1576351821422577,0.08106778562068939,0.04690512642264366,0.07609092444181442
human_en_123.wav,human,-132.74871826171875,52.31394577026367,60.590423583984375,39.1395149230957,17.79302215576172,29.57017707824707,19.27181625366211,30.515186309814453,-1.9380133152008057,16.998342514038086,1.2020387649536133,16.04615592956543,-21.938743591308594,13.720063209533691,-14.739150047302246,12.844398498535156,6.673174858093262,13.138644218444824,-5.490451335906982,9.757143020629883,-7.832287788391113,8.813971519470215,-2.291531562805176,9.143963813781738,-1.0944968461990356,6.492066860198975,1998.7745663411556,1016.8436222968094,1916.1894195324612,270.6025571648094,3878.1622023809523,1447.7296987708157,0.12272910466269842,0.09350145924526737,0.19250231981277466,0.08421561866998672,0.035771142691373825,0.06368831545114517
human_en_124.wav,human,-155.62718200683594,57.56966781616211,66.77330017089844,41.364959716796875,20.35529136657715,29.473878860473633,23.720809936523438,33.82383728027344,-5.9516682624816895,22.215293884277344,-1.2570827007293701,15.607707977294922,-25.966642379760742,15.922638893127441,-20.963363647460938,12.573629379272461,-0.023410607129335403,11.90966796875,-2.9796640872955322,9.78049087524414,-6.414852619171143,9.876444816589355,-4.020026206970215,9.60932731628418,4.159348964691162,9.489994049072266,1801.1250954332183,1039.2637976516235,1817.5839118018864,397.9533236021893,3563.8640873015875,1797.9756591063874,0.1250426277281746,0.11880096163998345,0.21867556869983673,0.08117886632680893,0.02704198658466339,0.06132558360695839
human_en_125.wav,human,-179.64907836914062,64.74967193603516,61.415802001953125,41.64688491821289,13.040157318115234,34.22789764404297,13.53757381439209,30.608009338378906,-5.509761333465576,23.534469604492188,-6.081654071807861,20.19530487060547,-28.86454200744629,16.404956817626953,-17.186927795410156,13.291731834411621,2.578906536102295,12.197654724121094,-11.289555549621582,11.088634490966797,-6.215826034545898,12.155889511108398,-6.056563854217529,8.944520950317383,-1.2444078922271729,6.822168827056885,1970.5607458143154,1179.1585043485347,1883.2877262651182,420.5050201792738,3849.4543650793653,1863.3791702026808,0.14656575520833334,0.15680379365665956,0.16698579490184784,0.08023407310247421,0.030732762068510056,0.05814170837402344
human_en_126.wav,human,-151.98516845703125,54.875370025634766,34.98829650878906,37.72294235229492,23.438199996948242,29.684696197509766,28.248958587646484,20.42028045654297,4.1618452072143555,17.616445541381836,-7.933255672454834,15.391831398010254,-23.315397262573242,14.246801376342773,-8.156393051147461,16.275774002075195,2.53619647026062,11.62783145904541,-5.518568992614746,8.537578582763672,-8.820920944213867,8.637823104858398,-1.6442158222198486,7.317737102508545,-0.901823103427887,7.806941986083984,2449.270844024214,1211.1148113354056,2086.1045232109263,262.25608586541426,4812.4379960317465,1366.3388437603082,0.17277018229166666,0.14188489040958496,0.14526444673538208,0.07109396159648895,0.05669543147087097,0.09554702788591385
human_en_127.wav,human,-170.55796813964844,92.2541732788086,65.87574768066406,37.4603157043457,13.280699729919434,27.088909149169922,15.093086242675781,27.83011245727539,-5.884949684143066,16.148435592651367,5.137688636779785,18.71025276184082,-29.57152557373047,15.563520431518555,-15.897939682006836,13.228168487548828,3.7257986068725586,12.459827423095703,-3.710461139678955,9.89610767364502,-7.342600345611572,10.760053634643555,-3.640622615814209,7.665635108947754,-2.9976956844329834,8.983351707458496,1850.3598109093857,1018.5942165827067,1859.9868620036802,341.70540342155465,3811.3839285714284,1633.3448505750227,0.11127774677579365,0.11572092021359293,0.17977871000766754,0.09808546304702759,0.04313507676124573,0.11084169149398804
human_en_128.wav,human,-211.1629638671875,66.37889862060547,60.280662536621094,49.83878707885742,25.313920974731445,31.33950424194336,21.015216827392578,30.78351402282715,-3.4887073040008545,20.869277954101562,-9.321635246276855,17.200111389160156,-30.04955291748047,16.55140495300293,-13.607020378112793,13.343118667602539,-0.05836941674351692,12.5983304977417,-8.140941619873047,10.545612335205078,-1.6663438081741333,12.942010879516602,-5.490536212921143,9.333405494689941,-2.6452796459198,9.593941688537598,2020.7096467555214,1404.9995827280554,1835.691141810047,422.0028590000883,3848.214285714286,1914.0739969111887,0.13371930803571427,0.16995589932552974,0.1364772766828537,0.0841611847281456,0.02408524788916111,0.04970540851354599
human_en_129.wav,human,-156.0355224609375,44.337215423583984,50.397979736328125,50.047462463378906,20.507902145385742,22.81340217590332,19.937156677246094,28.501102447509766,-14.015941619873047,19.94367790222168,-5.793166160583496,15.708532333374023,-20.505329132080078,13.258000373840332,-13.560917854309082,13.000357627868652,-6.393945217132568,12.347901344299316,-6.277736663818359,8.97987174987793,-4.142314434051514,8.548872947692871,-2.6762192249298096,8.309303283691406,-1.7904704809188843,7.150282859802246,2111.923661685151,1084.9528894089826,1890.3092258854665,343.8993162978,4023.871527777778,1641.132558474699,0.15205310639880953,0.12563572816140076,0.1606454998254776,0.08299750834703445,0.052644308656454086,0.09691289067268372
human_en_130.wav,human,-158.91842651367188,73.5237808227539,74.1986083984375,47.5776252746582,7.155875205993652,34.97693634033203,6.750657558441162,28.406278610229492,-8.830093383789062,21.120506286621094,1.6599719524383545,17.344329833984375,-30.080751419067383,14.595804214477539,-16.9276065826416,16.32411003112793,9.836771965026855,14.749579429626465,-4.817438125610352,11.646402359008789,-7.1017045974731445,12.695615768432617,-2.1535427570343018,10.740175247192383,0.3358404338359833,8.408764839172363,1767.031332254785,1052.6273828480714,1726.5694779115602,339.00236670758494,3288.566468253968,1709.9368614217126,0.12326001364087301,0.12605612259500004,0.18172287940979004,0.08318335562944412,0.025428639724850655,0.051813285797834396
human_gu_001.wav,human,-142.11575317382812,59.933956146240234,65.1296157836914,64.77055358886719,3.0194225311279297,39.827579498291016,50.09823989868164,26.904861450195312,-5.633901119232178,12.834888458251953,0.6847233772277832,21.895084381103516,-23.94437026977539,9.07889461517334,-22.94971466064453,13.149986267089844,11.601306915283203,10.971491813659668,-10.624300003051758,9.85955810546875,-9.768770217895508,8.226329803466797,-9.573586463928223,10.0850830078125,-10.584646224975586,11.47115421295166,2160.00790591908,1164.0176702551712,1675.3638703513805,328.9258592009542,4149.367559523809,1282.4228531789356,0.17462255084325398,0.1280625562825599,0.12000850588083267,0.05100550875067711,0.04289111867547035,0.06707516312599182
human_gu_002.wav,human,-184.49061584472656,107.49063110351562,39.255435943603516,53.578208923339844,2.2882797718048096,25.295024871826172,20.975488662719727,25.686681747436523,-4.8138227462768555,13.507768630981445,-4.662082672119141,18.172672271728516,-9.591668128967285,12.3436918258667,-14.57116985321045,16.759506225585938,0.39821481704711914,9.940428733825684,-7.9433274269104,12.678438186645508,-6.472994804382324,10.04269027709961,-1.3956433534622192,7.083827972412109,-7.848685264587402,9.928021430969238,2760.1030889357653,1274.627205915019,1947.861913058464,385.77421460450034,4941.840277777777,1876.023704594539,0.28971741691468256,0.19283891338689885,0.11877619475126266,0.11078441143035889,0.24636909365653992,0.26025471091270447
human_gu_003.wav,human,-162.6377716064453,75.38246154785156,113.24857330322266,61.53646469116211,-10.567916870117188,33.99427032470703,30.68376922607422,29.831560134887695,-9.805415153503418,18.85626220703125,1.2418041229248047,16.145524978637695,-6.165373802185059,13.679059028625488,-23.00893211364746,18.05776596069336,5.689705848693848,18.23919105529785,-9.519296646118164,12.815288543701172,-8.02743911743164,10.80384635925293,-2.7653563022613525,12.564826011657715,-13.350301742553711,13.236693382263184,1429.4561241919337,931.7549242234684,1368.4966991903084,341.03897261339256,2646.0813492063494,1496.1382755821967,0.10310484871031746,0.09526168124990096,0.1474028080701828,0.06051717326045036,0.020529529079794884,0.04752539470791817
human_gu_004.wav,human,-112.8880844116211,52.58207702636719,92.94810485839844,59.80715560913086,-4.659786224365234,38.41023254394531,40.495086669921875,29.46331214904785,-9.624223709106445,22.051342010498047,0.6220337152481079,19.126951217651367,-12.428293228149414,17.369304656982422,-28.127761840820312,15.316801071166992,1.0136626958847046,15.078832626342773,-15.616016387939453,12.201687812805176,-9.417070388793945,13.827384948730469,-5.073984622955322,10.345708847045898,-16.759078979492188,13.253721237182617,1596.061789746144,904.1088444686501,1512.749066375631,408.2991595191246,3127.6661706349205,1464.6811790404377,0.10505409846230158,0.08407721850116989,0.2215479463338852,0.06231975927948952,0.016458850353956223,0.03423119708895683
human_gu_005.wav,human,-128.8577117919922,84.95831298828125,72.96307373046875,57.097591400146484,-0.5800803303718567,31.538827896118164,23.167924880981445,32.33602523803711,-7.356677532196045,19.39372444152832,-3.330129623413086,15.81660270690918,-11.948060989379883,14.898839950561523,-20.470809936523438,14.538074493408203,4.5765461921691895,11.423694610595703,-10.299017906188965,12.189979553222656,-8.8978853225708,10.932306289672852,1.0706745386123657,9.180350303649902,-12.335064888000488,11.816123008728027,2049.7530727192184,1084.3411211853604,1736.1783033970328,377.768756165941,3887.7108134920636,1682.848669780744,0.18891834077380953,0.1398429374481302,0.15908607840538025,0.08893686532974243,0.09378240257501602,0.17293046414852142
human_gu_006.wav,human,-266.1910400390625,165.63760375976562,74.05805969238281,76.39623260498047,2.3730251789093018,30.566146850585938,22.10607147216797,26.699827194213867,-15.860394477844238,27.146699905395508,-2.621980667114258,21.842559814453125,-3.574026584625244,18.33458137512207,-20.32034683227539,21.128557205200195,3.4668052196502686,9.056687355041504,-5.376428604125977,13.176896095275879,-7.48685884475708,11.685728073120117,-0.6560309529304504,11.780587196350098,-11.160381317138672,12.554443359375,1555.8191806623847,989.7849915771933,1492.3515943849502,605.6855722314239,3042.0386904761904,1808.6452024222747,0.10236080109126984,0.09110140807830183,0.11726047843694687,0.10436992347240448,0.06797168403863907,0.21202050149440765
human_gu_007.wav,human,-133.8725128173828,76.66447448730469,105.19715881347656,68.55224609375,0.5843414664268494,42.22697830200195,49.84727096557617,25.261810302734375,-11.289691925048828,24.843730926513672,-3.553720235824585,27.24822235107422,-12.775500297546387,18.210378646850586,-21.492198944091797,15.539433479309082,7.608531951904297,15.539047241210938,-14.34829044342041,13.798304557800293,-6.860114097595215,9.762608528137207,-4.952908515930176,9.962454795837402,-16.321443557739258,7.484979629516602,1563.000027886787,1004.534608764702,1422.8834019832152,381.61805665477266,2932.7876984126983,1549.9536836453833,0.11852833581349206,0.10426483862417678,0.1798841506242752,0.0741913691163063,0.014658098109066486,0.027360927313566208
human_gu_008.wav,human,-143.98143005371094,63.345035552978516,76.40216064453125,50.874168395996094,6.904937267303467,25.851961135864258,33.45268249511719,29.528034210205078,1.9666997194290161,21.44747543334961,-2.91174578666687,14.423710823059082,-12.052552223205566,16.624048233032227,-24.367712020874023,10.97474479675293,-3.761204481124878,7.998759746551514,-10.89384937286377,12.936552047729492,-10.017114639282227,11.51846981048584,-4.515459060668945,9.542997360229492,-10.58083724975586,7.767001628875732,1839.0520416910024,876.9031287708154,1765.903068329322,378.00383088548637,3684.7098214285716,1493.9503139593976,0.17186724950396826,0.10701135328015664,0.13743333518505096,0.06969930231571198,0.0410088412463665,0.06476502120494843
human_gu_009.wav,human,-111.42841339111328,68.26324462890625,149.14833068847656,22.611188888549805,-11.879667282104492,34.635345458984375,26.84427261352539,15.065080642700195,-27.54318618774414,24.36428451538086,-6.902530670166016,12.229278564453125,-0.855047881603241,14.119865417480469,-27.90882682800293,14.437784194946289,11.873394012451172,13.278748512268066,-18.336410522460938,14.211692810058594,5.017926216125488,13.471468925476074,3.1587839126586914,8.448383331298828,-20.21684455871582,8.567543029785156,1048.9932864634734,240.6210505655196,1242.690153440597,205.73775300217258,2160.094246031746,798.0732959204538,0.0613219246031746,0.018846229566743537,0.2575624883174896,0.09110777825117111,0.0024260322097688913,0.003375036409124732
human_gu_010.wav,human,-136.70262145996094,66.05033111572266,125.62804412841797,45.98146438598633,-10.342161178588867,28.84316062927246,42.63141632080078,28.831403732299805,-5.861772537231445,30.935626983642578,-2.2213711738586426,18.89886474609375,-16.085811614990234,17.009153366088867,-25.932100296020508,14.385205268859863,5.379589080810547,12.32532787322998,-16.79102325439453,13.213857650756836,-11.818374633789062,10.775018692016602,-5.661042213439941,8.587372779846191,-12.379773139953613,8.970074653625488,1135.111963368875,616.7023496370191,1271.172975385104,302.9524105503171,2049.5411706349205,1107.182680155931,0.06756107390873016,0.05776172383964034,0.21933536231517792,0.08464669436216354,0.00959706399589777,0.030885087326169014
human_gu_011.wav,human,-122.59033966064453,58.386322021484375,97.91503143310547,43.05491638183594,8.923935890197754,32.70341110229492,15.037343978881836,25.267120361328125,-17.349958419799805,27.191123962402344,-2.066026210784912,15.746116638183594,-4.5362067222595215,14.613747596740723,-16.824289321899414,11.755535125732422,1.4192308187484741,12.425442695617676,-10.253527641296387,10.908985137939453,-7.371265411376953,10.029512405395508,-2.0287537574768066,9.263911247253418,-6.364696502685547,7.845183372497559,1473.9473582358985,731.667717722366,1611.031877630195,356.65888450578143,2873.0158730158732,1453.052305698684,0.10536411830357142,0.08850579071135221,0.18455149233341217,0.06882961839437485,0.023698722943663597,0.056779488921165466
human_gu_012.wav,human,-133.306640625,91.23497772216797,135.12576293945312,51.485713958740234,-13.27855110168457,45.62881088256836,31.055089950561523,29.530609130859375,-18.062284469604492,23.435962677001953,-0.2462422251701355,18.144540786743164,-1.7673851251602173,18.51761817932129,-23.64650535583496,13.60522174835205,3.7025859355926514,13.168660163879395,-10.849849700927734,12.827950477600098,-6.797183990478516,8.925902366638184,-2.484873056411743,10.16785717010498,-14.882490158081055,14.01580810546875,1231.1172343754297,683.0225336991437,1263.1257766555266,401.80768036574045,2310.5158730158732,1347.2594332209403,0.0846896701388889,0.06965517133497517,0.17742648720741272,0.059798140078783035,0.009627055376768112,0.029029814526438713
human_gu_013.wav,human,-128.10348510742188,51.503597259521484,113.34064483642578,52.02052307128906,-20.109397888183594,30.983407974243164,24.047595977783203,23.140178680419922,-32.87087631225586,29.659879684448242,-9.297115325927734,14.817052841186523,-0.5459702014923096,19.6601505279541,-29.682199478149414,12.369522094726562,7.114720344543457,13.359286308288574,-14.566666603088379,11.536023139953613,-7.948690891265869,8.014883041381836,-1.0328497886657715,10.039457321166992,-10.44265079498291,10.290494918823242,1409.3995638246804,761.7343781757221,1348.1928841633705,329.0263290271276,2646.5153769841268,1306.9854472433728,0.1193576388888889,0.10123526997264728,0.2177278846502304,0.08735429495573044,0.02148965187370777,0.062327977269887924
human_gu_014.wav,human,-145.83094787597656,63.212100982666016,96.78269958496094,38.71443557739258,9.908804893493652,28.47738265991211,11.884847640991211,23.497623443603516,-9.581690788269043,27.03873062133789,2.1107115745544434,13.876143455505371,-3.7187695503234863,12.461532592773438,-22.183759689331055,14.459043502807617,-8.872465133666992,13.301556587219238,-7.354660511016846,8.769454956054688,-4.680948257446289,8.265412330627441,-5.1386542320251465,8.013954162597656,-11.008020401000977,9.451520919799805,1551.479554546711,720.0919372615139,1721.0257013847718,409.6310708623586,3224.9503968253966,1558.104966303358,0.13333565848214285,0.09193076567636922,0.14144118130207062,0.07987336814403534,0.03525083512067795,0.0704880952835083
human_gu_015.wav,human,-236.59579467773438,143.2975616455078,108.81499481201172,57.256591796875,2.3406362533569336,31.40470314025879,34.55202102661133,22.993314743041992,-17.540597915649414,27.108722686767578,-2.701296091079712,18.053876876831055,-3.1194989681243896,18.083650588989258,-23.23081398010254,16.638317108154297,0.8083861470222473,12.052733421325684,-7.5900702476501465,13.014599800109863,-9.393155097961426,10.180033683776855,-1.295373797416687,9.555901527404785,-12.43368911743164,11.60184383392334,1038.418245167593,683.2171393207287,1171.7764919330684,576.7019495662518,2142.2371031746034,1442.9686316520833,0.058182973710317464,0.05420021068914947,0.12281018495559692,0.08048883825540543,0.13586673140525818,0.33064788579940796
human_gu_016.wav,human,-210.54598999023438,142.4541015625,90.21470642089844,73.24002075195312,-2.001091241836548,34.710205078125,31.531923294067383,25.08609390258789,-13.333319664001465,24.767820358276367,3.1098134517669678,16.847707748413086,-0.10105744749307632,16.521400451660156,-21.965213775634766,17.779489517211914,1.3834238052368164,12.059917449951172,-11.23406982421875,14.941880226135254,-5.319326877593994,10.604190826416016,-3.2007837295532227,12.917564392089844,-12.016802787780762,14.376900672912598,1646.6738180344682,1007.4781088819751,1491.70013140849,426.9773775220916,3036.3963293650795,1672.9218331504662,0.12445746527777778,0.10230625051626833,0.1354278177022934,0.0848008319735527,0.02832278236746788,0.05555792525410652
human_gu_017.wav,human,-116.05963897705078,77.82398223876953,81.4542465209961,43.07741165161133,-4.438836574554443,30.509923934936523,36.12071990966797,32.30802536010742,5.316342353820801,21.018957138061523,4.980635643005371,14.439414978027344,-7.214309215545654,12.36992359161377,-23.224851608276367,14.185970306396484,-6.193971633911133,10.264856338500977,-15.597603797912598,13.92986011505127,-3.707139253616333,12.868147850036621,-0.8038511276245117,8.200780868530273,-11.397575378417969,8.725112915039062,1773.9325558055436,720.5734663551575,1743.2468490776114,349.0299504277567,3721.9122023809523,1176.6503968405739,0.13857499379960317,0.09041956985499819,0.16293582320213318,0.09103722125291824,0.042842816561460495,0.09237797558307648
human_gu_018.wav,human,-232.742919921875,131.4267120361328,86.6463851928711,56.07618713378906,-3.909019947052002,37.21688461303711,30.96983528137207,38.70209884643555,-3.7387657165527344,25.996234893798828,2.7796099185943604,15.525015830993652,-10.77669620513916,16.648775100708008,-12.963655471801758,15.20073413848877,3.3936851024627686,13.527920722961426,-8.908175468444824,14.564779281616211,-7.875432968139648,10.537833213806152,-7.884808540344238,11.790644645690918,-9.917613983154297,12.051628112792969,1485.6645591148663,855.0114732976709,1457.4895393258566,371.28472376035415,2839.409722222222,1462.2673459032933,0.09963262648809523,0.09357391163230641,0.13183730840682983,0.09949008375406265,0.025704078376293182,0.060148414224386215
human_gu_019.wav,human,-216.85922241210938,116.90169525146484,96.61659240722656,69.77568817138672,-17.548633575439453,32.07781982421875,31.725963592529297,32.637306213378906,1.7004097700119019,18.40359878540039,3.0852420330047607,16.668804168701172,-12.253249168395996,15.96508502960205,-29.617467880249023,20.74049186706543,6.9672441482543945,13.913743019104004,-9.546878814697266,14.76674747467041,-10.257689476013184,10.376751899719238,-3.7311248779296875,12.892353057861328,-8.951849937438965,12.087289810180664,1516.4065861041288,867.270402438108,1349.1246613909261,334.340446144049,2703.9930555555557,1253.5200553958648,0.10621667286706349,0.09275833680581605,0.11638002097606659,0.07429228723049164,0.01575235091149807,0.03206591308116913
human_gu_020.wav,human,-112.76718139648438,56.54457092285156,95.3143310546875,41.78818130493164,3.6877148151397705,31.00637435913086,24.34653091430664,30.039941787719727,-12.162795066833496,27.155113220214844,-5.493042945861816,14.944121360778809,-7.1570305824279785,16.219314575195312,-17.177932739257812,13.029001235961914,0.4333600103855133,11.970613479614258,-12.06501293182373,11.529098510742188,-8.188733100891113,8.489259719848633,-2.1534907817840576,10.844101905822754,-12.58024787902832,9.900126457214355,1499.2363197845928,743.3319111196869,1592.6034023343216,362.48175451070904,2938.4300595238096,1451.5792814014312,0.10651506696428571,0.0865564056931527,0.20572203397750854,0.08122396469116211,0.03282548859715462,0.08691977709531784
human_hi_001.wav,human,-246.75003051757812,147.08644104003906,148.2295684814453,74.9358901977539,-38.77923583984375,32.911834716796875,47.98954391479492,35.65177536010742,-13.091254234313965,15.907193183898926,-24.17854118347168,18.776840209960938,12.28819465637207,12.95340633392334,-25.385881423950195,15.906635284423828,0.7291355729103088,9.011578559875488,-1.6304455995559692,11.381356239318848,-15.425055503845215,11.039698600769043,4.603719234466553,7.237417697906494,-14.637443542480469,10.405491828918457,745.8038002218884,409.175244117824,759.4516485695135,400.1213126128146,1544.952876984127,941.1828736316162,0.045933314732142856,0.02660019271048057,0.1399022787809372,0.08156368136405945,0.19055204093456268,0.39264047145843506
human_hi_002.wav,human,-249.08116149902344,66.25048065185547,167.1891632080078,29.46550178527832,-4.149685382843018,33.40394592285156,41.2691764831543,35.36727523803711,14.86323356628418,16.388731002807617,-9.718547821044922,19.022462844848633,9.232949256896973,12.118144035339355,-15.33615779876709,13.857623100280762,-13.253422737121582,11.199358940124512,-5.418245315551758,13.55749797821045,-9.402188301086426,10.243548393249512,-3.828183889389038,8.03554630279541,-13.719297409057617,9.086457252502441,591.8275699023714,185.00916388605998,699.055780199456,172.93136020563205,1193.266369047619,597.116554430175,0.035877046130952384,0.013789798761783892,0.17100587487220764,0.09473685175180435,2.1667874534614384e-05,8.385120599996299e-05
human_hi_003.wav,human,-146.30728149414062,41.50840759277344,115.09773254394531,26.809232711791992,3.4915764331817627,18.288118362426758,1.0337610244750977,22.966697692871094,-8.457232475280762,8.12254524230957,-22.23109245300293,15.430196762084961,-11.487696647644043,9.918099403381348,-15.719648361206055,7.427863597869873,-13.784765243530273,8.455063819885254,-5.738497734069824,7.7765326499938965,-8.00026798248291,6.709850788116455,-9.755818367004395,6.191092014312744,-8.396639823913574,7.17047119140625,1250.8526555831058,540.6007487222205,1525.615530002701,292.08480529956887,2261.842757936508,1121.2263849001738,0.07611762152777778,0.06827994778404059,0.17799396812915802,0.07182496786117554,0.023854082450270653,0.09931249171495438
human_hi_004.wav,human,-295.03582763671875,122.42292785644531,157.95750427246094,71.96820068359375,-19.915376663208008,32.662330627441406,26.068073272705078,38.8835334777832,-10.42923355102539,16.779460906982422,-22.323211669921875,17.20532989501953,7.3753275871276855,11.449407577514648,-15.870260238647461,15.192219734191895,-4.202144622802734,11.754471778869629,-2.031177282333374,13.08900260925293,-8.262422561645508,8.151002883911133,3.1771633625030518,10.573925018310547,-13.69260311126709,11.102457046508789,640.8576192166672,315.04056663915406,640.9772599082944,333.6571827555676,1235.8630952380952,755.2485584818626,0.04210844494047619,0.023140733242036558,0.10873663425445557,0.07476211339235306,0.13507388532161713,0.34158095717430115
human_hi_005.wav,human,-179.2364501953125,33.724456787109375,173.51023864746094,17.26604461669922,-85.18223571777344,19.475051879882812,12.824984550476074,32.079627990722656,3.7311928272247314,13.023996353149414,-50.663753509521484,20.79877281188965,-8.129232406616211,11.782186508178711,-16.452123641967773,9.697925567626953,-19.390087127685547,12.96213436126709,-1.9622266292572021,5.76336669921875,-13.109420776367188,6.950924873352051,-8.292950630187988,9.613574028015137,-4.786331653594971,6.358187198638916,1066.6636922209475,195.3265733256476,743.6509723812904,147.43756834283764,1888.0828373015872,394.2205913944629,0.09100244915674603,0.02480014161029026,0.24759016931056976,0.08032309263944626,5.9104848332935944e-05,0.00040776326204650104
human_hi_006.wav,human,-191.64979553222656,45.72995376586914,90.32191467285156,35.481712341308594,6.258136749267578,16.347511291503906,-4.356808185577393,16.403770446777344,7.360887050628662,9.07514476776123,-7.724916934967041,10.353521347045898,-24.986377716064453,11.129608154296875,-20.381498336791992,9.845437049865723,-6.426358699798584,9.04747200012207,-5.493035316467285,8.402816772460938,-9.530718803405762,6.733593463897705,-7.711320877075195,6.786762237548828,-7.879677772521973,5.774313926696777,1505.474557114595,923.7903701719287,1688.6320489123468,346.1937252317509,2639.1989087301586,1795.8091324155284,0.12026832217261904,0.13029053720648295,0.15754608809947968,0.07423842698335648,0.06505129486322403,0.1675351858139038
human_hi_007.wav,human,-283.93939208984375,80.82823944091797,180.6451873779297,44.55855941772461,-40.5008659362793,32.083683013916016,22.42020034790039,25.836475372314453,17.51161003112793,11.15131664276123,-11.928252220153809,15.224642753601074,7.416641712188721,11.79332160949707,-18.409629821777344,10.970075607299805,-11.810029029846191,9.958041191101074,5.351293087005615,8.451713562011719,-12.458459854125977,8.813210487365723,-10.50383472442627,8.077326774597168,-3.5287630558013916,6.552119731903076,746.8971104723583,311.13401020483207,732.2657047816066,176.4314788204282,1475.9424603174602,578.971993211941,0.05291263640873016,0.052805681702124754,0.10712843388319016,0.05468970909714699,0.0002761166833806783,0.0013068858534097672
human_hi_008.wav,human,-303.7008361816406,96.63988494873047,137.38125610351562,71.11967468261719,-1.494994044303894,24.295804977416992,-13.408612251281738,23.092370986938477,-21.630390167236328,13.503251075744629,-27.57233238220215,18.964635848999023,-10.307758331298828,10.913558959960938,-18.840909957885742,13.560928344726562,-14.978601455688477,12.17946720123291,0.2160232812166214,8.807686805725098,-12.17392349243164,8.693652153015137,-12.95981502532959,9.41894817352295,0.06853624433279037,6.254651069641113,530.3957741890399,284.0206216786142,408.895139609241,269.83703420922404,772.3834325396825,498.12994431990165,0.04742916046626984,0.026791511112463248,0.1477731615304947,0.106890469789505,0.19864681363105774,0.39869409799575806
human_hi_009.wav,human,-166.25807189941406,62.92238998413086,83.66168975830078,45.852352142333984,0.12259967625141144,27.348814010620117,17.101835250854492,30.89129066467285,-2.557831287384033,20.056278228759766,-13.550836563110352,14.993650436401367,0.7624773979187012,12.037497520446777,-12.336685180664062,10.832347869873047,-10.17353630065918,12.674507141113281,-4.815432548522949,12.499603271484375,-12.154990196228027,8.426319122314453,-6.243697166442871,9.641436576843262,-5.863039970397949,8.565836906433105,1790.5435790699025,885.8969321556043,1754.069238916665,391.6793967733637,3351.004464285714,1678.1875392964168,0.18410140749007936,0.13334130763994329,0.11633047461509705,0.06516824662685394,0.07182132452726364,0.15183912217617035
human_hi_010.wav,human,-280.4066467285156,91.03731536865234,160.4857177734375,42.10493469238281,-9.591485023498535,44.80615997314453,38.18019104003906,36.42329788208008,-19.232166290283203,18.12099266052246,-24.231117248535156,17.04112434387207,6.935451507568359,14.132818222045898,-36.85581970214844,13.36898136138916,-16.862342834472656,10.585844039916992,0.5078068375587463,14.066850662231445,-12.008288383483887,8.059391021728516,-5.08781099319458,7.793607234954834,-15.21570110321045,8.23621654510498,821.5718065364642,321.3836573562355,811.629138513474,226.6484580570539,1502.4181547619048,825.2305945194774,0.07612149677579365,0.04267613371720865,0.1157006025314331,0.07642265409231186,0.00012832139327656478,0.0003283735131844878
human_hi_011.wav,human,-233.5920867919922,37.09440612792969,155.29954528808594,24.2823486328125,-4.339116096496582,25.9262638092041,25.502771377563477,30.477680206298828,-28.2847843170166,15.175833702087402,-17.857675552368164,11.658117294311523,2.6622071266174316,10.998970985412598,-34.85884475708008,11.914926528930664,-0.849693238735199,11.105708122253418,-10.997759819030762,7.629786014556885,-27.52445411682129,8.472819328308105,9.847602844238281,6.017726898193359,-9.38036060333252,6.692141532897949,784.4071249543078,165.88043641141616,823.3053949255044,234.07946268482624,1510.7266865079366,798.1097060229866,0.05783420138888889,0.012478163819147757,0.1876804083585739,0.06479660421609879,4.7205659939209e-05,0.0003665078547783196
human_hi_012.wav,human,-206.05514526367188,57.98308563232422,77.33704376220703,45.68478012084961,6.890748500823975,22.577922821044922,0.6064208149909973,16.199562072753906,2.1453347206115723,7.81671142578125,-17.020462036132812,13.221240997314453,-20.866281509399414,12.928877830505371,-9.119953155517578,8.378557205200195,-6.678558349609375,9.114422798156738,-11.378779411315918,7.761270046234131,-9.598274230957031,6.26296329498291,-6.821002006530762,6.487857818603516,-6.955269813537598,5.279543876647949,1877.9150761649141,1156.0683496753475,1819.0404030540467,384.1277577858053,3423.9211309523807,2056.047642865625,0.17849779885912698,0.16769325186315523,0.11750829219818115,0.08184495568275452,0.1270565241575241,0.22139346599578857
human_hi_013.wav,human,-270.9897155761719,67.4339828491211,157.15260314941406,28.982589721679688,1.8190587759017944,38.053958892822266,42.90830612182617,33.03586196899414,-13.242501258850098,15.335081100463867,-33.76805114746094,15.657782554626465,-5.790117263793945,16.30348777770996,-31.433250427246094,11.128816604614258,-15.773896217346191,12.734516143798828,-5.83572244644165,10.79912281036377,-14.002158164978027,8.52009391784668,-5.874491214752197,7.216325759887695,-15.071786880493164,8.240323066711426,713.111898904051,227.79304616240643,756.59905301391,206.8730908157431,1260.1066468253969,731.3828641959018,0.05538116939484127,0.02343195718887466,0.12241795659065247,0.0737362802028656,7.878038741182536e-05,0.0005079548573121428
human_hi_014.wav,human,-306.3274841308594,140.70326232910156,150.94891357421875,80.56510925292969,-24.161128997802734,31.04786491394043,28.540035247802734,29.5870304107666,-7.702980995178223,12.521665573120117,-9.408562660217285,15.548412322998047,15.480201721191406,15.634563446044922,-22.70253562927246,16.672985076904297,-0.6931936144828796,11.619889259338379,2.7125794887542725,9.339558601379395,-20.15584373474121,12.654253005981445,-4.2515482902526855,8.245402336120605,-12.572896003723145,10.230754852294922,624.848948990229,400.28542741491816,655.5215996746686,408.74750108298895,1282.2420634920634,948.5884140931169,0.04725864955357143,0.03674409975653184,0.09721838682889938,0.07022997736930847,0.20675967633724213,0.40448930859565735
human_hi_015.wav,human,-136.8297119140625,39.862056732177734,108.90885162353516,21.180429458618164,-28.579580307006836,27.00588607788086,-20.91750144958496,23.506208419799805,-6.397838592529297,16.29205894470215,-21.623886108398438,14.466567039489746,-18.491561889648438,13.937389373779297,-19.28373146057129,9.9086275100708,-13.385787010192871,10.801617622375488,-4.485309600830078,10.735512733459473,-11.284428596496582,8.287683486938477,-9.754875183105469,7.716330051422119,-2.9554805755615234,7.316808700561523,1281.7883792631146,386.8322822154359,1373.939811327724,347.9305308337086,2082.589285714286,1095.2536382421308,0.10139973958333333,0.05169401438279023,0.24537254869937897,0.08997058868408203,0.011995280161499977,0.046409495174884796
human_hi_016.wav,human,-278.0093994140625,76.64847564697266,167.50558471679688,47.450706481933594,-37.2669792175293,31.603429794311523,10.734407424926758,37.05126190185547,4.753415584564209,16.918926239013672,-27.969995498657227,21.14883041381836,-2.726080894470215,10.639152526855469,-14.156210899353027,11.038376808166504,-18.377971649169922,14.065446853637695,-5.326565742492676,10.764934539794922,-8.65627384185791,9.341405868530273,-6.6981072425842285,8.229201316833496,-8.874433517456055,8.860564231872559,870.2803707091209,275.19213083687504,711.0361002158835,225.23930941911001,1637.4007936507937,612.8478746310917,0.08222501240079365,0.0288507360921205,0.12845313549041748,0.08284077048301697,0.0004147342697251588,0.0013331004884094
human_hi_017.wav,human,-274.60333251953125,76.30183410644531,149.870361328125,40.53206253051758,-12.61638355255127,38.68903350830078,-5.388664722442627,32.48442459106445,-1.352487564086914,15.244431495666504,-9.256664276123047,18.017417907714844,-0.9387229681015015,14.838054656982422,-22.375286102294922,12.896869659423828,-13.967458724975586,11.715085983276367,9.197857856750488,18.272705078125,-9.040464401245117,6.438083171844482,-11.910512924194336,10.20966911315918,0.7487410306930542,5.727291584014893,755.7860709397496,209.591346851416,651.2941799372566,223.23536124186475,1323.7227182539682,518.7546839227265,0.05721416170634921,0.01973260459854959,0.14221686124801636,0.1024351641535759,0.00026222169981338084,0.0018246386898681521
human_hi_018.wav,human,-178.6187286376953,38.73384094238281,105.61920166015625,26.503442764282227,32.62589645385742,20.50297737121582,22.045368194580078,31.16999626159668,3.481396198272705,14.985367774963379,-5.687350273132324,10.041600227355957,2.9039852619171143,12.904230117797852,-5.899024963378906,9.232949256896973,-5.593438148498535,11.790977478027344,0.6434565782546997,12.579208374023438,-7.376758575439453,7.7087860107421875,-14.031450271606445,7.194830417633057,-10.975619316101074,6.091731548309326,1041.2192925321174,294.6737990648638,1622.5598246618515,321.0718355869623,2081.1631944444443,1182.2904261314088,0.035888671875,0.01460895363841404,0.22989825904369354,0.11771505326032639,0.0028670793399214745,0.0059356666170060635
human_hi_019.wav,human,-241.39967346191406,77.84832763671875,135.74771118164062,34.707733154296875,-42.56874084472656,31.793472290039062,40.71467208862305,26.84682273864746,4.029337406158447,13.42333698272705,-37.56574249267578,23.82741355895996,-13.647104263305664,11.70936107635498,-25.76719093322754,11.587564468383789,-5.163759708404541,11.23008918762207,-6.993481636047363,8.485298156738281,-18.67977523803711,8.195191383361816,6.1500935554504395,8.78616714477539,-5.427016735076904,6.146130561828613,983.8216740457622,270.4058091488199,847.1353072455505,137.8468337631473,1943.7624007936508,469.8358989590248,0.07380797371031746,0.04126617018821944,0.1543307602405548,0.08449084311723709,0.00020052171021234244,0.0008627817151136696
human_hi_020.wav,human,-303.926025390625,156.32765197753906,104.79402923583984,72.2039794921875,-56.888153076171875,38.8648796081543,65.63114166259766,44.90640640258789,-16.84250259399414,18.688766479492188,-19.502517700195312,18.16205406188965,18.687101364135742,13.56731128692627,-34.91000747680664,21.42349624633789,3.287008047103882,14.929409980773926,-3.324802875518799,9.532150268554688,-16.732358932495117,12.62319564819336,11.196434020996094,10.260350227355957,-18.356386184692383,12.185684204101562,1561.2704876441944,1065.0830573925898,866.6587064252479,484.76243026236205,2458.4573412698414,1408.9424080862016,0.20328388516865079,0.15453456383741843,0.08795055001974106,0.06643178313970566,0.2075006365776062,0.4042249917984009
human_hi_021.wav,human,-184.06080627441406,53.896602630615234,88.71414184570312,42.94879913330078,23.50414276123047,18.53712272644043,23.35956382751465,32.869022369384766,-8.999760627746582,14.153249740600586,-16.889930725097656,14.722451210021973,-1.8334918022155762,10.571102142333984,-13.511931419372559,10.301712989807129,-10.997275352478027,12.9555082321167,-6.415359020233154,10.629888534545898,-10.141715049743652,7.948173999786377,-6.806723594665527,7.480268955230713,-8.004627227783203,6.915502548217773,1602.452386025898,942.124918098494,1737.3838767541308,378.3762290587823,3057.6636904761904,1724.7077975977022,0.12088448660714286,0.12119643848094609,0.14364159107208252,0.08100423961877823,0.06061456352472305,0.15225020051002502
human_hi_022.wav,human,-303.99273681640625,121.41490936279297,125.59547424316406,72.92369079589844,-17.255821228027344,29.356765747070312,17.89666175842285,25.631145477294922,-6.684004783630371,12.039191246032715,-25.124523162841797,22.053550720214844,-7.325864791870117,11.045825958251953,-31.880847930908203,20.72268295288086,-17.074459075927734,12.756756782531738,4.436692714691162,9.122879981994629,-12.547673225402832,10.619102478027344,-6.901442527770996,7.131015777587891,0.21242712438106537,7.102786540985107,547.8131029676621,337.3496341537043,503.4853062312244,309.5155009881887,947.9166666666666,711.5436540295907,0.042023189484126984,0.026987799226298913,0.15779241919517517,0.10604464262723923,0.2302277833223343,0.4208972454071045
human_hi_023.wav,human,-286.6303405761719,95.51435852050781,178.60678100585938,52.08544921875,-49.04835510253906,38.89769744873047,0.9172662496566772,27.455148696899414,9.807819366455078,13.311137199401855,-14.827914237976074,15.334836959838867,1.0035150051116943,11.025012016296387,-13.230658531188965,13.589503288269043,-8.697854995727539,10.47993278503418,-1.074643611907959,12.1935453414917,-8.142911911010742,12.90272045135498,-0.32461434602737427,9.310562133789062,-5.491785049438477,7.245892524719238,745.3683594853745,266.16142581448486,626.8800625343008,206.453277662733,1376.1160714285713,523.1799020085894,0.05302889384920635,0.02963568448696355,0.09552077949047089,0.05324024334549904,0.05559385567903519,0.2290523648262024
human_hi_024.wav,human,-187.36326599121094,54.929229736328125,86.0059814453125,40.054100036621094,0.2584473192691803,21.384111404418945,-5.248040199279785,25.635211944580078,-0.41435885429382324,9.657768249511719,-2.543850898742676,13.527060508728027,-3.196061849594116,8.715744972229004,-15.172846794128418,9.782941818237305,-15.847784996032715,8.178400039672852,-11.50521183013916,9.425639152526855,-15.915132522583008,8.443387031555176,-9.294722557067871,6.908776760101318,-4.460608005523682,5.272201061248779,1722.3409169836525,898.4752348156917,1784.172130836241,416.4978348417937,3281.001984126984,1800.5582872796429,0.138916015625,0.12931452651571132,0.12428323924541473,0.07077791541814804,0.07606925815343857,0.17247582972049713
human_hi_025.wav,human,-281.3064880371094,101.18907928466797,177.17066955566406,61.56315994262695,-18.777809143066406,22.375411987304688,38.04996871948242,28.199251174926758,-18.49483871459961,13.325270652770996,-15.091253280639648,13.266403198242188,14.226840019226074,12.31802749633789,-33.76038360595703,18.09995460510254,-2.759813070297241,11.832219123840332,2.6675519943237305,10.004679679870605,-15.977302551269531,11.020472526550293,4.1813740730285645,8.903684616088867,-13.466815948486328,9.719619750976562,694.0138839052788,420.191725935694,729.6827946310294,353.4734386630364,1287.5744047619048,984.5982452103863,0.05259486607142857,0.042477834263254154,0.1324385702610016,0.0663759857416153,0.0794176384806633,0.27029258012771606
human_hi_026.wav,human,-251.9087371826172,68.93335723876953,165.4325714111328,37.608665466308594,-10.48563003540039,36.2932014465332,-7.639208793640137,29.77860450744629,-22.97056007385254,15.310418128967285,-28.54556655883789,16.639772415161133,-0.5740978717803955,13.927594184875488,-13.423225402832031,11.694433212280273,-12.010091781616211,13.190650939941406,-7.249767303466797,9.537055969238281,-21.994155883789062,8.144246101379395,-10.56827449798584,7.030033111572266,-2.9841043949127197,6.406959056854248,700.5571043535397,175.00266194530795,572.448427225975,144.7815318006573,1033.420138888889,341.3397969713741,0.0649142795138889,0.0231634440168273,0.18900646269321442,0.10647189617156982,0.0001370521349599585,0.0006878857966512442
human_hi_027.wav,human,-174.74522399902344,34.720062255859375,109.8601303100586,25.90836524963379,13.246663093566895,22.332502365112305,-7.90377140045166,18.655675888061523,6.2376227378845215,11.202136993408203,-6.154983997344971,12.671103477478027,-24.618907928466797,11.707730293273926,-23.67222785949707,9.235630989074707,-14.089958190917969,8.64684772491455,-10.20758056640625,8.209508895874023,-9.60550308227539,5.89199161529541,-9.049962043762207,6.745484352111816,-8.605977058410645,5.829982757568359,1196.5510720589104,461.4872054861932,1599.1001042528128,366.45385647884666,2168.8988095238096,1421.9969099546965,0.07197110615079365,0.03760480612571429,0.18157097697257996,0.07154448330402374,0.00876749400049448,0.020761540159583092
human_hi_028.wav,human,-218.80093383789062,61.59183120727539,182.28399658203125,37.32868576049805,-55.25770568847656,33.15010452270508,46.77402877807617,40.86247634887695,-0.3585740029811859,12.039990425109863,-20.056777954101562,16.042606353759766,12.441845893859863,13.301130294799805,-31.757169723510742,12.82354736328125,-9.56331729888916,11.562173843383789,-5.41274881362915,10.092547416687012,-16.063678741455078,9.985307693481445,3.296402931213379,10.778223991394043,-16.11426544189453,5.956347942352295,993.671856082268,395.6634993189751,874.6538047200553,244.67508004739526,1903.0257936507937,807.4556224164826,0.07604786706349206,0.04786429125412172,0.11082028597593307,0.05142279714345932,0.00010181056131841615,0.0006360401748679578
human_hi_029.wav,human,-287.7999267578125,69.48609924316406,178.0111083984375,34.56614685058594,-19.05490493774414,30.456039428710938,11.262590408325195,25.767637252807617,1.9568639993667603,12.970480918884277,-29.663341522216797,21.03504180908203,-5.2027716636657715,12.592547416687012,-7.951183795928955,8.315649032592773,-10.907951354980469,11.263976097106934,-3.2136082649230957,9.194536209106445,-7.553819179534912,8.294866561889648,-8.316096305847168,5.4749956130981445,-12.658517837524414,7.625461101531982,688.671112664347,181.21668726045996,640.250409683307,190.49975532040838,1177.2073412698412,439.2510429253261,0.05495489211309524,0.017688075763525473,0.1302289366722107,0.08555981516838074,0.00017901953833643347,0.0009748834418132901
human_hi_030.wav,human,-181.07229614257812,45.152645111083984,97.58600616455078,29.74656105041504,6.873072147369385,21.077484130859375,-0.5620204210281372,19.748241424560547,9.262459754943848,13.334097862243652,-3.3405604362487793,12.041494369506836,-5.169124126434326,9.826454162597656,-0.8180285096168518,8.909255027770996,-4.869624137878418,11.630478858947754,-7.081216812133789,10.217894554138184,-4.433032989501953,6.63545036315918,-4.829230308532715,6.772993087768555,-6.146255016326904,7.133087158203125,1495.9243761443076,537.9553129748699,1853.3600328895152,347.50051660998776,3160.342261904762,1401.940222029099,0.06997922867063493,0.07131766062752419,0.10495654493570328,0.04579794406890869,0.02268187515437603,0.07072334736585617
human_hi_031.wav,human,-274.90692138671875,58.180484771728516,162.73931884765625,36.11972427368164,-16.055112838745117,25.388193130493164,14.462276458740234,24.991527557373047,-23.810932159423828,12.331281661987305,-38.327693939208984,16.326461791992188,-4.119123458862305,11.418266296386719,-25.156330108642578,11.317384719848633,-11.336258888244629,11.117830276489258,-3.5405919551849365,10.584431648254395,-24.984342575073242,7.842972278594971,-6.0330328941345215,8.851249694824219,-4.00380802154541,8.449291229248047,739.5968767126634,293.0646503181409,670.1897818294334,233.97564863847518,1204.861111111111,725.809988096055,0.07155257936507936,0.0452008543172799,0.1402660459280014,0.07353834062814713,0.01599123328924179,0.12497203052043915
human_hi_032.wav,human,-264.8136291503906,55.2139778137207,155.66641235351562,44.89888381958008,-16.510875701904297,37.12220001220703,54.78673553466797,36.15123748779297,5.537102699279785,18.972694396972656,-22.344911575317383,13.645158767700195,10.649591445922852,14.112595558166504,-18.6894474029541,10.425015449523926,-14.588953018188477,14.641858100891113,-12.135618209838867,10.550233840942383,-18.928386688232422,10.034626007080078,-6.471680164337158,9.704261779785156,-17.43579864501953,7.4579758644104,796.9455384621675,456.7832355333546,768.1691299236759,186.72777026783626,1382.936507936508,842.176033287081,0.08204287574404762,0.065494102447264,0.12681803107261658,0.0661017894744873,5.565176616073586e-05,0.00015836744569242
human_hi_033.wav,human,-179.4796600341797,62.762245178222656,90.3709945678711,42.22354507446289,3.0474300384521484,26.55318260192871,-5.38327169418335,24.557897567749023,-24.894447326660156,14.005992889404297,-30.587722778320312,18.52036476135254,-6.554570198059082,10.736109733581543,-13.114006042480469,9.005802154541016,-18.103519439697266,12.29224967956543,-4.512657165527344,7.11736536026001,-6.911998748779297,7.171712875366211,-11.499224662780762,7.58717155456543,-4.974971294403076,6.146987438201904,1605.2094641335905,1019.2853657433085,1589.68830165428,461.1508309064739,2875.558035714286,1936.435434064676,0.13709852430555555,0.14117010975785246,0.22548356652259827,0.13905315101146698,0.08438598364591599,0.19346287846565247
human_hi_034.wav,human,-271.77490234375,82.51400756835938,177.1129150390625,40.190452575683594,-21.249547958374023,39.62309265136719,26.650997161865234,33.034820556640625,10.491958618164062,16.049100875854492,-6.746418476104736,15.359830856323242,2.213437080383301,14.283538818359375,-22.52486228942871,13.207900047302246,-4.055572986602783,12.89394474029541,-4.010729789733887,13.191248893737793,-13.352004051208496,8.900614738464355,3.999204397201538,7.03711462020874,-8.012226104736328,9.8832368850708,677.0479030839812,243.0677495314006,699.0306961637132,189.86131987805743,1246.279761904762,566.1692719616057,0.04153103298611111,0.027461436148079492,0.1299084573984146,0.07212530821561813,0.00017035844211932272,0.0006071722600609064
human_hi_035.wav,human,-227.03480529785156,54.76750564575195,159.035400390625,22.74863624572754,-48.83684158325195,35.07595443725586,16.041915893554688,26.252103805541992,-16.184471130371094,13.080012321472168,-46.48175811767578,17.27354621887207,0.17467495799064636,14.626001358032227,-21.5567684173584,8.505806922912598,-16.040271759033203,12.998106002807617,4.0833964347839355,7.724201679229736,-22.033329010009766,9.08525562286377,-13.612752914428711,7.755353927612305,-1.4693450927734375,7.634157180786133,916.0752959839941,197.82004617612185,754.6274018421962,173.44211469112042,1716.579861111111,542.2687592141679,0.07672991071428571,0.022338848280153905,0.18400293588638306,0.0825565829873085,6.28926936769858e-05,0.0004595217469613999
human_hi_036.wav,human,-204.7577362060547,60.08094787597656,67.87800598144531,41.66453552246094,5.701191425323486,22.75421905517578,7.112806797027588,33.60807418823242,-5.113651275634766,20.064498901367188,-6.909521579742432,11.949524879455566,-2.982959032058716,12.919942855834961,-14.266155242919922,10.970864295959473,-6.1164422035217285,8.787422180175781,-1.5116480588912964,12.882369995117188,-5.282113075256348,9.046402931213379,-3.3749940395355225,6.332862854003906,-6.6329474449157715,8.812771797180176,2145.8604784298486,956.3134293527235,1979.4344698415798,405.6350804687499,4200.644841269841,1817.133324569659,0.2023034474206349,0.14564088398628303,0.0722554475069046,0.06955648958683014,0.12506695091724396,0.19887983798980713
human_hi_037.wav,human,-238.36550903320312,95.81715393066406,166.8802490234375,47.864566802978516,-47.103023529052734,39.227264404296875,20.76647186279297,40.079315185546875,-6.983815670013428,23.938705444335938,-20.63836097717285,21.912456512451172,12.995450973510742,16.342994689941406,-20.221662521362305,14.061821937561035,-7.3140997886657715,14.582154273986816,0.4929232895374298,12.831902503967285,-15.01483154296875,10.94389820098877,3.594794988632202,10.5182466506958,-6.571232795715332,7.376992225646973,934.2085749869012,262.3719481852994,803.8287842010136,242.84734033350273,1740.5753968253969,636.640816102393,0.07382734995039683,0.02920171356705688,0.14369958639144897,0.08111900091171265,0.0004234738589730114,0.0017810140270739794
human_hi_038.wav,human,-269.271728515625,89.81201934814453,170.8588409423828,44.11560821533203,-57.74749755859375,45.76945877075195,9.697571754455566,39.47333526611328,-12.137113571166992,16.700952529907227,-18.053125381469727,14.911928176879883,13.62823486328125,12.324921607971191,-25.71286964416504,12.757608413696289,-8.833209991455078,11.086549758911133,4.7130608558654785,14.490230560302734,-11.730757713317871,13.124324798583984,0.17456991970539093,11.897027969360352,-10.67967414855957,9.411458969116211,1015.8290920160659,247.37268606362625,810.4437523538685,300.3633527184247,1873.9459325396826,749.1588275730511,0.08582899305555555,0.03120933726339207,0.09628845006227493,0.06422453373670578,0.0002944430452771485,0.001332807936705649
human_hi_039.wav,human,-189.87998962402344,32.86284637451172,91.21175384521484,19.87821388244629,10.130072593688965,21.593769073486328,-8.301044464111328,18.33864974975586,-17.96750259399414,8.310896873474121,-30.75336456298828,13.4844970703125,-21.295976638793945,7.3430633544921875,-12.54423999786377,7.870911598205566,-7.512628078460693,7.332447528839111,-4.2664408683776855,7.4280500411987305,-12.24520206451416,6.202014923095703,-12.91524887084961,5.4445085525512695,-3.5190961360931396,6.0302276611328125,1353.591251787845,484.3932751579399,1665.602800990101,391.23728444797615,2565.2281746031745,1490.1950039787662,0.08989800347222222,0.03753505774693724,0.18432603776454926,0.0855918899178505,0.011889121495187283,0.03851684182882309
human_hi_040.wav,human,-271.1797180175781,65.12774658203125,164.06553649902344,34.829261779785156,16.822282791137695,28.271793365478516,42.800167083740234,31.71005630493164,3.308770179748535,14.91331672668457,-11.8972749710083,14.61429214477539,6.417449951171875,12.109386444091797,-15.416820526123047,13.447399139404297,-3.70367431640625,12.152771949768066,0.6163155436515808,10.164393424987793,-6.2720818519592285,8.932377815246582,0.06910799443721771,9.716504096984863,-10.796892166137695,7.72063684463501,507.96556265463664,270.42605613188334,644.8825551399113,237.3176130597281,890.8730158730159,753.5786092758779,0.03326900421626984,0.0361510505316201,0.21143700182437897,0.0900457426905632,1.831056215451099e-05,5.083982978248969e-05
human_hi_041.wav,human,-159.50816345214844,47.694576263427734,183.0760955810547,19.820703506469727,-66.23445129394531,35.122005462646484,44.122406005859375,26.166929244995117,-34.33597183227539,15.560357093811035,-32.0318489074707,12.770406723022461,18.699668884277344,11.038131713867188,-40.77741241455078,13.749881744384766,-1.6038177013397217,9.585865020751953,2.191685914993286,10.364649772644043,-21.476198196411133,9.091419219970703,3.1595849990844727,9.113143920898438,-12.932254791259766,9.802840232849121,1013.1834611172475,257.7444703080928,915.304903162117,189.0017248861261,2025.359623015873,723.634872356209,0.07470703125,0.03036686183385577,0.25225040316581726,0.05353054404258728,1.431251166650327e-05,7.371052197413519e-05
human_hi_042.wav,human,-180.30496215820312,39.83224868774414,100.2667465209961,27.662446975708008,22.212438583374023,15.158127784729004,8.593607902526855,17.71721839904785,-9.690348625183105,9.29561710357666,-23.443592071533203,14.156760215759277,-16.193593978881836,9.620381355285645,-13.73477840423584,7.6397294998168945,-10.626626014709473,6.968343734741211,-9.272052764892578,6.210560321807861,-7.976100921630859,5.954543113708496,-2.770081043243408,5.592934608459473,-7.255570888519287,5.597224712371826,1395.238268843596,677.5352873287608,1719.9798650270823,363.17035622001293,2787.6364087301586,1579.0128805827328,0.08588324652777778,0.08503371694229057,0.15534113347530365,0.09219853579998016,0.03352703899145126,0.1102718710899353
human_hi_043.wav,human,-276.8800048828125,99.25889587402344,160.5297393798828,52.82768630981445,-15.57396125793457,39.57342529296875,48.8411750793457,39.14013671875,11.850314140319824,19.691471099853516,-25.257200241088867,18.25363540649414,6.984139919281006,15.595176696777344,-8.78853988647461,12.15042781829834,-9.295705795288086,11.372040748596191,-5.4925103187561035,10.399238586425781,-10.12731647491455,9.405558586120605,-1.228035569190979,6.256807327270508,-10.728145599365234,10.285411834716797,782.1090380817711,321.42958632326764,802.63105880726,201.877733025837,1615.451388888889,705.2656243824528,0.05366055927579365,0.03830129072834732,0.13940945267677307,0.09342309832572937,0.0002105832245433703,0.0004571451572701335
human_hi_044.wav,human,-226.08682250976562,70.9908218383789,154.31954956054688,31.078229904174805,-30.038076400756836,37.549644470214844,19.188016891479492,22.01112174987793,-8.63736343383789,13.147275924682617,-41.513023376464844,18.531848907470703,-6.900684833526611,12.11583137512207,-18.210073471069336,13.701332092285156,-19.629379272460938,14.511646270751953,-7.232720375061035,9.19034481048584,-12.131285667419434,6.953458786010742,-7.547167778015137,10.456281661987305,-7.790107250213623,6.6825761795043945,774.5146312720278,214.20759589544673,688.5516479440731,195.71878794232245,1428.6334325396826,571.5998404706434,0.06182958209325397,0.01971155978917131,0.23710404336452484,0.11253011971712112,0.01602361351251602,0.1249699592590332
human_hi_045.wav,human,-144.85203552246094,43.189815521240234,120.27721405029297,26.578367233276367,8.62533187866211,26.88124656677246,8.013643264770508,33.04256057739258,-2.6107139587402344,14.144424438476562,-24.55506134033203,15.936810493469238,-16.175405502319336,9.714129447937012,-15.792375564575195,9.625626564025879,-13.21548080444336,8.482636451721191,-1.2059260606765747,11.323750495910645,-3.8466105461120605,10.116874694824219,-9.58386516571045,6.918787002563477,-10.75817584991455,7.051211357116699,1022.6028384943925,260.04362185397065,1392.0425514258561,328.36177082636095,1832.093253968254,971.177487179247,0.06185670882936508,0.020147539285847418,0.2528029680252075,0.06734500825405121,0.0030914798844605684,0.010355571284890175
human_hi_046.wav,human,-295.1660461425781,100.98120880126953,179.51724243164062,65.30992889404297,-3.836210012435913,30.846559524536133,22.925518035888672,24.09772300720215,13.815667152404785,12.53414249420166,-19.04446029663086,14.948662757873535,-14.23818588256836,12.49696159362793,-14.426915168762207,10.450983047485352,-1.7601035833358765,8.290250778198242,-5.613802433013916,11.513529777526855,-12.693806648254395,8.669114112854004,-1.5004786252975464,7.28719425201416,-6.2732253074646,8.188204765319824,462.75473013990035,217.71917772051833,496.9139828551665,243.77863802060557,723.5863095238095,461.9881181594473,0.029699900793650792,0.01940792610080732,0.15505515038967133,0.07832835614681244,0.09532897919416428,0.2935148775577545
human_hi_047.wav,human,-284.3462829589844,139.32815551757812,124.3421401977539,74.32766723632812,-34.39937210083008,35.74882125854492,27.343360900878906,26.7495059967041,-7.693891525268555,16.472217559814453,-26.941938400268555,22.747650146484375,-8.849574089050293,11.75256061553955,-26.776540756225586,21.390535354614258,-0.6328095197677612,10.063164710998535,-4.359828472137451,9.623939514160156,-17.482919692993164,12.085572242736816,2.657158374786377,8.687836647033691,-8.446335792541504,7.933448314666748,731.1499956042165,475.7410128288805,639.2012232784523,390.1834160808225,1401.9717261904761,967.5604972103046,0.0676850818452381,0.054914935150749584,0.14265938103199005,0.1169266626238823,0.23026679456233978,0.4208759367465973
human_hi_048.wav,human,-186.7601318359375,73.7558822631836,74.67272186279297,46.461124420166016,-9.997267723083496,27.50899887084961,7.420156478881836,21.857616424560547,-1.2075729370117188,11.49789047241211,-28.4428653717041,26.08997344970703,-17.534006118774414,12.487695693969727,-13.706624031066895,12.609878540039062,-13.273384094238281,13.573383331298828,-3.639322519302368,8.04710865020752,-5.175689220428467,6.81402587890625,-2.1118664741516113,7.007877349853516,1.2828896045684814,7.79777717590332,2025.0826677414736,1106.2327147194833,1737.1646506855816,475.09225428236095,3671.812996031746,2047.2771570506159,0.2046634734623016,0.15275901636182684,0.15761376917362213,0.12597967684268951,0.13806122541427612,0.2175351232290268
human_hi_049.wav,human,-292.7475891113281,65.05145263671875,167.4969940185547,33.43458938598633,-19.87430763244629,35.69966125488281,-11.144062042236328,29.54290008544922,-18.810760498046875,10.245326042175293,-28.89685821533203,17.0832576751709,-2.8539137840270996,11.6881685256958,-22.242685317993164,9.599682807922363,-21.41838264465332,11.624005317687988,0.8520492315292358,9.815314292907715,-15.936088562011719,7.050130844116211,-16.305477142333984,7.3548784255981445,0.3466760516166687,5.754762649536133,732.7219241242358,159.28432959619212,574.5374259975248,174.1653504116616,1189.7941468253969,466.02846215005445,0.06639074900793651,0.01968237513518807,0.1499420404434204,0.08239562809467316,0.00012556811270769686,0.0005983772571198642
human_hi_050.wav,human,-249.9897003173828,81.61630249023438,173.31150817871094,49.42194747924805,-43.59751892089844,29.741106033325195,-11.95650577545166,21.45046043395996,-0.8846521973609924,19.33138084411621,-19.503854751586914,15.978400230407715,-11.597454071044922,10.818098068237305,-22.37189483642578,12.859906196594238,-8.180293083190918,10.756168365478516,-3.1858184337615967,9.817004203796387,-17.087142944335938,7.625514507293701,-4.006257057189941,7.349155902862549,-1.9942169189453125,4.898055553436279,848.4473585360421,231.09410304704375,615.2459331483219,176.4081158709481,1437.686011904762,427.435322754115,0.08529420882936507,0.03651499857629204,0.15416397154331207,0.08369313180446625,0.00038327526999637485,0.0013159919762983918
human_hi_051.wav,human,-133.49781799316406,22.184852600097656,116.15194702148438,14.579662322998047,-4.270468711853027,16.560720443725586,-3.5276498794555664,18.26502227783203,8.01963996887207,9.837162017822266,-11.830760955810547,12.463754653930664,-7.590672492980957,8.066998481750488,-1.3854076862335205,6.567198753356934,-10.372026443481445,6.1535844802856445,-10.046378135681152,6.856978893280029,-6.150641441345215,5.7396650314331055,-7.736888408660889,5.124090194702148,-7.145464897155762,5.705323696136475,1361.786201799509,287.40454734935884,1653.0008543866047,255.42799876337446,2510.4166666666665,926.0591796579043,0.08554609995039683,0.0265343710252569,0.12628436088562012,0.06205001100897789,0.018397357314825058,0.020778857171535492
human_hi_052.wav,human,-293.0161437988281,85.09984588623047,170.9506072998047,46.44086837768555,-5.504275321960449,43.12934494018555,24.361295700073242,30.426345825195312,-7.752381324768066,15.700456619262695,-25.6915225982666,17.374244689941406,-12.42038631439209,11.422428131103516,-31.95857048034668,12.930924415588379,-8.47570514678955,13.681127548217773,-3.9840314388275146,11.258218765258789,-17.937885284423828,8.292947769165039,-5.001745223999023,8.643375396728516,-13.09455394744873,7.423938274383545,633.4866332994516,248.64836499780446,606.0632749416661,235.90693134146846,996.09375,574.2575538934991,0.05529203869047619,0.02620647981842971,0.1137368306517601,0.061674926429986954,0.04010146111249924,0.19515776634216309
human_hi_053.wav,human,-216.44793701171875,51.896278381347656,185.06004333496094,23.41419219970703,-26.3350887298584,34.2800407409668,32.23438262939453,32.51202392578125,-18.494565963745117,15.777033805847168,-23.346454620361328,18.94474220275879,9.413346290588379,13.125682830810547,-36.955078125,11.422694206237793,-2.340144634246826,10.758462905883789,13.505351066589355,12.534046173095703,-21.681983947753906,8.445574760437012,-4.955318927764893,7.236305236816406,-8.21237564086914,9.678552627563477,798.0083499131985,202.4556246906721,787.516889693629,220.3160948811378,1591.3938492063492,678.0786739108988,0.059399801587301584,0.0214243408121923,0.16099172830581665,0.07244811207056046,4.7673453082097694e-05,0.000264413800323382
human_hi_054.wav,human,-114.15338134765625,47.06215286254883,93.06752014160156,21.910877227783203,-17.744356155395508,28.17241096496582,41.21082305908203,29.231977462768555,-10.377095222473145,14.8853178024292,-17.772558212280273,12.850817680358887,3.720684051513672,11.38540267944336,-27.83616065979004,12.073859214782715,-1.5120508670806885,10.716106414794922,1.7713518142700195,13.749370574951172,-13.919926643371582,7.465620040893555,-3.8513576984405518,8.886397361755371,-16.178302764892578,7.162784099578857,1684.722205960951,385.54536862284874,1593.1455867946304,220.79778123652898,3264.4469246031745,577.3402575134104,0.12843734499007936,0.054208623293449915,0.14022912085056305,0.054145365953445435,0.017399664968252182,0.026587137952446938
human_hi_055.wav,human,-326.4226989746094,101.91698455810547,141.68511962890625,75.48047637939453,3.561460256576538,20.96995735168457,7.418689727783203,19.753475189208984,6.043808937072754,14.32376766204834,-13.09053897857666,15.32742691040039,-14.6490478515625,11.724225044250488,-21.86164665222168,14.633797645568848,-15.246681213378906,11.203231811523438,-8.156067848205566,8.209074020385742,-9.791892051696777,6.930177211761475,-6.272240161895752,6.055192947387695,-7.290380954742432,6.82337760925293,444.5712307348234,265.34968836323145,425.3995205987102,275.0943074532179,682.4156746031746,528.2776374544596,0.03667147197420635,0.022288146932889774,0.12928271293640137,0.09619665145874023,0.19863274693489075,0.39870086312294006
human_hi_056.wav,human,-270.4927673339844,89.47444915771484,184.6895294189453,47.66703414916992,-45.9037971496582,35.38961410522461,-3.5181407928466797,21.704757690429688,-3.297755241394043,12.857518196105957,-22.262462615966797,13.539904594421387,-12.47105598449707,8.810795783996582,-22.421592712402344,11.330780029296875,-1.8411229848861694,10.762957572937012,-9.095006942749023,7.615767478942871,-20.16765785217285,7.516063213348389,4.390365123748779,9.0988130569458,-4.922627925872803,6.047510147094727,815.7479082319392,271.0548908547422,642.6882533689462,207.63616771815848,1408.358134920635,557.2233532569986,0.06898716517857142,0.033108037124908986,0.11768382042646408,0.05804993212223053,0.0018427883042022586,0.007720131427049637
human_hi_057.wav,human,-177.02999877929688,50.54125213623047,113.99105834960938,42.293888092041016,31.3951473236084,19.745370864868164,2.018430471420288,25.37599754333496,-2.8242616653442383,10.732388496398926,-5.920934200286865,14.216815948486328,-5.93797492980957,10.361255645751953,-8.864070892333984,8.719927787780762,-8.184945106506348,9.746010780334473,-6.209973335266113,9.682761192321777,-5.421473026275635,6.884365558624268,-5.387595176696777,6.340259075164795,-8.984349250793457,7.5285186767578125,1274.2623326680673,881.2787072731126,1616.593565462169,401.2082047511961,2230.282738095238,1825.1266669206018,0.08836728050595238,0.11928237577247452,0.18958167731761932,0.0947485864162445,0.05007391422986984,0.14948879182338715
human_hi_058.wav,human,-195.87237548828125,53.57493591308594,179.54734802246094,26.539323806762695,-57.55503463745117,32.20305633544922,65.00819396972656,32.436832427978516,-6.7237138748168945,12.803248405456543,-43.74045181274414,17.20501708984375,10.372429847717285,16.1513614654541,-30.48403549194336,10.130321502685547,-13.81209659576416,11.687085151672363,-3.983872175216675,7.512906551361084,-21.717323303222656,7.517268180847168,-6.787741184234619,7.806248188018799,-15.384366035461426,7.985413074493408,1012.3624519180546,268.6393884124189,930.5569579240943,205.20904052382352,2138.6408730158732,659.1797441820497,0.07056439112103174,0.0229322879053124,0.1607702225446701,0.05497099831700325,9.722047980176285e-05,0.0005272158305160701
human_hi_059.wav,human,-293.5478820800781,80.61997985839844,180.79554748535156,54.95438766479492,-14.321285247802734,29.031354904174805,9.813644409179688,33.5447883605957,-5.64345645904541,15.160738945007324,-18.69158363342285,17.564420700073242,0.0375564806163311,15.964343070983887,-18.02913475036621,11.790706634521484,-7.977231502532959,10.973963737487793,1.8769954442977905,12.332864761352539,-4.707883834838867,7.701870918273926,-0.6510373950004578,6.365547180175781,-7.741761207580566,9.703219413757324,629.5026111464907,272.1382607948669,587.3244140152318,280.4718428340398,1124.6899801587301,626.1687676718539,0.043867807539682536,0.02041250098324448,0.1032208502292633,0.061403315514326096,0.06419924646615982,0.24372665584087372
human_hi_060.wav,human,-165.88929748535156,33.52497863769531,127.47152709960938,27.542478561401367,28.329710006713867,16.467111587524414,-13.827951431274414,24.481346130371094,-11.841874122619629,14.692986488342285,-9.48385238647461,9.657087326049805,-16.03189468383789,12.021992683410645,-22.354598999023438,7.05411434173584,-20.056936264038086,9.468832969665527,-15.451001167297363,8.542101860046387,-15.937262535095215,6.458917140960693,-13.517772674560547,6.104475975036621,-8.040519714355469,5.447251796722412,1095.6310705418502,401.67770719898533,1557.91105248944,329.83476621565575,1879.5882936507937,1245.2683845392928,0.08250790550595238,0.0559300530300493,0.1557018905878067,0.035201605409383774,0.011361240409314632,0.04758066684007645
human_hi_061.wav,human,-280.4815979003906,93.61383056640625,156.25567626953125,55.02729034423828,-29.19513702392578,31.90161895751953,14.189457893371582,30.046497344970703,6.351944923400879,12.908392906188965,-28.983476638793945,20.42824935913086,-9.000898361206055,12.400910377502441,-11.459795951843262,12.51396656036377,-11.38261604309082,12.53540325164795,-8.73991584777832,8.998961448669434,-14.708805084228516,7.921469688415527,-6.583373069763184,6.818900108337402,-8.015950202941895,7.313200950622559,805.4215846951462,345.64703848836956,710.1408612376828,230.89423885164211,1396.701388888889,630.9679792421516,0.06613110739087301,0.05291460677700566,0.146369069814682,0.07902712374925613,0.002049072878435254,0.006453247275203466
human_hi_062.wav,human,-240.39439392089844,46.586021423339844,170.3665313720703,37.744178771972656,0.9645261168479919,21.82839584350586,69.45614624023438,34.065032958984375,-8.85186767578125,15.696076393127441,-28.461400985717773,14.426752090454102,13.116605758666992,14.796713829040527,-25.27812957763672,13.350534439086914,-11.709953308105469,13.27321720123291,-8.5343656539917,9.624709129333496,-16.24596405029297,9.75532341003418,1.3829795122146606,9.23313045501709,-15.348194122314453,8.010530471801758,758.2577969017985,530.416781108657,794.170059453662,319.7304807412598,1364.4593253968253,1093.0572483109747,0.06625511532738096,0.05713852613362157,0.20568235218524933,0.08365850895643234,2.7138459699926898e-05,9.559619502397254e-05
human_hi_063.wav,human,-133.96546936035156,46.09489059448242,119.06803131103516,33.23438262939453,-10.282696723937988,12.398112297058105,-1.7996660470962524,14.349340438842773,4.482008457183838,11.727202415466309,-16.83481788635254,10.3106050491333,-4.046563625335693,6.823919296264648,-2.0548207759857178,5.936744689941406,-10.848179817199707,6.929478168487549,-5.560349464416504,6.515372276306152,-7.56255578994751,5.981448650360107,-10.196800231933594,5.325995445251465,-4.07889986038208,4.043424129486084,1369.4403634023688,672.9166061401114,1527.6808106010158,295.4562020940411,2334.2633928571427,1266.9209111423365,0.10005890376984126,0.09442029440450705,0.15233424305915833,0.07080868631601334,0.04285920411348343,0.12717075645923615
human_hi_064.wav,human,-271.897216796875,100.73650360107422,179.9425048828125,57.87199020385742,-31.59368324279785,39.55192947387695,12.23436450958252,24.590728759765625,9.017107963562012,13.173237800598145,-22.055011749267578,16.862279891967773,-15.772637367248535,9.810112953186035,-19.60039710998535,12.720756530761719,-2.551750421524048,11.894058227539062,-10.987465858459473,7.80704402923584,-19.372177124023438,7.8866190910339355,1.7054885625839233,7.310398578643799,-10.615349769592285,6.728598594665527,773.5773685168616,348.25763416819996,674.4917314225947,228.41667708895523,1385.1066468253969,678.9145533867379,0.06492978050595238,0.04782017314652227,0.13972732424736023,0.06776852160692215,0.0018286177655681968,0.0062316120602190495
human_hi_065.wav,human,-241.69631958007812,39.074363708496094,192.55099487304688,21.825716018676758,-31.049388885498047,23.97138214111328,23.775184631347656,20.653682708740234,-15.024352073669434,13.7920503616333,-14.327064514160156,11.083459854125977,9.134540557861328,11.829733848571777,-39.324546813964844,12.019637107849121,-10.368695259094238,9.491720199584961,-3.5596673488616943,11.29215145111084,-25.094892501831055,6.977043628692627,-0.6829568147659302,6.468164920806885,-12.500036239624023,6.937053680419922,740.7627969279336,202.87547782012453,729.7033262297379,214.13374446807032,1294.0228174603174,561.9361729771424,0.060783265128968256,0.018060721741732545,0.11195068806409836,0.05081915482878685,0.0001846548984758556,0.0012622863287106156
human_hi_066.wav,human,-192.76365661621094,51.451351165771484,78.86189270019531,33.989288330078125,-7.619261741638184,24.28345489501953,-3.313857078552246,21.341659545898438,8.07292366027832,12.922198295593262,-11.741379737854004,13.359238624572754,-12.913093566894531,9.6427640914917,-5.943390846252441,7.836081027984619,-11.032182693481445,9.835851669311523,-9.163269996643066,8.83800983428955,-4.242175579071045,7.053832530975342,-7.812450885772705,6.955760478973389,-8.836893081665039,7.561716079711914,1830.3919928948496,795.5923664270645,1872.8456867395346,360.8845309232226,3543.402777777778,1680.5629857667307,0.14689515128968253,0.11635386600331801,0.08475425839424133,0.04378514736890793,0.07427021861076355,0.15888017416000366
human_hi_067.wav,human,-277.7046813964844,69.04254150390625,164.40924072265625,39.71192169189453,-10.060270309448242,30.798368453979492,23.353099822998047,26.73004722595215,-2.605492115020752,8.266983032226562,-27.026697158813477,18.009279251098633,-5.843870162963867,11.972806930541992,-22.46904182434082,10.979344367980957,-9.380049705505371,11.722826957702637,-0.6661742925643921,8.058372497558594,-16.967561721801758,7.437246799468994,-1.1743948459625244,7.496618747711182,-1.635749101638794,6.410463333129883,616.5171295589499,158.98768589016757,635.4508004078269,186.47495937443094,992.8695436507936,422.82353573889685,0.04164341517857143,0.015105917585497404,0.12546397745609283,0.056710321456193924,0.03182824328541756,0.17530931532382965
human_hi_068.wav,human,-255.4893798828125,69.41947937011719,160.583251953125,28.175922393798828,-36.915523529052734,44.410179138183594,52.30010986328125,30.24545669555664,-4.422061443328857,14.719502449035645,-31.511890411376953,18.506311416625977,10.288803100585938,12.17584228515625,-29.898828506469727,11.157174110412598,-20.246435165405273,10.820412635803223,-5.6091389656066895,9.190669059753418,-17.806236267089844,7.098430633544922,-6.479186534881592,10.451201438903809,-14.580814361572266,8.685888290405273,848.1024008248088,361.33339081449367,800.2911877956141,233.5106775240165,1599.392361111111,823.5784139555037,0.06658063616071429,0.0391303772380679,0.15226200222969055,0.050996050238609314,0.00011069667380070314,0.0007405243231914937
human_hi_069.wav,human,-210.1018524169922,63.27478790283203,49.3122444152832,36.154300689697266,-5.500957012176514,19.880903244018555,22.706697463989258,24.015850067138672,-10.454943656921387,13.997149467468262,-35.93964385986328,26.166112899780273,-7.059341907501221,11.51622486114502,-6.19321346282959,10.53717041015625,-11.187321662902832,10.986282348632812,-3.081268072128296,7.866885185241699,-3.807541608810425,6.717037200927734,-3.6291329860687256,7.56902551651001,-5.2579026222229,7.10816764831543,2411.9096177276333,1022.4099010176486,1894.6943899864555,372.92882932353376,4330.419146825397,1725.0687274069678,0.2257293216765873,0.16633246688046838,0.08165828138589859,0.07220298051834106,0.16449865698814392,0.23550839722156525
human_hi_070.wav,human,-266.7943420410156,115.87144470214844,143.62335205078125,70.484619140625,-32.34828186035156,31.376976013183594,16.12537384033203,30.154130935668945,2.93625545501709,11.13107967376709,-26.96672248840332,23.55810546875,-6.58138370513916,12.069536209106445,-18.757741928100586,12.817523956298828,-12.433843612670898,14.401440620422363,-4.46565055847168,7.455623626708984,-16.701602935791016,10.145785331726074,-4.572285175323486,8.311232566833496,-1.6600552797317505,7.189277172088623,637.9274788030806,344.4651312088613,554.8919108000626,308.47518077233707,1238.405257936508,773.3471406145557,0.04893663194444445,0.027588654613661574,0.20021793246269226,0.1166098341345787,0.17464402318000793,0.37960898876190186
human_hi_071.wav,human,-340.319580078125,96.91905975341797,157.72389221191406,45.955352783203125,-17.2587833404541,35.554534912109375,31.421255111694336,44.10783767700195,0.3293987512588501,23.1005859375,-13.636754989624023,20.642532348632812,12.101503372192383,14.770092964172363,-17.098291397094727,13.901084899902344,-7.823916435241699,9.965248107910156,-1.5583332777023315,10.372950553894043,-12.36249828338623,10.806890487670898,-1.2040431499481201,10.061661720275879,-13.7445707321167,7.455363750457764,781.3404629380923,303.9665881487135,800.6368649748322,225.71460861598447,1551.2772817460318,715.2669769876487,0.060074094742063495,0.042144889169063574,0.07081282138824463,0.05736970156431198,0.0004150264139752835,0.0015383930876851082
human_hi_072.wav,human,-184.0660400390625,31.530799865722656,72.87174224853516,22.080245971679688,16.06902313232422,19.132535934448242,40.73480987548828,23.88148307800293,-0.6083704829216003,11.352840423583984,-8.773805618286133,13.932879447937012,3.232513904571533,9.661890029907227,-20.267053604125977,8.806915283203125,-11.155801773071289,12.113688468933105,-9.94941234588623,7.537672519683838,-15.139300346374512,6.602092742919922,-6.241523265838623,8.08597469329834,-11.84955883026123,5.430473804473877,1775.436535001347,563.4617372561991,1898.356807948397,274.7830587026573,3683.345734126984,967.1774663776331,0.09967137896825397,0.06667844078357102,0.0917171984910965,0.03762369230389595,0.02033310756087303,0.03464894741773605
human_hi_073.wav,human,-281.1385498046875,69.08199310302734,161.2688751220703,41.88373565673828,-12.524519920349121,29.243619918823242,-6.370565414428711,23.87080955505371,-11.841937065124512,9.870528221130371,-26.18798828125,14.824333190917969,-6.024978160858154,10.06485652923584,-22.552019119262695,9.079842567443848,-24.4631290435791,11.240242004394531,-1.1414064168930054,8.630197525024414,-11.667428970336914,7.9558916091918945,-16.611061096191406,7.664146900177002,-2.0951433181762695,6.996466636657715,721.526845207474,219.72358222759166,610.5087081807862,245.92617934911544,1202.3809523809523,563.1260884846567,0.060760013640873016,0.01763631843531365,0.16195139288902283,0.09248516708612442,0.0009583387291058898,0.005996198859065771
human_hi_074.wav,human,-304.383544921875,80.18609619140625,148.13638305664062,51.94778060913086,-3.5527126789093018,27.92879295349121,5.665261745452881,24.90743064880371,-12.192633628845215,10.604973793029785,-32.86524963378906,19.53011703491211,-9.868569374084473,9.776286125183105,-19.793386459350586,11.992515563964844,-20.43499183654785,12.441781044006348,-5.6906352043151855,7.552761077880859,-14.72779655456543,8.015153884887695,-9.860736846923828,7.508786678314209,-0.8774121403694153,6.1317596435546875,591.1248460574802,218.59475403476893,528.56651717613,236.46735677167428,856.2127976190476,446.72349664143286,0.058093843005952384,0.028259811664973516,0.13577590882778168,0.07540937513113022,0.07952044159173965,0.2702653408050537
human_hi_075.wav,human,-150.60951232910156,35.216209411621094,61.63496017456055,25.828285217285156,3.2882533073425293,22.395587921142578,17.261699676513672,16.73462677001953,10.39156436920166,10.89673900604248,-17.518470764160156,18.4224796295166,-15.737883567810059,10.826720237731934,-13.651619911193848,9.240385055541992,-15.333612442016602,12.322543144226074,-10.413406372070312,10.038006782531738,-11.864121437072754,8.287999153137207,-9.135381698608398,6.779500961303711,-1.392454981803894,7.4791436195373535,1879.595986465362,706.0782885591404,1972.0387038282174,318.1290981862113,3818.3283730158732,1524.397443958222,0.13905164930555555,0.11269915022119399,0.1656276136636734,0.08464469015598297,0.05634308606386185,0.12714731693267822
human_hi_076.wav,human,-294.1553649902344,89.84552001953125,151.25428771972656,48.39761734008789,-9.218672752380371,37.640201568603516,-12.660602569580078,27.415843963623047,-27.304502487182617,13.120588302612305,-35.09811782836914,17.129440307617188,-6.945381164550781,12.709819793701172,-15.08025074005127,8.364656448364258,-16.36673355102539,14.380696296691895,-2.885500907897949,9.147269248962402,-11.728876113891602,6.074151992797852,-13.175985336303711,7.471079349517822,-5.363622188568115,8.350992202758789,744.6288863614052,179.5338128389978,585.117794418786,184.13180131299865,1093.1299603174602,422.99716089789183,0.06969246031746032,0.019496672787234708,0.14923536777496338,0.11665109544992447,0.00026289361994713545,0.0008629283402115107
human_hi_077.wav,human,-262.481689453125,90.24410247802734,152.2312774658203,50.54645919799805,-30.308643341064453,34.29409408569336,52.46585464477539,35.252685546875,3.0160982608795166,18.173540115356445,-27.95647430419922,19.672597885131836,6.415299892425537,13.886899948120117,-18.676130294799805,15.856502532958984,-5.456003189086914,11.357872009277344,-4.658214092254639,13.779433250427246,-13.623786926269531,10.410164833068848,5.3139214515686035,8.293694496154785,-9.758742332458496,9.854927062988281,851.5130150338563,349.35778989758376,834.3922519698614,278.9136548910647,1808.1597222222222,727.525627026894,0.06387183779761904,0.04179515619644689,0.11443431675434113,0.06944645941257477,0.04777221009135246,0.21292640268802643
human_hi_078.wav,human,-169.3866729736328,50.6127815246582,88.84481048583984,37.0662727355957,8.566536903381348,35.44685363769531,22.066009521484375,32.72299575805664,0.5396125316619873,18.568836212158203,-5.071423053741455,15.663203239440918,0.6716170310974121,12.681456565856934,-17.799226760864258,15.265623092651367,-5.6635355949401855,11.613622665405273,0.436391681432724,11.44653606414795,-5.670227527618408,10.213726997375488,2.641756296157837,8.28812313079834,-2.83781099319458,7.230979919433594,1609.7364219255664,664.6936444477102,1754.0456961418324,351.6992781884999,3151.2276785714284,1343.7923438202936,0.14453125,0.10464793245806005,0.10805074870586395,0.0636819452047348,0.035847052931785583,0.06587006151676178
human_hi_079.wav,human,-313.9193420410156,79.43712615966797,159.73611450195312,51.62570571899414,7.9375505447387695,24.404483795166016,23.065019607543945,26.880830764770508,-8.138227462768555,10.667753219604492,-29.2691707611084,16.673843383789062,-6.062926292419434,11.256457328796387,-23.57954978942871,11.66080093383789,-19.413198471069336,11.334142684936523,-2.6767117977142334,7.717530250549316,-9.132136344909668,7.170813083648682,-3.063284158706665,6.526584148406982,-5.230220317840576,5.36107063293457,528.2319201200071,201.9896342538061,529.7665781458005,222.92126275250448,750.7440476190476,441.70868029539486,0.04056609623015873,0.01446457904273468,0.12927548587322235,0.07215803861618042,0.06403540819883347,0.2437577098608017
human_hi_080.wav,human,-303.91357421875,85.0116195678711,161.41502380371094,59.91345977783203,3.448199510574341,31.56106948852539,12.747830390930176,21.018613815307617,10.737761497497559,13.122052192687988,0.3660154938697815,14.569512367248535,0.7829168438911438,12.109810829162598,-11.35976505279541,11.073019027709961,-1.1548768281936646,11.288552284240723,-2.5475871562957764,9.083782196044922,-6.636958122253418,8.843080520629883,1.9676722288131714,6.677368640899658,-8.211545944213867,6.5496134757995605,531.9243745895463,368.0291878340835,589.1465215561587,314.94564042361145,974.702380952381,767.2483073010557,0.0341370597718254,0.04776096279464837,0.12357990443706512,0.07722656428813934,0.07954992353916168,0.2702579200267792
human_hi_081.wav,human,-188.4816131591797,45.880523681640625,77.33529663085938,28.402097702026367,-4.14963436126709,26.72014045715332,7.198338508605957,27.419816970825195,0.5694369077682495,14.981441497802734,-18.90230941772461,15.96692180633545,-9.706620216369629,10.809157371520996,-14.503661155700684,11.215535163879395,-16.298095703125,13.449200630187988,-3.5229861736297607,11.493317604064941,-10.966612815856934,6.547603130340576,-13.426077842712402,8.372821807861328,-2.1179451942443848,6.3492865562438965,1527.5184586656483,599.2315966350756,1702.4958268221028,385.6883744484489,2860.3050595238096,1499.2259155423428,0.10124472966269842,0.08309917971448239,0.15807877480983734,0.07215462625026703,0.028746504336595535,0.09363196790218353
human_hi_082.wav,human,-274.22283935546875,70.66165924072266,168.00962829589844,38.86487579345703,-54.36237716674805,36.79645538330078,21.2971248626709,42.16099548339844,5.533299446105957,17.769075393676758,-20.761661529541016,19.047687530517578,7.083272933959961,15.447572708129883,-17.8442440032959,13.468822479248047,-8.503087997436523,13.100308418273926,-1.275527834892273,12.996317863464355,-16.387792587280273,9.02178955078125,-4.264750003814697,9.341267585754395,-9.060503959655762,7.933955192565918,971.8269989891137,278.12495604546723,800.9581232423654,203.7896638657151,1822.7306547619048,536.3007095908569,0.07893492683531746,0.0372115796942873,0.07345319539308548,0.04480287432670593,0.00020170400966890156,0.000651469046715647
human_hi_083.wav,human,-283.2655334472656,94.81209564208984,162.67205810546875,60.16887664794922,-25.795650482177734,30.826675415039062,44.40654754638672,38.681339263916016,-5.561743259429932,11.933023452758789,-20.623275756835938,14.641229629516602,8.790318489074707,14.683486938476562,-28.247404098510742,15.04978084564209,-5.311216354370117,14.681380271911621,2.8420677185058594,11.335485458374023,-11.594767570495605,13.429234504699707,3.2429842948913574,10.440608978271484,-9.947380065917969,8.973001480102539,877.6823992381971,586.204750650841,809.4382100872795,387.96412317940917,1622.829861111111,1068.954629261492,0.07379247271825397,0.06922496704797058,0.10208413004875183,0.06059223413467407,0.06374170631170273,0.24378633499145508
human_hi_084.wav,human,-191.79498291015625,51.793846130371094,76.25641632080078,33.02675247192383,14.803875923156738,27.27581787109375,8.399018287658691,31.33225440979004,-5.178067207336426,13.997464179992676,-11.966732025146484,14.50753402709961,-3.409929037094116,10.316252708435059,-11.917555809020996,9.427497863769531,-14.480864524841309,12.457840919494629,-9.43961238861084,10.26126766204834,-14.277423858642578,7.5429558753967285,-15.15211296081543,7.322082042694092,-10.143325805664062,6.760349750518799,1838.4080210530146,830.1020995916847,1962.2499949492556,366.975912740198,3852.120535714286,1629.8398866718987,0.12022956969246032,0.1173287348962525,0.09454566985368729,0.05795979127287865,0.06963369995355606,0.15320229530334473
human_hi_085.wav,human,-323.5388488769531,109.81266021728516,139.12466430664062,62.140682220458984,-21.04131507873535,30.219009399414062,39.22887420654297,28.569866180419922,3.7935328483581543,11.952863693237305,-21.053245544433594,17.162500381469727,-0.07370252162218094,12.96568775177002,-28.358552932739258,14.541664123535156,-10.695374488830566,12.871647834777832,-4.236023902893066,7.4938435554504395,-25.47939109802246,12.329668045043945,-3.743633270263672,7.452915668487549,-2.5080387592315674,7.349457740783691,651.1547707033001,367.4236108122249,671.939974741418,319.98298209550234,1199.466765873016,853.4016827662231,0.05921378968253968,0.03795516745254296,0.11602041125297546,0.07594111561775208,0.12737490236759186,0.33282148838043213
human_hi_086.wav,human,-239.3646697998047,90.71536254882812,143.19972229003906,52.703834533691406,-28.234498977661133,33.623985290527344,46.16926193237305,28.430097579956055,10.009923934936523,14.55020809173584,-30.28251075744629,19.980945587158203,-1.4847924709320068,13.18669605255127,-27.241390228271484,13.530373573303223,-18.229368209838867,13.69264030456543,-6.554579734802246,11.246545791625977,-27.17866325378418,9.61236572265625,-3.8829643726348877,10.385262489318848,-1.1182781457901,7.269513130187988,905.9644413001993,410.29327600381936,808.8272829496784,230.07590439687866,1703.311011904762,793.5218367182645,0.07999674479166667,0.057223944663797294,0.21400664746761322,0.11882351338863373,0.0007098122150637209,0.00306908437050879
human_hi_087.wav,human,-149.1457977294922,62.90411376953125,78.9078369140625,31.66437530517578,-8.672649383544922,30.514944076538086,38.32249069213867,32.810977935791016,5.7743449211120605,16.392574310302734,-18.668724060058594,16.91408348083496,-9.03176212310791,11.840478897094727,-20.577342987060547,11.864602088928223,-13.703378677368164,10.002066612243652,-20.217578887939453,12.879941940307617,-10.03528118133545,9.457244873046875,4.474107265472412,9.23584270477295,-15.512238502502441,9.7522554397583,1677.501344280034,649.6589541197745,1653.2211436696628,396.7343124372917,3262.5248015873017,1344.8814851436916,0.14795696924603174,0.10041339711651612,0.18912476301193237,0.0908212810754776,0.030076056718826294,0.07874905318021774
human_hi_088.wav,human,-242.92898559570312,58.49148178100586,156.8752899169922,26.639820098876953,-32.04133605957031,34.00293731689453,13.0108060836792,29.237363815307617,-11.566258430480957,17.46009063720703,-41.20886993408203,19.098655700683594,-3.1546995639801025,14.797698974609375,-22.46957778930664,10.926132202148438,-24.42576789855957,13.887572288513184,0.16416549682617188,9.872354507446289,-14.643678665161133,9.014678955078125,-11.048086166381836,10.10499382019043,2.352198839187622,8.108908653259277,834.8666245572434,218.21112922576532,695.4521694626883,205.0864209234402,1551.9593253968253,661.9739254277854,0.06859576512896826,0.016103265215640202,0.20103542506694794,0.10262465476989746,4.5067925384500995e-05,0.00017831972218118608
human_hi_089.wav,human,-264.055419921875,63.22810363769531,165.11183166503906,29.14365577697754,-52.944000244140625,42.30655288696289,6.4549970626831055,38.75026321411133,-9.284808158874512,17.074092864990234,-38.42299270629883,24.20071029663086,-2.9195635318756104,12.564203262329102,-27.679542541503906,10.574339866638184,-22.576379776000977,12.953312873840332,3.8469202518463135,11.170641899108887,-15.166413307189941,7.745759963989258,-7.84549617767334,8.808058738708496,0.8096098303794861,7.468661785125732,942.1692283198132,260.82177808468236,705.3714074497085,220.1973960253952,1665.860615079365,571.233460421158,0.07941545758928571,0.025938170943659578,0.13831014931201935,0.07263540476560593,0.00012084265472367406,0.0008699469617567956
human_hi_090.wav,human,-178.92933654785156,41.476505279541016,87.0744857788086,25.761444091796875,-7.254358768463135,21.065553665161133,2.8610877990722656,23.464170455932617,10.744515419006348,11.056885719299316,-12.658194541931152,13.707683563232422,-12.282666206359863,11.336549758911133,-4.928389072418213,9.62015438079834,-10.43907356262207,7.575337886810303,-12.226269721984863,12.22103214263916,-5.767378330230713,7.973813056945801,-3.758627414703369,6.370913028717041,-5.99723482131958,7.866668701171875,1627.0039329289307,450.00843671277113,1837.4525409383534,344.27006974469407,3247.3958333333335,1338.1066031426674,0.08290318080357142,0.04607095787143029,0.09206943958997726,0.04274311289191246,0.019156837835907936,0.044316615909338
human_hi_091.wav,human,-292.2493896484375,132.86033630371094,146.0626220703125,70.72543334960938,-59.43485641479492,39.61918258666992,17.83429527282715,31.160242080688477,-9.519867897033691,12.2066011428833,-37.81291961669922,23.35724449157715,1.9787780046463013,11.423075675964355,-19.79753303527832,15.478036880493164,-11.069681167602539,10.847566604614258,1.42030668258667,8.390251159667969,-15.615742683410645,10.320287704467773,-3.206207275390625,7.927107810974121,-4.67724609375,7.198087215423584,831.6416649208197,412.8527014944331,663.1132840051163,358.3126650209054,1639.1369047619048,887.6442098880948,0.059585813492063495,0.032870866098995234,0.09527580440044403,0.06926967948675156,0.17473113536834717,0.37956956028938293
human_hi_092.wav,human,-281.8533020019531,51.41374206542969,194.40028381347656,26.90401840209961,-2.7754018306732178,26.081575393676758,-11.52982234954834,21.156362533569336,-8.940028190612793,10.701799392700195,-19.084341049194336,15.181462287902832,-6.576295375823975,9.642462730407715,-14.896039962768555,11.258622169494629,-14.763748168945312,10.073563575744629,-8.886767387390137,11.89472770690918,-15.086177825927734,7.615771293640137,-11.274611473083496,6.065016746520996,-7.480478763580322,5.955039978027344,590.4146086982553,106.8967495849345,477.7224455165898,94.22997197848957,902.0957341269841,243.87311536274942,0.054164341517857144,0.012069566173673269,0.1348738819360733,0.060711074620485306,1.496677487011766e-05,6.240810034796596e-05
human_hi_093.wav,human,-175.47573852539062,53.47675704956055,91.52770233154297,36.24027633666992,15.463364601135254,25.09169578552246,22.37796401977539,28.42188262939453,-2.4204864501953125,19.342952728271484,-17.267444610595703,12.981807708740234,-6.698503494262695,10.539429664611816,-16.43230628967285,13.51859188079834,-9.861388206481934,10.87493896484375,0.2905174493789673,14.111241340637207,-7.456753730773926,7.721283912658691,-5.969384670257568,6.68622350692749,-5.65283203125,7.975430965423584,1547.0641223498353,775.6731216002996,1753.7544528115448,366.3600510491815,3075.3348214285716,1606.4299655695481,0.11925688244047619,0.10840729484787906,0.13207420706748962,0.07650972902774811,0.05142618343234062,0.1349177211523056
human_hi_094.wav,human,-234.9564971923828,69.6582260131836,142.8116455078125,39.02552795410156,-47.94950485229492,32.88572311401367,45.8565559387207,33.877227783203125,-0.6333094835281372,15.032454490661621,-48.38139724731445,20.065744400024414,2.3623104095458984,13.042410850524902,-17.885854721069336,13.670951843261719,-18.155954360961914,12.58714771270752,-1.5601481199264526,6.788840293884277,-15.487183570861816,10.642919540405273,-2.081580638885498,9.736289024353027,-4.124916076660156,8.200884819030762,1060.4528797679707,357.5499150149967,856.0715135329599,197.4063413956351,2052.4553571428573,622.0726468567258,0.09477306547619048,0.05408781931284094,0.18765372037887573,0.1027609258890152,0.00018194463336840272,0.0006562913185916841
human_hi_095.wav,human,-236.6510009765625,66.95556640625,175.30929565429688,38.54899978637695,-26.123098373413086,35.99644470214844,31.980037689208984,36.3160285949707,-7.40813684463501,15.11431884765625,-26.836278915405273,16.896499633789062,3.8364417552948,11.373228073120117,-22.904945373535156,10.535624504089355,-10.638952255249023,11.524840354919434,-5.779172420501709,9.771286964416504,-14.987089157104492,7.194249629974365,-3.8770899772644043,8.705015182495117,-15.46353530883789,7.87052059173584,795.12008112272,278.743351151018,748.9752006496664,214.27739326597904,1539.6825396825398,680.9503547998795,0.060694134424603176,0.02914121060858778,0.1304396241903305,0.06413469463586807,0.00010835253488039598,0.00043934929999522865
human_hi_096.wav,human,-178.0314178466797,59.74541091918945,72.85770416259766,35.86266326904297,-6.317066669464111,27.484355926513672,29.771520614624023,26.026962280273438,-1.9887137413024902,10.645097732543945,-43.9913444519043,22.35475730895996,-13.741714477539062,11.727063179016113,-10.562372207641602,12.755131721496582,-18.999584197998047,14.904842376708984,-4.19081449508667,6.993517875671387,-5.862602233886719,7.7366437911987305,-6.638653755187988,9.390765190124512,-2.2414567470550537,7.120065212249756,1815.377675190876,858.3776246455245,1676.4820213245873,407.2792872737625,3385.0446428571427,1651.2243992099318,0.17320421006944445,0.12316533043100612,0.16445861756801605,0.09531581401824951,0.07240357995033264,0.15420140326023102
human_hi_097.wav,human,-225.7110137939453,57.30900573730469,166.7500457763672,28.938018798828125,-40.972251892089844,30.946353912353516,9.693621635437012,33.159446716308594,-0.0197940394282341,12.924517631530762,-42.77668380737305,19.20586395263672,-12.73198127746582,10.867170333862305,-14.656834602355957,9.713150024414062,-18.061704635620117,10.939428329467773,-6.199367046356201,7.738264083862305,-14.369792938232422,8.107991218566895,-8.970897674560547,7.430562973022461,-5.337443828582764,6.264219284057617,818.3266240467725,202.84731388997315,660.316319863932,149.66575451875727,1531.9940476190477,490.5642842593199,0.07271515376984126,0.024673994743736917,0.1709623634815216,0.06779129803180695,3.019648647750728e-05,9.15337514015846e-05
human_hi_098.wav,human,-280.05523681640625,118.82315063476562,157.2882537841797,69.48649597167969,-25.341230392456055,36.52467346191406,39.89344024658203,43.18724822998047,-6.278244972229004,17.879016876220703,-18.492549896240234,19.603975296020508,13.159235000610352,12.865509033203125,-31.825040817260742,17.176977157592773,-16.18120002746582,13.890069007873535,0.6024841070175171,9.39822006225586,-16.338363647460938,10.558035850524902,-2.4593827724456787,7.899017810821533,-7.160952568054199,6.66873836517334,740.398788367175,408.7951511651661,722.7925830598499,359.45685223053744,1549.6031746031747,962.4799680106424,0.055745442708333336,0.042416177842282674,0.1221012994647026,0.07865089178085327,0.11909562349319458,0.3238271474838257
human_hi_099.wav,human,-183.2694549560547,33.90495300292969,91.9535140991211,23.316608428955078,14.858118057250977,22.73911476135254,7.152754306793213,24.409502029418945,-12.444650650024414,12.126626014709473,-18.859439849853516,12.615074157714844,-11.139165878295898,9.810189247131348,-20.03900718688965,9.06640625,-11.544378280639648,11.581324577331543,-5.289785861968994,7.914146900177002,-12.128758430480957,6.973896026611328,-7.077489852905273,7.3711934089660645,-7.194309234619141,6.008254051208496,1360.7990499640068,434.683291208588,1706.9514695777161,350.06054912527463,2777.901785714286,1304.1484473907228,0.08448428199404762,0.050397809628932325,0.16249170899391174,0.08230032026767731,0.01591736450791359,0.04469504952430725
human_hi_100.wav,human,-229.6527557373047,55.050331115722656,161.00025939941406,28.083330154418945,-43.060569763183594,37.6705436706543,38.237579345703125,31.18285369873047,6.011072158813477,14.275717735290527,-27.789447784423828,15.842623710632324,3.6425936222076416,11.107538223266602,-21.672657012939453,9.107758522033691,-11.390317916870117,10.09398365020752,-2.5498664379119873,8.246475219726562,-15.712409019470215,7.490201473236084,-1.672495722770691,8.085699081420898,-8.956927299499512,7.120551586151123,853.1488601185413,342.87942009534584,780.5813149390291,186.2794801182872,1674.1691468253969,665.3407890078405,0.062085348462301584,0.045063144385896106,0.184371680021286,0.09622835367918015,4.1715822590049356e-05,0.000147958766319789
human_kn_001.wav,human,-142.11575317382812,59.933956146240234,65.1296157836914,64.77055358886719,3.0194225311279297,39.827579498291016,50.09823989868164,26.904861450195312,-5.633901119232178,12.834888458251953,0.6847233772277832,21.895084381103516,-23.94437026977539,9.07889461517334,-22.94971466064453,13.149986267089844,11.601306915283203,10.971491813659668,-10.624300003051758,9.85955810546875,-9.768770217895508,8.226329803466797,-9.573586463928223,10.0850830078125,-10.584646224975586,11.47115421295166,2160.00790591908,1164.0176702551712,1675.3638703513805,328.9258592009542,4149.367559523809,1282.4228531789356,0.17462255084325398,0.1280625562825599,0.12000850588083267,0.05100550875067711,0.04289111867547035,0.06707516312599182
human_kn_002.wav,human,-184.90293884277344,107.4386978149414,38.500831604003906,54.320701599121094,2.033463716506958,25.413951873779297,20.75293731689453,26.054946899414062,-5.13228178024292,13.480305671691895,-4.5809149742126465,18.082740783691406,-9.2813081741333,12.87523078918457,-14.381148338317871,17.286378860473633,0.2032213807106018,9.779925346374512,-7.984583854675293,12.356278419494629,-6.679712772369385,9.770879745483398,-1.5725281238555908,7.352170467376709,-8.48263931274414,9.874420166015625,2769.854879544198,1286.8298776531096,1941.0441247867532,381.80988886203863,4939.670138888889,1878.4622153166806,0.29323226686507936,0.19616578367833823,0.11852238327264786,0.11049292981624603,0.24608658254146576,0.26034462451934814
human_kn_003.wav,human,-162.6377716064453,75.38246154785156,113.24857330322266,61.53646469116211,-10.567916870117188,33.99427032470703,30.68376922607422,29.831560134887695,-9.805415153503418,18.85626220703125,1.2418041229248047,16.145524978637695,-6.165373802185059,13.679059028625488,-23.00893211364746,18.05776596069336,5.689705848693848,18.23919105529785,-9.519296646118164,12.815288543701172,-8.02743911743164,10.80384635925293,-2.7653563022613525,12.564826011657715,-13.350301742553711,13.236693382263184,1429.4561241919337,931.7549242234684,1368.4966991903084,341.03897261339256,2646.0813492063494,1496.1382755821967,0.10310484871031746,0.09526168124990096,0.1474028080701828,0.06051717326045036,0.020529529079794884,0.04752539470791817
human_kn_004.wav,human,-112.8880844116211,52.58207702636719,92.94810485839844,59.80715560913086,-4.659786224365234,38.41023254394531,40.495086669921875,29.46331214904785,-9.624223709106445,22.051342010498047,0.6220337152481079,19.126951217651367,-12.428293228149414,17.369304656982422,-28.127761840820312,15.316801071166992,1.0136626958847046,15.078832626342773,-15.616016387939453,12.201687812805176,-9.417070388793945,13.827384948730469,-5.073984622955322,10.345708847045898,-16.759078979492188,13.253721237182617,1596.061789746144,904.1088444686501,1512.749066375631,408.2991595191246,3127.6661706349205,1464.6811790404377,0.10505409846230158,0.08407721850116989,0.2215479463338852,0.06231975927948952,0.016458850353956223,0.03423119708895683
human_kn_005.wav,human,-129.01133728027344,84.39275360107422,72.94758605957031,56.68186950683594,-0.616424560546875,31.594993591308594,23.014381408691406,32.5509033203125,-7.717624187469482,19.14495277404785,-3.426284074783325,15.910757064819336,-11.984196662902832,14.483956336975098,-20.512514114379883,14.703421592712402,4.539218902587891,11.490256309509277,-10.423771858215332,12.265617370605469,-8.569612503051758,10.917279243469238,1.0017415285110474,8.993978500366211,-12.43009090423584,11.57935619354248,2047.519454338064,1074.2237316089563,1736.4027473560577,372.1837108278943,3883.4325396825398,1660.4984337988733,0.1873101128472222,0.13802305389046865,0.158066064119339,0.08835189789533615,0.09440508484840393,0.1747170388698578
human_kn_006.wav,human,-266.1910400390625,165.63760375976562,74.05805969238281,76.39623260498047,2.3730251789093018,30.566146850585938,22.10607147216797,26.699827194213867,-15.860394477844238,27.146699905395508,-2.621980667114258,21.842559814453125,-3.574026584625244,18.33458137512207,-20.32034683227539,21.128557205200195,3.4668052196502686,9.056687355041504,-5.376428604125977,13.176896095275879,-7.48685884475708,11.685728073120117,-0.6560309529304504,11.780587196350098,-11.160381317138672,12.554443359375,1555.8191806623847,989.7849915771933,1492.3515943849502,605.6855722314239,3042.0386904761904,1808.6452024222747,0.10236080109126984,0.09110140807830183,0.11726047843694687,0.10436992347240448,0.06797168403863907,0.21202050149440765
human_kn_007.wav,human,-133.8725128173828,76.66447448730469,105.19715881347656,68.55224609375,0.5843414664268494,42.22697830200195,49.84727096557617,25.261810302734375,-11.289691925048828,24.843730926513672,-3.553720235824585,27.24822235107422,-12.775500297546387,18.210378646850586,-21.492198944091797,15.539433479309082,7.608531951904297,15.539047241210938,-14.34829044342041,13.798304557800293,-6.860114097595215,9.762608528137207,-4.952908515930176,9.962454795837402,-16.321443557739258,7.484979629516602,1563.000027886787,1004.534608764702,1422.8834019832152,381.61805665477266,2932.7876984126983,1549.9536836453833,0.11852833581349206,0.10426483862417678,0.1798841506242752,0.0741913691163063,0.014658098109066486,0.027360927313566208
human_kn_008.wav,human,-143.27810668945312,63.15780258178711,76.37619018554688,50.53432846069336,7.192018032073975,25.844396591186523,33.437557220458984,29.263992309570312,1.7766972780227661,21.528671264648438,-3.023869037628174,14.30673885345459,-12.064306259155273,16.592432022094727,-24.16926383972168,10.923399925231934,-3.5122263431549072,7.785032272338867,-11.267044067382812,13.220611572265625,-9.922922134399414,11.5543212890625,-4.1692585945129395,9.787432670593262,-10.602150917053223,7.819362163543701,1844.3690622386616,879.1170758395218,1769.6626109834147,380.7764323883099,3701.8849206349205,1498.609566552308,0.17154560391865079,0.10592787947010762,0.13800488412380219,0.07000598311424255,0.04134490713477135,0.06498085707426071
human_kn_009.wav,human,-111.42841339111328,68.26324462890625,149.14833068847656,22.611188888549805,-11.879667282104492,34.635345458984375,26.84427261352539,15.065080642700195,-27.54318618774414,24.36428451538086,-6.902530670166016,12.229278564453125,-0.855047881603241,14.119865417480469,-27.90882682800293,14.437784194946289,11.873394012451172,13.278748512268066,-18.336410522460938,14.211692810058594,5.017926216125488,13.471468925476074,3.1587839126586914,8.448383331298828,-20.21684455871582,8.567543029785156,1048.9932864634734,240.6210505655196,1242.690153440597,205.73775300217258,2160.094246031746,798.0732959204538,0.0613219246031746,0.018846229566743537,0.2575624883174896,0.09110777825117111,0.0024260322097688913,0.003375036409124732
human_kn_010.wav,human,-136.70262145996094,66.05033111572266,125.62804412841797,45.98146438598633,-10.342161178588867,28.84316062927246,42.63141632080078,28.831403732299805,-5.861772537231445,30.935626983642578,-2.2213711738586426,18.89886474609375,-16.085811614990234,17.009153366088867,-25.932100296020508,14.385205268859863,5.379589080810547,12.32532787322998,-16.79102325439453,13.213857650756836,-11.818374633789062,10.775018692016602,-5.661042213439941,8.587372779846191,-12.379773139953613,8.970074653625488,1135.111963368875,616.7023496370191,1271.172975385104,302.9524105503171,2049.5411706349205,1107.182680155931,0.06756107390873016,0.05776172383964034,0.21933536231517792,0.08464669436216354,0.00959706399589777,0.030885087326169014
human_kn_011.wav,human,-123.4906005859375,58.12959671020508,97.94098663330078,42.900203704833984,8.956316947937012,33.16042709350586,14.953286170959473,25.088037490844727,-17.533916473388672,26.962167739868164,-2.248927593231201,15.600142478942871,-4.28214693069458,14.696382522583008,-17.220277786254883,11.795754432678223,1.3095475435256958,12.672329902648926,-9.908835411071777,10.949007987976074,-7.423811912536621,10.253849983215332,-1.9492528438568115,8.914474487304688,-6.730348110198975,7.733352184295654,1475.006037997998,732.3520002309958,1611.8329732060436,358.7239737999344,2874.937996031746,1454.7480295425182,0.10496109250992064,0.08779022889383115,0.1828075796365738,0.0682201236486435,0.023888198658823967,0.05810227990150452
human_kn_012.wav,human,-133.306640625,91.23497772216797,135.12576293945312,51.485713958740234,-13.27855110168457,45.62881088256836,31.055089950561523,29.530609130859375,-18.062284469604492,23.435962677001953,-0.2462422251701355,18.144540786743164,-1.7673851251602173,18.51761817932129,-23.64650535583496,13.60522174835205,3.7025859355926514,13.168660163879395,-10.849849700927734,12.827950477600098,-6.797183990478516,8.925902366638184,-2.484873056411743,10.16785717010498,-14.882490158081055,14.01580810546875,1231.1172343754297,683.0225336991437,1263.1257766555266,401.80768036574045,2310.5158730158732,1347.2594332209403,0.0846896701388889,0.06965517133497517,0.17742648720741272,0.059798140078783035,0.009627055376768112,0.029029814526438713
human_kn_013.wav,human,-128.10348510742188,51.503597259521484,113.34064483642578,52.02052307128906,-20.109397888183594,30.983407974243164,24.047595977783203,23.140178680419922,-32.87087631225586,29.659879684448242,-9.297115325927734,14.817052841186523,-0.5459702014923096,19.6601505279541,-29.682199478149414,12.369522094726562,7.114720344543457,13.359286308288574,-14.566666603088379,11.536023139953613,-7.948690891265869,8.014883041381836,-1.0328497886657715,10.039457321166992,-10.44265079498291,10.290494918823242,1409.3995638246804,761.7343781757221,1348.1928841633705,329.0263290271276,2646.5153769841268,1306.9854472433728,0.1193576388888889,0.10123526997264728,0.2177278846502304,0.08735429495573044,0.02148965187370777,0.062327977269887924
human_kn_014.wav,human,-144.28958129882812,63.39582061767578,96.57748413085938,38.578216552734375,9.783696174621582,28.334548950195312,11.774658203125,23.57024574279785,-9.223459243774414,26.9782657623291,1.7438275814056396,14.231690406799316,-4.010105133056641,12.549525260925293,-22.09050750732422,14.583237648010254,-8.78305435180664,13.147900581359863,-7.598339557647705,8.5441312789917,-4.541348457336426,8.193549156188965,-5.0049519538879395,8.068020820617676,-10.91091251373291,9.496918678283691,1552.1714329909412,720.2946401196655,1723.4438601668476,407.7570318660905,3227.058531746032,1550.8627732459458,0.13522290426587302,0.0941783413365824,0.14338476955890656,0.08094187825918198,0.03571810945868492,0.07176251709461212
human_kn_015.wav,human,-236.59579467773438,143.2975616455078,108.81499481201172,57.256591796875,2.3406362533569336,31.40470314025879,34.55202102661133,22.993314743041992,-17.540597915649414,27.108722686767578,-2.701296091079712,18.053876876831055,-3.1194989681243896,18.083650588989258,-23.23081398010254,16.638317108154297,0.8083861470222473,12.052733421325684,-7.5900702476501465,13.014599800109863,-9.393155097961426,10.180033683776855,-1.295373797416687,9.555901527404785,-12.43368911743164,11.60184383392334,1038.418245167593,683.2171393207287,1171.7764919330684,576.7019495662518,2142.2371031746034,1442.9686316520833,0.058182973710317464,0.05420021068914947,0.12281018495559692,0.08048883825540543,0.13586673140525818,0.33064788579940796
human_kn_016.wav,human,-210.54598999023438,142.4541015625,90.21470642089844,73.24002075195312,-2.001091241836548,34.710205078125,31.531923294067383,25.08609390258789,-13.333319664001465,24.767820358276367,3.1098134517669678,16.847707748413086,-0.10105744749307632,16.521400451660156,-21.965213775634766,17.779489517211914,1.3834238052368164,12.059917449951172,-11.23406982421875,14.941880226135254,-5.319326877593994,10.604190826416016,-3.2007837295532227,12.917564392089844,-12.016802787780762,14.376900672912598,1646.6738180344682,1007.4781088819751,1491.70013140849,426.9773775220916,3036.3963293650795,1672.9218331504662,0.12445746527777778,0.10230625051626833,0.1354278177022934,0.0848008319735527,0.02832278236746788,0.05555792525410652
human_kn_017.wav,human,-116.30000305175781,78.0863265991211,81.31563568115234,43.33634948730469,-4.4494428634643555,30.483957290649414,36.26145935058594,32.244869232177734,5.679074764251709,21.161136627197266,5.1353535652160645,14.863471031188965,-7.09616231918335,12.27267074584961,-23.02004623413086,14.431329727172852,-5.862715244293213,9.999866485595703,-15.483405113220215,13.85099983215332,-4.358373641967773,12.918665885925293,-1.0051991939544678,8.43301010131836,-11.640344619750977,8.62124252319336,1772.723450066562,718.1159339586407,1742.533303698357,348.78694417439044,3718.315972222222,1173.365993274567,0.1397375682043651,0.09112125819632699,0.16287966072559357,0.09103485941886902,0.04282034933567047,0.09244247525930405
human_kn_018.wav,human,-232.742919921875,131.4267120361328,86.6463851928711,56.07618713378906,-3.909019947052002,37.21688461303711,30.96983528137207,38.70209884643555,-3.7387657165527344,25.996234893798828,2.7796099185943604,15.525015830993652,-10.77669620513916,16.648775100708008,-12.963655471801758,15.20073413848877,3.3936851024627686,13.527920722961426,-8.908175468444824,14.564779281616211,-7.875432968139648,10.537833213806152,-7.884808540344238,11.790644645690918,-9.917613983154297,12.051628112792969,1485.6645591148663,855.0114732976709,1457.4895393258566,371.28472376035415,2839.409722222222,1462.2673459032933,0.09963262648809523,0.09357391163230641,0.13183730840682983,0.09949008375406265,0.025704078376293182,0.060148414224386215
human_kn_019.wav,human,-216.85922241210938,116.90169525146484,96.61659240722656,69.77568817138672,-17.548633575439453,32.07781982421875,31.725963592529297,32.637306213378906,1.7004097700119019,18.40359878540039,3.0852420330047607,16.668804168701172,-12.253249168395996,15.96508502960205,-29.617467880249023,20.74049186706543,6.9672441482543945,13.913743019104004,-9.546878814697266,14.76674747467041,-10.257689476013184,10.376751899719238,-3.7311248779296875,12.892353057861328,-8.951849937438965,12.087289810180664,1516.4065861041288,867.270402438108,1349.1246613909261,334.340446144049,2703.9930555555557,1253.5200553958648,0.10621667286706349,0.09275833680581605,0.11638002097606659,0.07429228723049164,0.01575235091149807,0.03206591308116913
human_kn_020.wav,human,-113.2493667602539,56.579551696777344,95.1161880493164,41.87114715576172,4.0728230476379395,31.108327865600586,24.571176528930664,30.225317001342773,-12.358339309692383,27.309402465820312,-5.442109107971191,14.92321491241455,-6.9646172523498535,16.11515235900879,-17.251232147216797,13.259565353393555,0.4250321090221405,12.22232437133789,-12.110977172851562,11.310364723205566,-8.089347839355469,8.635675430297852,-2.2120511531829834,10.814617156982422,-12.71280288696289,9.685765266418457,1502.0955124309194,744.1853985216876,1593.1484656774044,359.8349446655075,2947.7306547619046,1438.7410480097496,0.10708472842261904,0.08658059699173336,0.2048250138759613,0.08083194494247437,0.03316192328929901,0.08713866770267487
human_ml_001.wav,human,-142.11575317382812,59.933956146240234,65.1296157836914,64.77055358886719,3.0194225311279297,39.827579498291016,50.09823989868164,26.904861450195312,-5.633901119232178,12.834888458251953,0.6847233772277832,21.895084381103516,-23.94437026977539,9.07889461517334,-22.94971466064453,13.149986267089844,11.601306915283203,10.971491813659668,-10.624300003051758,9.85955810546875,-9.768770217895508,8.226329803466797,-9.573586463928223,10.0850830078125,-10.584646224975586,11.47115421295166,2160.00790591908,1164.0176702551712,1675.3638703513805,328.9258592009542,4149.367559523809,1282.4228531789356,0.17462255084325398,0.1280625562825599,0.12000850588083267,0.05100550875067711,0.04289111867547035,0.06707516312599182
human_ml_002.wav,human,-276.58642578125,194.01986694335938,51.932456970214844,62.543399810791016,-0.14863291382789612,30.945274353027344,29.861995697021484,29.626203536987305,-3.963197946548462,15.82307243347168,-3.7228643894195557,21.871383666992188,-7.712312698364258,15.152642250061035,-17.049814224243164,20.769731521606445,4.597431182861328,11.368352890014648,-7.12094259262085,15.461191177368164,-6.288914680480957,11.433764457702637,-0.20897863805294037,8.892537117004395,-9.600179672241211,13.201972961425781,1926.9451263014364,941.9950971373843,1777.7452164930032,475.7498010067917,3922.5570436507937,1584.726897597497,0.12706163194444445,0.10757979662197675,0.11714774370193481,0.11265011876821518,0.03620145469903946,0.06025197356939316
human_ml_003.wav,human,-132.4028778076172,57.2725830078125,85.03929901123047,47.953678131103516,5.6964430809021,29.951904296875,18.38484764099121,25.311010360717773,-4.540275573730469,18.623231887817383,-0.07819802314043045,12.956936836242676,-7.847385406494141,12.098807334899902,-17.899179458618164,13.256353378295898,-0.6504616141319275,14.708995819091797,-6.361003398895264,10.652915954589844,-7.985804557800293,8.421635627746582,-4.113035678863525,10.048048973083496,-10.192543029785156,9.926960945129395,1689.6508421508645,894.3937800004561,1703.7133769946176,314.1416106827835,3294.1468253968255,1476.7951827103275,0.13131665426587302,0.10880514717378195,0.14805079996585846,0.060592375695705414,0.038412295281887054,0.08014588057994843
human_ml_004.wav,human,-112.8880844116211,52.58207702636719,92.94810485839844,59.80715560913086,-4.659786224365234,38.41023254394531,40.495086669921875,29.46331214904785,-9.624223709106445,22.051342010498047,0.6220337152481079,19.126951217651367,-12.428293228149414,17.369304656982422,-28.127761840820312,15.316801071166992,1.0136626958847046,15.078832626342773,-15.616016387939453,12.201687812805176,-9.417070388793945,13.827384948730469,-5.073984622955322,10.345708847045898,-16.759078979492188,13.253721237182617,1596.061789746144,904.1088444686501,1512.749066375631,408.2991595191246,3127.6661706349205,1464.6811790404377,0.10505409846230158,0.08407721850116989,0.2215479463338852,0.06231975927948952,0.016458850353956223,0.03423119708895683
human_ml_005.wav,human,-172.47293090820312,137.79312133789062,93.9559555053711,72.0440673828125,-10.91065788269043,35.55625915527344,33.53044509887695,33.90268325805664,-7.233041286468506,22.142528533935547,-2.0284602642059326,20.069839477539062,-10.170403480529785,16.467138290405273,-26.292037963867188,17.942676544189453,11.15511417388916,13.932506561279297,-11.33869457244873,14.859651565551758,-10.44665241241455,10.710044860839844,3.082803964614868,11.164745330810547,-15.70053482055664,14.921989440917969,1642.9801987811136,940.6901267333101,1441.541558925527,365.49680363422095,3087.7356150793653,1481.9761719002195,0.13206070188492064,0.09704481069644506,0.15871448814868927,0.08966949582099915,0.023624349385499954,0.05365386977791786
human_ml_006.wav,human,-186.4712371826172,94.7282943725586,54.532379150390625,59.858421325683594,9.06877613067627,25.567440032958984,12.587467193603516,24.401443481445312,-13.881184577941895,24.43299674987793,-4.155903339385986,18.100040435791016,-6.464566707611084,15.277831077575684,-16.223295211791992,17.340534210205078,-1.4985427856445312,7.538205146789551,-5.889835357666016,9.81627368927002,-6.820876598358154,9.335966110229492,-2.6774675846099854,9.243124008178711,-8.829936981201172,9.715291023254395,2485.114829799427,1306.0713885243845,1882.8492240983533,423.5557305463831,4461.371527777777,2121.5181562318353,0.2592385912698413,0.18491613227434708,0.11858592182397842,0.10285163670778275,0.20370343327522278,0.24732641875743866
human_ml_007.wav,human,-133.8725128173828,76.66447448730469,105.19715881347656,68.55224609375,0.5843414664268494,42.22697830200195,49.84727096557617,25.261810302734375,-11.289691925048828,24.843730926513672,-3.553720235824585,27.24822235107422,-12.775500297546387,18.210378646850586,-21.492198944091797,15.539433479309082,7.608531951904297,15.539047241210938,-14.34829044342041,13.798304557800293,-6.860114097595215,9.762608528137207,-4.952908515930176,9.962454795837402,-16.321443557739258,7.484979629516602,1563.000027886787,1004.534608764702,1422.8834019832152,381.61805665477266,2932.7876984126983,1549.9536836453833,0.11852833581349206,0.10426483862417678,0.1798841506242752,0.0741913691163063,0.014658098109066486,0.027360927313566208
human_ml_008.wav,human,-185.0215606689453,98.96684265136719,112.49102783203125,63.641841888427734,-10.147346496582031,32.13066101074219,48.29024887084961,32.831478118896484,-2.183556079864502,24.08051109313965,-3.320528507232666,17.005903244018555,-10.051734924316406,18.399307250976562,-32.491153717041016,12.009561538696289,2.7584450244903564,9.659131050109863,-13.739311218261719,15.559675216674805,-9.254110336303711,12.474342346191406,-3.21638560295105,10.964478492736816,-16.223867416381836,9.956392288208008,1379.4775203690813,892.130732245686,1295.66906825923,294.6071530133005,2536.4583333333335,1381.9641515953456,0.10448443700396826,0.10018991994589223,0.13840626180171967,0.07033737003803253,0.01435454748570919,0.030960291624069214
human_ml_009.wav,human,-86.67984008789062,52.90203857421875,122.04939270019531,15.805602073669434,3.299375057220459,32.54009246826172,16.45496368408203,15.255929946899414,-20.4002742767334,20.240711212158203,-7.07772159576416,11.287683486938477,-6.479115009307861,13.420223236083984,-20.131412506103516,12.72343921661377,4.4516472816467285,12.819966316223145,-11.656819343566895,11.723376274108887,1.1232713460922241,11.300993919372559,3.1772892475128174,7.642547130584717,-17.162240982055664,7.978612899780273,1206.5472649968972,261.9209318931266,1484.7277629715486,244.06160280618258,2668.030753968254,972.2612349057343,0.0772336929563492,0.03169377885839319,0.25698211789131165,0.09081647545099258,0.006897886749356985,0.009628438390791416
human_ml_010.wav,human,-136.70262145996094,66.05033111572266,125.62804412841797,45.98146438598633,-10.342161178588867,28.84316062927246,42.63141632080078,28.831403732299805,-5.861772537231445,30.935626983642578,-2.2213711738586426,18.89886474609375,-16.085811614990234,17.009153366088867,-25.932100296020508,14.385205268859863,5.379589080810547,12.32532787322998,-16.79102325439453,13.213857650756836,-11.818374633789062,10.775018692016602,-5.661042213439941,8.587372779846191,-12.379773139953613,8.970074653625488,1135.111963368875,616.7023496370191,1271.172975385104,302.9524105503171,2049.5411706349205,1107.182680155931,0.06756107390873016,0.05776172383964034,0.21933536231517792,0.08464669436216354,0.00959706399589777,0.030885087326169014
human_ml_011.wav,human,-159.27281188964844,83.23492431640625,132.5455780029297,52.85238265991211,-8.785149574279785,40.74736022949219,28.55940055847168,28.751569747924805,-26.107587814331055,29.37693214416504,-0.7432857751846313,18.093400955200195,-0.02228764072060585,15.73197078704834,-24.889806747436523,16.455734252929688,9.251042366027832,17.41069984436035,-16.69659996032715,13.959976196289062,-4.514440059661865,11.790630340576172,-1.8706778287887573,10.089174270629883,-9.131512641906738,9.027440071105957,1208.3366442495326,770.9799837517237,1232.0434870466243,373.9580137487957,2140.066964285714,1448.001031504555,0.08873155381944445,0.08470370464767675,0.1830073893070221,0.06834878772497177,0.014079413376748562,0.041742533445358276
human_ml_012.wav,human,-102.8801498413086,61.508636474609375,103.79149627685547,40.18754196166992,3.271184206008911,40.46737289428711,19.664108276367188,30.05583953857422,-11.541692733764648,21.295000076293945,-1.449127197265625,16.33913803100586,-5.046949863433838,16.572721481323242,-18.610849380493164,11.883986473083496,-0.2142079919576645,10.634000778198242,-8.748202323913574,10.77927303314209,-6.193782329559326,6.701818466186523,-4.453596591949463,8.28875732421875,-11.407086372375488,10.977188110351562,1498.7861704730476,658.2630230443891,1616.3817997074198,386.8889983983208,2993.7375992063494,1366.9394686583355,0.10845269097222222,0.07465281438985034,0.17623449862003326,0.05934049189090729,0.019921205937862396,0.042517080903053284
human_ml_013.wav,human,-128.10348510742188,51.503597259521484,113.34064483642578,52.02052307128906,-20.109397888183594,30.983407974243164,24.047595977783203,23.140178680419922,-32.87087631225586,29.659879684448242,-9.297115325927734,14.817052841186523,-0.5459702014923096,19.6601505279541,-29.682199478149414,12.369522094726562,7.114720344543457,13.359286308288574,-14.566666603088379,11.536023139953613,-7.948690891265869,8.014883041381836,-1.0328497886657715,10.039457321166992,-10.44265079498291,10.290494918823242,1409.3995638246804,761.7343781757221,1348.1928841633705,329.0263290271276,2646.5153769841268,1306.9854472433728,0.1193576388888889,0.10123526997264728,0.2177278846502304,0.08735429495573044,0.02148965187370777,0.062327977269887924
human_ml_014.wav,human,-185.91627502441406,85.05879211425781,137.0101318359375,49.854469299316406,-11.570940971374512,36.74067687988281,26.8872013092041,23.406206130981445,-17.96706199645996,28.895883560180664,5.9840264320373535,19.268217086791992,-2.8879172801971436,17.146867752075195,-27.46616554260254,18.06774139404297,-4.43388557434082,17.347118377685547,-11.296372413635254,11.746967315673828,-2.3140671253204346,11.387081146240234,-4.9373250007629395,10.837997436523438,-14.968123435974121,11.928265571594238,1165.359514336147,669.3878023535145,1245.5568229540515,383.3456332716053,2208.8913690476193,1333.324315566105,0.0848020523313492,0.06783963364563725,0.1431242674589157,0.08094015717506409,0.0135836536064744,0.03818733990192413
human_ml_015.wav,human,-169.81304931640625,72.84291076660156,77.51992797851562,43.6000862121582,16.953346252441406,24.66545867919922,21.749570846557617,18.482975006103516,-8.984631538391113,24.458215713500977,-4.451053142547607,14.598504066467285,-5.611959934234619,12.969927787780762,-18.079612731933594,14.137221336364746,-2.8344061374664307,9.51537036895752,-6.940193176269531,10.936795234680176,-8.346287727355957,8.536660194396973,-3.0596916675567627,8.316118240356445,-8.169734954833984,8.766456604003906,1880.3253720224136,1045.1796882734918,1848.5700672244484,365.63442591483283,3814.9181547619046,1722.5698399703317,0.14767407614087302,0.15797869774779838,0.1241292655467987,0.0797412320971489,0.1047133356332779,0.19764350354671478
human_ml_016.wav,human,-210.54598999023438,142.4541015625,90.21470642089844,73.24002075195312,-2.001091241836548,34.710205078125,31.531923294067383,25.08609390258789,-13.333319664001465,24.767820358276367,3.1098134517669678,16.847707748413086,-0.10105744749307632,16.521400451660156,-21.965213775634766,17.779489517211914,1.3834238052368164,12.059917449951172,-11.23406982421875,14.941880226135254,-5.319326877593994,10.604190826416016,-3.2007837295532227,12.917564392089844,-12.016802787780762,14.376900672912598,1646.6738180344682,1007.4781088819751,1491.70013140849,426.9773775220916,3036.3963293650795,1672.9218331504662,0.12445746527777778,0.10230625051626833,0.1354278177022934,0.0848008319735527,0.02832278236746788,0.05555792525410652
human_ml_017.wav,human,-150.9012908935547,109.12824249267578,113.91790771484375,57.632102966308594,-22.92136573791504,34.56758117675781,51.26397705078125,32.52838897705078,0.10825420171022415,23.498674392700195,6.8618292808532715,16.954397201538086,-4.854395866394043,12.320201873779297,-29.571239471435547,16.756576538085938,0.6552402377128601,13.186013221740723,-22.119596481323242,15.576130867004395,-1.0299909114837646,15.560669898986816,-1.2252957820892334,8.683515548706055,-14.067153930664062,10.089292526245117,1438.0343617302756,792.9050012393114,1360.0317753430884,342.43470943756813,2821.2425595238096,1401.6920757865698,0.10558888268849206,0.08758499719640407,0.16370965540409088,0.09164686501026154,0.025272950530052185,0.06757226586341858
human_ml_018.wav,human,-176.0789337158203,79.41485595703125,62.599308013916016,48.10044860839844,4.399741172790527,28.884138107299805,17.142038345336914,30.768251419067383,0.0040795765817165375,23.240392684936523,0.7555946111679077,13.309212684631348,-7.288137912750244,15.607179641723633,-10.563579559326172,11.914225578308105,-1.0006991624832153,9.055707931518555,-7.889352321624756,10.638627052307129,-7.039611339569092,9.100868225097656,-7.158313274383545,9.685808181762695,-8.952668190002441,9.7560453414917,2095.195970158407,1107.76707182753,1870.4552116307757,427.75605110012407,4038.566468253968,1908.7170626027992,0.19144112723214285,0.16136418867383429,0.1325187385082245,0.0988173857331276,0.12179744243621826,0.19798023998737335
human_ml_019.wav,human,-216.85922241210938,116.90169525146484,96.61659240722656,69.77568817138672,-17.548633575439453,32.07781982421875,31.725963592529297,32.637306213378906,1.7004097700119019,18.40359878540039,3.0852420330047607,16.668804168701172,-12.253249168395996,15.96508502960205,-29.617467880249023,20.74049186706543,6.9672441482543945,13.913743019104004,-9.546878814697266,14.76674747467041,-10.257689476013184,10.376751899719238,-3.7311248779296875,12.892353057861328,-8.951849937438965,12.087289810180664,1516.4065861041288,867.270402438108,1349.1246613909261,334.340446144049,2703.9930555555557,1253.5200553958648,0.10621667286706349,0.09275833680581605,0.11638002097606659,0.07429228723049164,0.01575235091149807,0.03206591308116913
human_ml_020.wav,human,-139.1389617919922,75.05236053466797,121.87950897216797,50.953269958496094,-14.075615882873535,35.56902313232422,38.721519470214844,30.009262084960938,-18.77473258972168,29.800825119018555,-5.066394805908203,15.694493293762207,-5.053817272186279,18.282217025756836,-21.66442108154297,15.896791458129883,5.9801740646362305,14.538317680358887,-14.681313514709473,12.871495246887207,-8.28066635131836,10.240043640136719,-0.4559309780597687,12.222548484802246,-17.194265365600586,12.797224998474121,1283.569597299117,668.3635033890198,1316.3980710270341,388.5618655136483,2445.436507936508,1325.7481153255299,0.08838278149801587,0.06350402598710539,0.20648902654647827,0.08168730139732361,0.013562026433646679,0.03687738999724388
human_mr_001.wav,human,-184.47154235839844,46.44813537597656,87.31990814208984,26.62321662902832,-1.2875101566314697,25.939849853515625,-6.8667426109313965,22.47966766357422,-6.291548728942871,7.795802116394043,-18.80135154724121,17.45293617248535,-18.71192169189453,12.803723335266113,-13.417469024658203,10.465389251708984,-1.8421202898025513,10.415982246398926,-1.9300202131271362,8.626984596252441,-11.885078430175781,7.563174724578857,-6.97644567489624,5.717195987701416,-4.387115478515625,5.675647735595703,1716.2149016126573,709.1751617038232,1807.1192083747942,439.00132890051617,3428.1994047619046,1718.5858829602496,0.12563941592261904,0.08653272150755892,0.11646344512701035,0.08172069489955902,0.05764182657003403,0.12222404032945633
human_mr_002.wav,human,-197.91384887695312,35.589447021484375,193.61183166503906,17.01133918762207,-62.58047103881836,27.481401443481445,27.767908096313477,19.680971145629883,-13.337398529052734,12.907822608947754,-33.017513275146484,13.125672340393066,16.013042449951172,10.781292915344238,-18.449901580810547,7.7635321617126465,-4.609956741333008,6.551077842712402,-1.8835580348968506,6.27601957321167,-23.921667098999023,7.548768520355225,0.29352617263793945,6.461112976074219,-7.799106121063232,5.7462592124938965,881.1690140414629,167.8423500724922,792.326787834281,161.7134902369632,1732.9489087301588,471.91638972798813,0.0614808097718254,0.017462241234012698,0.15682785212993622,0.05222711339592934,0.0003999613400083035,0.0024997901637107134
human_mr_003.wav,human,-284.97344970703125,69.8985824584961,168.89816284179688,30.93924331665039,-56.85173416137695,37.172916412353516,16.097299575805664,33.409481048583984,6.156451225280762,11.67654037475586,-30.673593521118164,17.394481658935547,0.7945297956466675,13.165855407714844,-24.80164337158203,9.184577941894531,-23.28603172302246,14.475866317749023,3.118425130844116,9.976739883422852,-16.83612632751465,7.759069919586182,-14.687131881713867,8.177488327026367,0.7776867151260376,8.992149353027344,943.2957089455149,159.1271666204024,799.8921043300536,172.56474643863965,1867.125496031746,460.6342071520666,0.07726469494047619,0.02719660874314743,0.07774877548217773,0.06017640605568886,0.00014122409629635513,0.00041525319102220237
human_mr_004.wav,human,-172.99465942382812,43.269317626953125,102.81004333496094,23.937551498413086,2.3343117237091064,28.218774795532227,-11.858732223510742,16.019271850585938,-12.634568214416504,8.023259162902832,-35.84214782714844,17.170507431030273,-29.947261810302734,12.01450252532959,-11.270408630371094,11.939699172973633,-15.366086959838867,9.30164909362793,-18.341045379638672,6.2130351066589355,-5.854012489318848,7.059391021728516,3.793039321899414,5.096940517425537,2.239879846572876,6.335014343261719,1339.9349786572418,564.633087581772,1571.3262505800394,432.1383101419694,2449.9007936507937,1578.6701324752771,0.12031094990079365,0.061893122820546306,0.19133377075195312,0.08194231986999512,0.0178891122341156,0.05154506489634514
human_mr_005.wav,human,-195.2225799560547,36.26435089111328,174.93771362304688,32.41012954711914,-65.2140121459961,25.709440231323242,52.1669807434082,30.193572998046875,-2.3335962295532227,13.286824226379395,-20.28362464904785,15.67361068725586,14.269573211669922,13.56083869934082,-35.64302062988281,12.415227890014648,-0.43911871314048767,13.012999534606934,4.287138938903809,11.600821495056152,-19.443326950073242,8.205556869506836,3.966132640838623,10.561561584472656,-12.805521011352539,8.565185546875,1093.6593832289673,442.2041301698934,947.3384557684492,204.8391915841467,2222.532242063492,733.5214442147549,0.10382564484126984,0.07073397795948679,0.13171449303627014,0.06210678443312645,0.0002649697125889361,0.0019516483880579472
human_mr_006.wav,human,-300.7764892578125,55.596012115478516,130.35147094726562,33.883296966552734,7.510975360870361,22.57600212097168,9.240083694458008,21.690446853637695,-11.599995613098145,8.26138687133789,-35.52515411376953,16.936891555786133,-22.09160614013672,11.174090385437012,-23.756380081176758,8.814888000488281,-16.972835540771484,9.942110061645508,-8.023384094238281,8.254032135009766,-14.289779663085938,6.958507537841797,-5.7248029708862305,7.408851146697998,-2.4819765090942383,7.271061897277832,686.4254175338558,204.63553063847968,620.712730228755,200.11893553011868,1026.9717261904761,621.4187818959148,0.06409272693452381,0.021431039864796463,0.1475425809621811,0.1027732864022255,0.00012630413402803242,0.0004357540747150779
human_mr_007.wav,human,-177.8238067626953,82.09329986572266,77.62342071533203,50.8879508972168,-20.078826904296875,25.66475486755371,-10.666768074035645,28.405210494995117,-10.61338996887207,19.787548065185547,-21.035863876342773,18.921199798583984,-10.80055046081543,14.273614883422852,-16.85211753845215,14.626297950744629,-15.96304988861084,12.742260932922363,-2.7278687953948975,13.500394821166992,-3.1428680419921875,7.150652885437012,-6.9545111656188965,7.332150936126709,-4.833709239959717,7.2101826667785645,2101.094691247851,1133.1918313267445,1721.4633016163832,484.2774250848942,3608.5069444444443,2157.2856718436374,0.22902715773809523,0.15948635521085924,0.10473676770925522,0.07271385192871094,0.1502738893032074,0.2312503606081009
human_mr_008.wav,human,-197.4354705810547,52.642356872558594,201.69485473632812,20.862428665161133,-89.9428939819336,32.36637496948242,15.005719184875488,18.33958625793457,-10.433154106140137,9.263551712036133,-37.64279556274414,11.531242370605469,4.605797290802002,12.039648056030273,-35.494564056396484,10.889019966125488,-13.949267387390137,8.940189361572266,9.481618881225586,7.825226783752441,-18.171911239624023,7.537136554718018,-10.612299919128418,9.014359474182129,-7.906263828277588,6.828871250152588,937.4584343346047,124.2938506487363,722.697591838766,116.32738373294177,1623.6359126984128,339.14649406556543,0.07923719618055555,0.02994827294867202,0.1624026745557785,0.05198531970381737,9.499629231868312e-05,0.0004248441837262362
human_mr_009.wav,human,-255.28823852539062,47.338844299316406,211.9630584716797,20.937599182128906,-25.290597915649414,26.885534286499023,22.16112518310547,24.27618408203125,-1.0340380668640137,10.791095733642578,-26.174036026000977,17.265350341796875,-0.6859270930290222,13.883854866027832,-22.611249923706055,12.202263832092285,-11.087174415588379,11.420366287231445,-0.35609787702560425,11.16458797454834,-13.18396282196045,7.465775012969971,-9.696308135986328,7.705621719360352,-13.89950180053711,6.623939514160156,581.5138175632817,129.53161484025796,566.4392896456559,89.63585138347108,908.6681547619048,293.9751469011512,0.040519593253968256,0.013247307342857388,0.1406879872083664,0.04961554333567619,2.5551969883963466e-05,0.00012065404007444158
human_mr_010.wav,human,-162.22280883789062,43.27993392944336,101.71614074707031,30.79039192199707,-8.33736515045166,26.238534927368164,-10.362238883972168,20.341060638427734,-2.0597798824310303,9.455435752868652,-11.086612701416016,15.079557418823242,-8.906210899353027,10.728556632995605,-9.949002265930176,10.485065460205078,-5.370606422424316,9.623579025268555,1.3820319175720215,9.870656967163086,-4.471928596496582,7.782749652862549,-9.148348808288574,7.194272994995117,-6.704821586608887,6.249263763427734,1623.7428473670773,541.9905695305149,1765.1161116463095,356.5252955824242,3116.5674603174602,1435.217048775526,0.13376581101190477,0.0683371954928254,0.07849118113517761,0.038746174424886703,0.03923364356160164,0.0698181763291359
human_mr_011.wav,human,-186.18788146972656,54.80646896362305,173.05532836914062,20.657602310180664,-60.319740295410156,36.6915168762207,44.823219299316406,35.76234436035156,-12.228691101074219,20.662511825561523,-31.32723045349121,25.37700080871582,12.708531379699707,14.302289962768555,-27.854169845581055,19.063386917114258,-1.2034538984298706,10.876302719116211,1.1515203714370728,9.750301361083984,-19.120439529418945,8.143110275268555,5.527170658111572,7.130021095275879,-12.273733139038086,7.99692964553833,1090.3866058283004,332.82236801272796,921.2651092517306,203.90969860065633,2090.339781746032,658.5361021977607,0.08274042038690477,0.03613153506699671,0.16668540239334106,0.10735329985618591,0.0004254636587575078,0.0020529641769826412
human_mr_012.wav,human,-269.2550354003906,89.90413665771484,155.04019165039062,49.39209747314453,-45.437618255615234,39.00013732910156,7.533113479614258,39.45490646362305,-4.928534507751465,14.16526985168457,-24.099964141845703,16.53644561767578,-14.769905090332031,12.655776977539062,-30.619686126708984,14.237739562988281,-11.178179740905762,14.842280387878418,-14.520771026611328,15.41291332244873,-16.412118911743164,8.299663543701172,0.44707852602005005,9.315129280090332,-14.602753639221191,9.988444328308105,968.1526744669666,313.19491328574605,764.1673093087152,245.37738335791954,1792.782738095238,656.0238785466241,0.08538721478174603,0.033733893970359544,0.11407630145549774,0.07633055746555328,0.00043807868496514857,0.0017232730751857162
human_mr_013.wav,human,-176.64520263671875,54.859130859375,82.64862060546875,19.62577247619629,-10.464205741882324,44.96946716308594,7.658569812774658,17.573894500732422,3.3861260414123535,11.276357650756836,-24.962308883666992,17.055770874023438,-10.51086139678955,10.227594375610352,-3.832846164703369,9.729480743408203,-12.264106750488281,9.850969314575195,-7.976351737976074,6.489254474639893,-5.347347259521484,6.367210865020752,-6.863536834716797,5.148244857788086,-7.570108413696289,6.757256031036377,1636.7334370476337,441.9729033402943,1736.0661880036532,463.93871903721777,3286.0243055555557,1343.0872492601745,0.11105298239087301,0.05534043923019385,0.13247182965278625,0.06322857737541199,0.020749220624566078,0.04519103094935417
human_mr_014.wav,human,-231.9100799560547,83.81208038330078,153.27737426757812,26.308876037597656,-91.7662582397461,48.871559143066406,30.533863067626953,33.11881637573242,-8.709077835083008,11.910578727722168,-41.734413146972656,26.93602180480957,2.8528831005096436,10.468092918395996,-28.50467300415039,12.66966438293457,-1.0921900272369385,11.686223030090332,2.7474513053894043,9.359021186828613,-26.385116577148438,8.618160247802734,4.945773124694824,11.78605842590332,-6.404527187347412,8.338329315185547,1234.1883961953567,333.31902335126176,844.7107625768122,190.43402000147168,2130.5803571428573,586.1398932383867,0.10400778149801587,0.045604232970260346,0.11735619604587555,0.058581072837114334,0.01603437215089798,0.12496867775917053
human_mr_015.wav,human,-260.5479431152344,84.7689208984375,137.44573974609375,44.82517623901367,-79.6803207397461,49.750816345214844,36.766231536865234,39.797603607177734,-14.726125717163086,15.017707824707031,-54.163734436035156,21.39847183227539,8.01169490814209,15.404620170593262,-21.94059944152832,10.735692977905273,-14.413281440734863,13.922459602355957,8.17151165008545,10.191027641296387,-15.491996765136719,7.857695579528809,-8.131677627563477,10.000258445739746,-4.69990348815918,6.532643795013428,1354.2304298263175,441.3650101052621,860.6247175892964,177.69589077544305,2285.404265873016,612.5240470299004,0.12824358258928573,0.06651263335862168,0.11489029228687286,0.08113023638725281,0.000161499556270428,0.000441560463514179
human_mr_016.wav,human,-203.48446655273438,64.69326782226562,74.02165222167969,45.47291946411133,7.088623523712158,20.799114227294922,0.47212639451026917,19.985843658447266,-12.297516822814941,10.349032402038574,-16.303651809692383,14.819991111755371,-6.815407752990723,8.710517883300781,-12.66175651550293,8.83350944519043,-11.94192886352539,9.161893844604492,-7.833878040313721,7.312798023223877,-9.952227592468262,8.256209373474121,-6.469579219818115,6.237005233764648,-5.3931756019592285,6.078142166137695,1980.554189962627,1132.9147889801657,1861.4342347460304,430.1773482424146,3755.2083333333335,2037.927820504765,0.18367125496031747,0.16547242286252295,0.11831136792898178,0.08895445615053177,0.13316908478736877,0.22261808812618256
human_mr_017.wav,human,-223.1296844482422,34.77436065673828,179.82962036132812,23.80450439453125,-11.765937805175781,27.992273330688477,41.78282928466797,29.124467849731445,1.865736722946167,10.266727447509766,-35.015419006347656,15.219202041625977,3.815152168273926,10.818506240844727,-16.61380958557129,7.73069953918457,-21.500368118286133,8.043086051940918,-5.889645576477051,5.641796588897705,-12.279927253723145,7.617069244384766,-8.54120922088623,8.511889457702637,-10.289525985717773,5.283570766448975,662.300528544237,288.48778846373654,646.6030391480618,187.78204712636898,1038.5044642857142,656.5202363184214,0.06172107514880952,0.037011455895361194,0.21924428641796112,0.07391564548015594,4.7778376028873026e-05,0.00023335563309956342
human_mr_018.wav,human,-281.245849609375,76.6957015991211,146.97866821289062,41.754783630371094,-29.036264419555664,35.54880142211914,27.126741409301758,43.2004508972168,-2.3058555126190186,16.46954345703125,-36.094757080078125,22.653518676757812,-5.63405179977417,12.405096054077148,-24.326812744140625,12.53478717803955,-29.687898635864258,12.530248641967773,-14.675559997558594,10.015205383300781,-11.774455070495605,9.970037460327148,-9.924445152282715,9.977967262268066,-14.207395553588867,6.464904308319092,886.9056244107275,234.32506725844638,787.8123024661346,219.82440220256478,1757.3784722222222,639.5566621506549,0.06727043030753968,0.0283510414250821,0.10198930650949478,0.06571734696626663,0.00011100738629465923,0.00031062026391737163
human_mr_019.wav,human,-90.6725082397461,42.50212478637695,105.25718688964844,18.304323196411133,-52.82627487182617,43.321746826171875,7.785286903381348,18.65437126159668,-10.377642631530762,19.797475814819336,-29.082929611206055,17.478622436523438,-2.3670859336853027,13.89207649230957,-18.729236602783203,11.217124938964844,-8.752203941345215,10.171087265014648,-5.030429363250732,10.131237030029297,-15.997364044189453,8.857955932617188,-0.581710159778595,8.040167808532715,-9.422045707702637,7.4395060539245605,1394.0738667143455,255.542511795109,1253.7094880180914,232.64706023360552,2344.9280753968255,558.8437196171857,0.10645306299603174,0.04598468314895653,0.24142427742481232,0.047591228038072586,0.004497038200497627,0.0066594406962394714
human_mr_020.wav,human,-252.5311737060547,81.3680419921875,152.2382354736328,37.139129638671875,-29.706830978393555,44.560142517089844,52.54627990722656,36.56544494628906,-30.15360450744629,25.14586067199707,-40.3582649230957,22.25421714782715,16.809946060180664,15.176070213317871,-30.3575439453125,18.562931060791016,-9.921624183654785,9.775670051574707,-2.628906726837158,8.428264617919922,-26.40999412536621,9.06108283996582,-1.5386569499969482,9.937442779541016,-12.587448120117188,8.078570365905762,1067.1248251525603,403.94513064692967,945.9930567474668,283.1639426403065,2104.1046626984125,912.8448368873975,0.07606336805555555,0.03202517715222607,0.15951257944107056,0.0715901330113411,0.0003368862671777606,0.00211011222563684
human_mr_021.wav,human,-158.96173095703125,61.20487594604492,169.81747436523438,22.91805076599121,-91.27970886230469,40.988365173339844,24.392065048217773,28.9100341796875,-23.32197380065918,23.092689514160156,-38.60757827758789,19.89341926574707,12.656054496765137,15.454568862915039,-26.713258743286133,13.632902145385742,-6.379234790802002,13.12022590637207,-9.35104751586914,10.822394371032715,-22.657155990600586,10.516111373901367,6.620343208312988,11.417494773864746,-16.018632888793945,8.910555839538574,1166.8718216683872,276.73017623463033,827.3130557611735,182.60554855064854,2072.1726190476193,593.1642864218103,0.10567801339285714,0.03859983733508198,0.25997406244277954,0.0735342726111412,0.0001003141442197375,0.000806292227935046
human_mr_022.wav,human,-195.60214233398438,37.07340621948242,96.02940368652344,27.371944427490234,21.90182876586914,19.862224578857422,-7.030838489532471,15.601569175720215,-19.010831832885742,7.238474369049072,-35.76151657104492,11.46042251586914,-34.080326080322266,9.13172435760498,-20.2950496673584,10.882774353027344,-12.619999885559082,8.220918655395508,-6.487309455871582,4.915590286254883,1.7712899446487427,5.097793102264404,1.9289957284927368,5.509871006011963,-4.328060626983643,5.810503005981445,1323.6735399912184,712.3835406283238,1607.6658178491298,395.61193607488684,2191.158234126984,1758.7766553645365,0.1307857452876984,0.08522138408497457,0.21180766820907593,0.08775585889816284,0.034094277769327164,0.10767097026109695
human_mr_023.wav,human,-199.93438720703125,23.581493377685547,183.14224243164062,18.074296951293945,-58.32594299316406,13.92200756072998,10.36280632019043,26.143613815307617,-18.13275718688965,11.166412353515625,-24.46663475036621,11.621816635131836,15.801177024841309,10.763423919677734,-25.14822006225586,9.718518257141113,-15.641738891601562,6.955551624298096,-4.113829612731934,5.805179119110107,-16.829944610595703,5.5774335861206055,0.17254997789859772,6.739953517913818,-8.558211326599121,4.616601943969727,921.8539359315422,241.82170992289792,763.4147831671276,177.85175363431568,1672.3710317460318,527.6449536922266,0.08553059895833333,0.03320573214171185,0.13492953777313232,0.07176388055086136,0.00019847469229716808,0.0013355882838368416
human_mr_024.wav,human,-251.9962158203125,123.35643005371094,160.2331085205078,64.47283172607422,-57.0622673034668,31.220623016357422,32.17813491821289,30.66006088256836,-8.162150382995605,9.664255142211914,-24.847644805908203,18.849233627319336,12.997586250305176,11.38990306854248,-22.95835304260254,12.593245506286621,-1.4554660320281982,10.093389511108398,-0.5697089433670044,8.184916496276855,-24.042278289794922,12.105978965759277,1.5955160856246948,7.848048210144043,-8.948968887329102,7.536581039428711,828.5998815712169,368.80711984100384,749.8259191275658,317.3070899720215,1666.6046626984128,802.7756446645001,0.054361979166666664,0.033066698139808545,0.1228434294462204,0.07182525843381882,0.11910846084356308,0.323822557926178
human_mr_025.wav,human,-167.8850860595703,46.9495964050293,101.60211181640625,23.779953002929688,-0.5564912557601929,30.980924606323242,-15.3136625289917,23.68972396850586,-21.34526824951172,16.030900955200195,-23.429677963256836,14.581424713134766,-14.394508361816406,12.313611030578613,-17.270160675048828,10.804546356201172,-7.4131245613098145,9.418728828430176,-2.945208787918091,8.628931999206543,-14.204446792602539,7.020474910736084,-7.718663215637207,7.050958156585693,-3.129222869873047,5.865196228027344,1331.7729960897866,482.2742353663822,1553.7314601415574,421.2512020165846,2401.0416666666665,1475.229304903523,0.10145399305555555,0.05403701471647925,0.20311382412910461,0.08952752500772476,0.013338281773030758,0.03680305555462837
human_mr_026.wav,human,-313.2400207519531,116.82920837402344,137.44590759277344,69.51863098144531,-34.91410446166992,28.668630599975586,9.913503646850586,30.529563903808594,-10.729552268981934,10.331799507141113,-35.638084411621094,25.859548568725586,-2.184720277786255,8.344771385192871,-18.687089920043945,10.21495532989502,-18.946645736694336,12.211543083190918,-2.6538188457489014,8.010743141174316,-13.71235466003418,9.287609100341797,-6.614266872406006,10.326725006103516,-1.8823578357696533,6.484848499298096,749.0206026224331,392.37852015579875,624.0767895907034,301.3661960309912,1320.8085317460318,776.8693814822093,0.07046750992063493,0.04459005930669773,0.12477538734674454,0.09092522412538528,0.13529008626937866,0.3414958715438843
human_mr_027.wav,human,-165.83071899414062,84.72888946533203,171.84017944335938,22.35302734375,-33.14274215698242,45.0653076171875,22.1181583404541,21.731307983398438,-11.510062217712402,13.173135757446289,-23.9183292388916,18.860071182250977,-2.279998302459717,12.933786392211914,-28.43967056274414,12.671775817871094,-1.5578175783157349,9.439692497253418,-1.620847463607788,7.56807804107666,-16.724794387817383,8.439003944396973,2.270850896835327,8.877981185913086,-10.889448165893555,6.3180437088012695,793.7020352873062,254.26414200279342,733.089298926501,208.69718694393808,1447.8546626984128,678.3783327287281,0.06234499007936508,0.0308064453977773,0.3442614674568176,0.20282335579395294,9.336037328466773e-05,0.0006303202244453132
human_mr_028.wav,human,-147.8492889404297,40.69219207763672,109.70397186279297,29.24422264099121,11.176763534545898,22.31815528869629,1.3835805654525757,30.22872543334961,-36.15607452392578,14.413032531738281,-21.25710105895996,13.403989791870117,-5.794731616973877,12.188741683959961,-25.89688491821289,11.780844688415527,-0.93888920545578,10.927017211914062,-5.522521495819092,8.030158996582031,-20.18955421447754,6.262213230133057,0.19900670647621155,7.5573039054870605,-7.529942035675049,6.2542033195495605,1339.5010377014598,524.9975369802672,1512.1498374828184,337.7911983014086,2475.3844246031745,1192.9012614047433,0.13774181547619047,0.08105217622034326,0.19823287427425385,0.08361700177192688,0.012052998878061771,0.02232278883457184
human_mr_029.wav,human,-308.5015563964844,135.47096252441406,148.65451049804688,78.0947036743164,-18.823223114013672,34.190006256103516,34.19605255126953,36.885501861572266,4.056885719299316,13.364584922790527,-17.11081314086914,20.476150512695312,5.683897018432617,11.63711166381836,-15.604841232299805,15.35070514678955,-5.199267864227295,11.52147388458252,-1.8555452823638916,10.095315933227539,-12.795910835266113,9.29940414428711,-4.839508056640625,11.465571403503418,-12.804007530212402,10.395297050476074,723.1462828255566,420.2683740103913,734.0780499407313,387.0676511489058,1486.8551587301588,914.869600044178,0.06252325148809523,0.045998501818033444,0.10513767600059509,0.09487284719944,0.12762127816677094,0.3327275216579437
human_mr_030.wav,human,-171.55941772460938,54.057594299316406,168.573486328125,26.578367233276367,-54.07221603393555,46.402870178222656,60.5023078918457,30.510475158691406,-6.225679397583008,20.742605209350586,-50.77797317504883,21.02734375,12.032041549682617,18.15066146850586,-20.152679443359375,13.207655906677246,-17.70046043395996,10.489371299743652,-6.882767677307129,13.029928207397461,-20.205076217651367,7.244385242462158,-0.4945219159126282,10.546453475952148,-14.231707572937012,9.070337295532227,1098.3518017830913,416.0616512895101,883.3902325073038,239.60756263291148,2065.1041666666665,748.016479486802,0.09030877976190477,0.05323697699621793,0.23972132802009583,0.06205546483397484,0.00016566405247431248,0.0008594975806772709
human_mr_031.wav,human,-94.57463836669922,60.20659255981445,137.8609161376953,20.017507553100586,-5.853768348693848,36.29103469848633,13.847735404968262,17.8188419342041,-4.754509449005127,13.392292022705078,-15.746480941772461,17.054840087890625,-1.3388303518295288,11.487085342407227,-14.9078369140625,10.003198623657227,-2.8465089797973633,7.881252765655518,-0.6155209541320801,4.460283279418945,-11.408248901367188,8.336100578308105,-1.8728326559066772,6.9965314865112305,-5.478169918060303,5.482553005218506,964.7985859621775,195.04497481476923,1262.8827221071037,303.76764047098146,1668.092757936508,681.512196555172,0.052230592757936505,0.014206175076208302,0.38663989305496216,0.1513245403766632,0.0028966832906007767,0.005534772295504808
human_mr_032.wav,human,-227.50686645507812,49.42706298828125,176.24331665039062,21.324819564819336,-19.597871780395508,40.39719772338867,6.026244163513184,24.45569610595703,-14.56962776184082,15.942222595214844,-28.56631851196289,19.038230895996094,-6.197705268859863,13.68899917602539,-25.58638572692871,11.18639850616455,-11.125395774841309,12.064337730407715,-1.7638100385665894,7.5336995124816895,-17.928468704223633,10.961153984069824,-4.9671220779418945,8.89318561553955,-3.4487698078155518,7.440149307250977,700.6802688082474,190.114707603437,602.1557498277978,145.71632675387386,1042.844742063492,345.6551952400132,0.06284102182539683,0.025620553907409888,0.20348288118839264,0.08049646019935608,5.936476372880861e-05,0.00030785647686570883
human_mr_033.wav,human,-237.6657257080078,81.06100463867188,163.7472381591797,40.661766052246094,-35.051204681396484,39.449615478515625,18.629661560058594,31.147127151489258,-19.034679412841797,19.06473159790039,-22.596454620361328,14.734403610229492,10.274023056030273,14.898746490478516,-24.10555076599121,16.39592742919922,-0.016805721446871758,10.397479057312012,-1.5485446453094482,9.792020797729492,-30.807031631469727,11.576541900634766,-1.306685209274292,6.449491024017334,-5.528443336486816,6.163776397705078,814.3210650654048,294.53823856636257,744.1225936216518,260.27795260261803,1519.283234126984,737.8854578803517,0.05530753968253968,0.0228244936510647,0.16223809123039246,0.08443773537874222,0.03977658227086067,0.1951943039894104
human_mr_034.wav,human,-164.87916564941406,78.28292846679688,85.66424560546875,49.262939453125,-1.9878144264221191,19.445720672607422,18.965356826782227,26.818811416625977,-7.229881763458252,11.268753051757812,-15.437570571899414,15.615564346313477,4.949157238006592,10.334357261657715,-11.922566413879395,10.691621780395508,-7.578073501586914,11.067770004272461,-2.817542552947998,6.309197902679443,-11.839643478393555,8.574835777282715,-3.969385862350464,5.974987030029297,-6.261117458343506,6.43916654586792,1828.9353082967793,1185.1613115021119,1671.2349237046458,398.9244875985258,3404.1418650793653,1946.1767311704248,0.16190011160714285,0.17691757210776277,0.1787722110748291,0.1201348677277565,0.13311490416526794,0.2291455715894699
human_mr_035.wav,human,-272.0588684082031,143.7375030517578,133.82876586914062,69.82207489013672,-51.383975982666016,35.46450424194336,39.65279006958008,31.82984733581543,-9.633493423461914,11.366247177124023,-30.326025009155273,22.095081329345703,5.415594100952148,9.593762397766113,-28.072425842285156,19.829965591430664,-1.780018925666809,10.39580249786377,0.5248062014579773,8.095026016235352,-23.97566795349121,14.06281852722168,1.0310925245285034,7.388992786407471,-7.425973892211914,6.5625,846.6877175868352,491.59900980329064,730.3483718823254,398.20294907994173,1673.4250992063492,1010.6654604419297,0.060403490823412696,0.03740804931197246,0.12198115140199661,0.08604898303747177,0.20639316737651825,0.40466204285621643
human_mr_036.wav,human,-380.418701171875,133.1389617919922,90.83082580566406,68.028564453125,-22.492948532104492,42.23495101928711,14.570083618164062,25.80135726928711,-14.772668838500977,18.379199981689453,-21.240371704101562,22.256961822509766,-0.6865127682685852,12.553647994995117,-21.783536911010742,16.457334518432617,-5.518316745758057,9.584019660949707,-2.4229447841644287,9.561405181884766,-16.53583526611328,11.997335433959961,0.35664594173431396,8.16235637664795,-5.159824848175049,6.589454174041748,929.9878319310549,788.691635130257,804.3221833780697,593.3511176517678,1723.0902777777778,1557.5238704601918,0.07472253224206349,0.05943229341075546,0.07257631421089172,0.07859189808368683,0.21753372251987457,0.39891907572746277
human_mr_037.wav,human,-125.6724624633789,83.41625213623047,112.48119354248047,34.25482940673828,-8.742171287536621,38.30348587036133,12.505688667297363,19.106914520263672,-9.28764820098877,9.992136001586914,-18.620576858520508,16.5032901763916,-4.0516581535339355,11.551350593566895,-19.875669479370117,12.801443099975586,-5.968504428863525,8.07751750946045,0.4906346797943115,8.273384094238281,-9.245634078979492,8.526165008544922,-3.8529133796691895,7.455955505371094,-7.267323017120361,5.864005088806152,1405.448686265579,694.2536137072091,1529.1397145983879,479.37850068350326,2791.6666666666665,1547.5280958565108,0.10188027033730158,0.0869243882787436,0.30145421624183655,0.18957965075969696,0.03668611869215965,0.11021959781646729
human_mr_038.wav,human,-205.81475830078125,35.2465705871582,160.8556671142578,15.264670372009277,-35.41535186767578,24.67206382751465,55.08319091796875,22.50240707397461,-9.230229377746582,9.45109748840332,-39.330230712890625,15.219650268554688,10.634654998779297,9.375652313232422,-24.543481826782227,7.785610675811768,-13.735583305358887,11.473296165466309,-7.207202911376953,7.897454738616943,-26.093006134033203,7.232577323913574,-3.3017382621765137,6.244483947753906,-10.0579833984375,5.601437568664551,806.2437722332128,226.07548697128158,852.5037071728971,161.3568408412222,1730.406746031746,680.7384359110437,0.04911876860119048,0.017913702297254322,0.2333197295665741,0.08084268122911453,7.209890463855118e-05,0.0005752035649493337
human_mr_039.wav,human,-269.59625244140625,65.14260864257812,202.28399658203125,28.025129318237305,-76.68894958496094,41.801692962646484,-27.603113174438477,28.6498966217041,5.705246448516846,15.513249397277832,-21.07605743408203,17.062156677246094,-11.141773223876953,15.457871437072754,-23.676748275756836,11.34936809539795,-14.662007331848145,13.627679824829102,3.023911237716675,12.970952987670898,-10.697397232055664,7.21899938583374,-8.46164321899414,5.671578407287598,-2.9883806705474854,8.040185928344727,892.0075003959884,182.48744560741534,552.4559196464651,98.45119595150499,1427.1453373015872,243.9587951163441,0.0847749255952381,0.03223042912806903,0.10590456426143646,0.06489145010709763,2.0807488908758387e-05,4.40290714323055e-05
human_mr_040.wav,human,-169.9872589111328,52.000946044921875,64.76355743408203,20.737651824951172,-19.01650047302246,35.453338623046875,27.77049446105957,28.87358283996582,-9.138663291931152,9.719236373901367,-37.771976470947266,17.04580307006836,-9.031679153442383,11.697715759277344,-21.86130714416504,9.304061889648438,-15.776457786560059,13.156584739685059,1.6139559745788574,10.780628204345703,-11.746503829956055,7.345556259155273,-8.69097900390625,8.111554145812988,-5.904567718505859,8.08419132232666,1846.3442713388629,350.753540268578,1704.9616106288693,374.2475214191756,3451.4508928571427,1010.3507967179113,0.10863482762896826,0.05002821830412592,0.12160762399435043,0.06081937998533249,0.014093119651079178,0.0240646842867136
human_mr_041.wav,human,-315.17547607421875,88.54309844970703,176.11831665039062,47.6966438293457,-51.616416931152344,41.58455276489258,-4.293741226196289,32.21480178833008,6.433270454406738,11.431777000427246,-24.986677169799805,19.687673568725586,-15.508851051330566,12.461382865905762,-22.25642967224121,9.285746574401855,-10.273174285888672,8.533038139343262,-5.4380879402160645,9.84080982208252,-16.930524826049805,8.105329513549805,-3.592604160308838,6.095531463623047,-4.845588207244873,7.047994613647461,877.8527472117969,237.614683269367,681.8297222879777,179.78390009979364,1557.1676587301588,448.6888705387198,0.07753983754960317,0.03408311385058794,0.0698632001876831,0.05192868411540985,0.00044348082155920565,0.0010516421170905232
human_mr_042.wav,human,-238.52696228027344,90.17405700683594,135.525146484375,50.262001037597656,-39.14811706542969,36.940120697021484,48.37253952026367,41.043113708496094,-14.583970069885254,16.228702545166016,-41.703277587890625,23.19615936279297,0.6325143575668335,14.434809684753418,-24.308666229248047,15.65463924407959,-3.521514415740967,14.959811210632324,-2.5070691108703613,7.962174892425537,-17.802387237548828,8.491291046142578,1.1003100872039795,9.3148832321167,-12.205246925354004,8.080820083618164,1233.6174918434644,609.2783983358314,919.743881688513,252.74499061988226,2244.5436507936506,891.8638206629447,0.12240358382936507,0.0874334408890881,0.1523340493440628,0.10442987084388733,0.00041024963138625026,0.002068351488560438
human_mr_043.wav,human,-163.0067138671875,75.43448638916016,94.0362319946289,52.139888763427734,-6.639206409454346,20.333740234375,1.3699464797973633,24.3241024017334,-2.969785690307617,8.97690486907959,-6.799588203430176,15.937129974365234,1.968031644821167,10.260417938232422,-10.86957836151123,8.73619556427002,-4.2826666831970215,9.907322883605957,0.9567989706993103,5.953226089477539,-10.926097869873047,8.6219482421875,-7.586066246032715,7.700014114379883,-6.2341814041137695,5.226956367492676,1750.6137930743048,1168.3408192037118,1630.7095567986828,424.0471278402477,3128.534226190476,2014.7727716708443,0.15158032614087302,0.1751911410075651,0.17081433534622192,0.11020856350660324,0.12269911170005798,0.2215423285961151
human_mr_044.wav,human,-180.95265197753906,54.59614181518555,151.9345245361328,22.943092346191406,-96.5715103149414,40.23626708984375,48.930931091308594,35.59286117553711,-23.1810359954834,14.900406837463379,-50.36081314086914,16.333574295043945,17.425085067749023,16.167680740356445,-21.157093048095703,13.981433868408203,-1.2152806520462036,11.41395378112793,-6.588361740112305,8.948919296264648,-26.058494567871094,6.736982345581055,6.318511962890625,8.970443725585938,-16.458147048950195,7.777456283569336,1462.7256544272973,421.67150497417157,934.6507868372241,159.20624590141236,2498.3258928571427,569.9289717480104,0.14146592881944445,0.060988252032392956,0.16886179149150848,0.06474608182907104,8.039148087846115e-05,0.0003778630052693188
human_mr_045.wav,human,-305.87469482421875,113.37528991699219,111.12053680419922,61.77587127685547,-19.89030647277832,33.89118576049805,31.002689361572266,29.86652183532715,-11.437514305114746,11.153447151184082,-44.6322135925293,28.292980194091797,-7.440805435180664,11.752058029174805,-20.899805068969727,14.755613327026367,-18.146413803100586,13.294697761535645,-1.2242424488067627,10.570245742797852,-12.602599143981934,7.855461120605469,-7.79624080657959,7.879580020904541,-4.806394577026367,7.2814178466796875,977.3585823018943,651.3578217678253,864.3266936065702,490.9472039466773,1949.156746031746,1289.940307344503,0.0952419704861111,0.07960159476363807,0.1376969814300537,0.10959247499704361,0.09815104305744171,0.2822040021419525
human_mr_046.wav,human,-83.5911865234375,43.46315002441406,102.01302337646484,19.214689254760742,-62.027801513671875,39.469207763671875,9.593690872192383,24.600605010986328,-13.06215763092041,16.954988479614258,-32.333641052246094,19.976116180419922,1.6654927730560303,14.942243576049805,-19.412256240844727,10.533565521240234,-9.575155258178711,10.425179481506348,-2.377971649169922,8.825783729553223,-15.508421897888184,7.895709991455078,-1.7958416938781738,8.486848831176758,-11.11476993560791,8.004584312438965,1497.0866288141217,292.8287437355312,1244.4612097768352,269.7104816125838,2537.0783730158732,674.3584538943819,0.11729600694444445,0.04319253043760323,0.26639342308044434,0.05827445536851883,0.007558147422969341,0.024891043081879616
human_mr_047.wav,human,-283.6502380371094,88.08015441894531,131.718017578125,48.850399017333984,-23.642776489257812,26.10781478881836,46.305206298828125,31.689857482910156,-11.330802917480469,11.8211669921875,-38.622291564941406,20.756519317626953,3.0188729763031006,10.26424503326416,-19.347299575805664,10.591968536376953,-11.371994972229004,9.951656341552734,-10.817848205566406,7.022801876068115,-19.510005950927734,8.629779815673828,0.6146705150604248,6.4631242752075195,-11.36447525024414,7.337868690490723,830.3973996412036,476.78382084772124,775.1915279155361,324.585039984104,1672.8670634920634,988.1823495194566,0.07048688616071429,0.05743994953771519,0.13237038254737854,0.09086313843727112,0.09530235826969147,0.29352298378944397
human_mr_048.wav,human,-208.00823974609375,29.34685516357422,179.2152099609375,13.718951225280762,-36.32604217529297,17.374895095825195,41.812705993652344,20.333969116210938,4.859600067138672,12.061105728149414,-51.74822235107422,18.432579040527344,-1.7440457344055176,10.622676849365234,-12.558701515197754,7.991340160369873,-24.062084197998047,7.844668865203857,-4.770259380340576,6.434017181396484,-12.636941909790039,6.436666011810303,-10.74663257598877,5.879628658294678,-7.487818241119385,5.109874248504639,776.8826217346207,140.96405543351713,743.5070433132832,105.66544009474309,1608.2589285714287,513.7282429783029,0.059845455109126984,0.016217749972216446,0.20336489379405975,0.07592806220054626,3.2574804208707064e-05,0.0001448537950636819
human_mr_049.wav,human,-138.10414123535156,52.435970306396484,112.30482482910156,20.123065948486328,-5.150424957275391,36.184207916259766,-3.0159027576446533,18.367828369140625,-19.629819869995117,11.244665145874023,-19.737079620361328,14.513359069824219,-2.3429205417633057,11.51760196685791,-16.888164520263672,10.013068199157715,-3.0203468799591064,9.29809284210205,2.1734817028045654,8.557994842529297,-18.879804611206055,9.325318336486816,-8.778972625732422,5.978559494018555,-3.8683338165283203,6.3435750007629395,1301.845322523927,380.081333322567,1521.0936314870812,395.5729463833555,2501.6741071428573,1236.2049610169036,0.0903049045138889,0.03824238019095529,0.19073252379894257,0.08671495318412781,0.014763670973479748,0.037526145577430725
human_mr_050.wav,human,-298.318115234375,116.0933609008789,138.23745727539062,61.33692169189453,-39.516136169433594,34.19099044799805,22.823911666870117,30.76735496520996,-24.559736251831055,15.018498420715332,-24.618242263793945,16.755859375,8.717599868774414,10.611136436462402,-31.99321174621582,16.88802719116211,-6.853480815887451,10.118060111999512,-1.9819320440292358,7.113531112670898,-23.408187866210938,12.374159812927246,-0.700049638748169,7.348144054412842,-6.339440822601318,6.4399213790893555,807.2881740693759,449.2278179574117,721.434806899459,360.2637783532886,1532.2420634920634,946.1801492385074,0.07166883680555555,0.05220507567337127,0.09917682409286499,0.06364723294973373,0.15091335773468018,0.3577982783317566
human_or_001.wav,human,-311.4921875,145.46217346191406,127.44902038574219,69.20052337646484,-72.15253448486328,54.29942321777344,1.0969406366348267,21.161420822143555,3.3706603050231934,13.149028778076172,-10.640909194946289,16.403364181518555,1.0499147176742554,12.296773910522461,-29.999549865722656,26.772260665893555,-9.319242477416992,13.166488647460938,2.562391996383667,9.567390441894531,-11.690752029418945,12.41542911529541,7.736087322235107,8.906865119934082,0.6338601112365723,6.2971086502075195,895.1237596173706,500.9123924727424,587.3351065657538,342.075046568234,1383.9285714285713,806.82392981054,0.09164186507936507,0.05377936780717944,0.10218895971775055,0.08646903932094574,0.2066747099161148,0.4045219123363495
human_or_002.wav,human,-171.5811004638672,55.321388244628906,98.77691650390625,29.721302032470703,26.12167739868164,25.7210636138916,27.79627227783203,21.99905776977539,-0.894294798374176,14.474629402160645,-7.725960731506348,12.026392936706543,2.9351377487182617,11.732959747314453,-10.15251636505127,12.075211524963379,-2.3851964473724365,10.568387985229492,-0.21344661712646484,9.252021789550781,-5.4373650550842285,6.981268405914307,1.546756386756897,7.176415920257568,-3.977067470550537,6.199393272399902,1505.794242245636,523.0696318939246,1862.44133652801,363.6427705170258,3344.6800595238096,1334.5319200371946,0.098876953125,0.07580200245752444,0.09848057478666306,0.058265142142772675,0.02597578428685665,0.05879358574748039
human_or_003.wav,human,-367.12152099609375,134.85794067382812,138.51907348632812,62.6933479309082,-43.80294418334961,51.99653244018555,28.156246185302734,36.65523910522461,-12.637429237365723,18.788516998291016,-20.038070678710938,24.347068786621094,4.385898113250732,11.986249923706055,-31.158954620361328,21.017780303955078,3.1669058799743652,11.577847480773926,6.5899434089660645,10.732023239135742,-15.507773399353027,12.004579544067383,7.522358417510986,11.262519836425781,-7.281091213226318,7.747636318206787,854.8232957586454,423.7932444545085,761.3153230622487,347.5627693477909,1566.9642857142858,889.5765313330256,0.06309678819444445,0.040018730664211105,0.05627760663628578,0.03868592157959938,0.11919159442186356,0.32379239797592163
human_or_004.wav,human,-376.59906005859375,94.66210174560547,168.94740295410156,51.378604888916016,8.3126220703125,39.75604248046875,-0.4566182494163513,29.98586654663086,-3.3829801082611084,17.13006591796875,-4.9738030433654785,14.427958488464355,-5.652845859527588,13.70713996887207,-18.897239685058594,14.630753517150879,-6.317752361297607,10.379120826721191,-7.079033374786377,8.306742668151855,-11.04020881652832,7.892182350158691,-1.4490026235580444,10.636764526367188,-8.545880317687988,7.049815654754639,641.3908532601118,307.6295226360427,590.6505420717904,279.43364258521547,1058.655753968254,666.2390989266677,0.051195901537698416,0.02907847008896495,0.07526899874210358,0.05356935039162636,0.00029323622584342957,0.0007049600826576352
human_or_005.wav,human,-215.37391662597656,63.691104888916016,79.54659271240234,56.224510192871094,24.73668670654297,18.322715759277344,3.257584571838379,21.53824234008789,-6.005299091339111,14.735108375549316,-7.512402057647705,11.720215797424316,-6.125654220581055,10.27833080291748,-12.910950660705566,12.131941795349121,-14.210436820983887,12.800407409667969,-10.221970558166504,9.02575397491455,-9.00487232208252,7.756439685821533,-10.918517112731934,7.803591728210449,-12.089559555053711,6.867358207702637,2035.8051762040145,1323.6586774609582,1865.4532995920113,511.8129420771213,3650.4216269841268,2562.492804601015,0.20868210565476192,0.17490422334492037,0.12624230980873108,0.10839755833148956,0.17662402987480164,0.23602360486984253
human_or_006.wav,human,-305.810302734375,107.48352813720703,134.9813690185547,41.49226760864258,-98.95984649658203,45.02248001098633,49.12369918823242,35.03837585449219,-26.898029327392578,15.631519317626953,-22.51078224182129,19.03372573852539,30.669937133789062,13.015992164611816,-36.53753662109375,21.076583862304688,9.27145004272461,9.888531684875488,11.33984375,8.235522270202637,-16.20573616027832,10.566728591918945,12.721545219421387,7.802227973937988,-14.69865608215332,8.323494911193848,1603.8710284279198,616.6872791958859,1056.2682692969963,313.3833131844485,2743.3655753968255,969.5012905088521,0.1505340091765873,0.07924909262300592,0.0659225583076477,0.032398924231529236,0.02725386433303356,0.15315550565719604
human_or_007.wav,human,-408.93487548828125,106.07841491699219,140.93421936035156,57.73440170288086,-31.88603401184082,40.573081970214844,21.254478454589844,33.63468551635742,-7.9368896484375,16.002653121948242,-27.509984970092773,20.67489242553711,2.66166615486145,13.388914108276367,-24.97284507751465,15.075052261352539,-18.789011001586914,15.018524169921875,-3.072517156600952,7.227869987487793,-14.269959449768066,10.106795310974121,-6.386915683746338,10.984841346740723,-11.116503715515137,8.720542907714844,915.2155677690226,621.7093230445994,829.5637954402974,415.92496236203283,1680.3075396825398,1113.8519114786138,0.08056253100198413,0.10532078569083306,0.03734597563743591,0.02075011655688286,0.03730024769902229,0.1752791702747345
human_or_008.wav,human,-239.68431091308594,44.08771896362305,35.351131439208984,27.099651336669922,-11.250678062438965,19.389413833618164,-11.049463272094727,22.951705932617188,-18.293012619018555,15.71524715423584,-7.4824724197387695,13.095327377319336,6.470937728881836,9.920825958251953,-7.128504753112793,7.34819221496582,-2.639019012451172,7.239144325256348,3.3339486122131348,5.964930057525635,-6.920151233673096,6.572524547576904,-3.9548895359039307,5.354182720184326,-1.6780030727386475,5.086925029754639,2649.502049760663,844.6035305060711,2085.543093205558,289.8992159854414,5012.152777777777,1436.1803122287101,0.2589246961805556,0.14049627260637995,0.042969945818185806,0.029947612434625626,0.16923542320728302,0.21373455226421356
human_or_009.wav,human,-254.21499633789062,63.30974578857422,170.41574096679688,34.0328254699707,-49.22398376464844,28.775279998779297,5.963066577911377,22.80281639099121,-12.173700332641602,13.10615062713623,-10.350486755371094,13.776188850402832,5.9346513748168945,13.111441612243652,-28.338504791259766,16.076786041259766,-0.9725707769393921,9.738139152526855,-1.7270671129226685,8.829329490661621,-12.40123462677002,7.016407489776611,8.658138275146484,8.707279205322266,-11.703124046325684,7.525778770446777,936.6248006701949,286.1992097667909,760.1912303195497,225.90924168493075,1663.1324404761904,629.0324459485364,0.08377123635912699,0.03897698119696489,0.11114664375782013,0.07112665474414825,0.00023296111612580717,0.0006870790384709835
human_or_010.wav,human,-273.59991455078125,135.7216033935547,101.14631652832031,57.78124237060547,-58.91496658325195,49.8646125793457,30.957555770874023,30.245519638061523,-13.821548461914062,13.709465026855469,-24.43697738647461,21.6810359954834,6.824258327484131,13.11974811553955,-29.12834358215332,19.821319580078125,-13.660127639770508,13.18442440032959,-14.687253952026367,11.508766174316406,-17.886808395385742,12.58932876586914,1.5386497974395752,7.1052327156066895,-18.7506046295166,13.580549240112305,951.9940038625343,589.6586998495694,744.6024988507695,456.8200692337832,1737.7232142857142,1122.484920683565,0.07368396577380952,0.05449858158172535,0.14143389463424683,0.09678547084331512,0.23033283650875092,0.42084142565727234
human_or_011.wav,human,-185.7596893310547,65.50245666503906,60.437931060791016,30.363630294799805,-13.187045097351074,26.328218460083008,24.791919708251953,20.755447387695312,-3.6618363857269287,9.456462860107422,-30.39520835876465,24.997913360595703,-12.06201171875,17.04335594177246,-18.387197494506836,15.955533981323242,-7.695340156555176,11.284958839416504,3.9875526428222656,10.25823974609375,-6.269693374633789,7.462310314178467,-1.8090108633041382,7.700048923492432,-4.881298542022705,7.939755916595459,2088.8150281564112,910.4442103173772,1812.1969028110066,415.60947847305835,3954.9851190476193,1592.4840170377286,0.19184415302579366,0.1502182894686164,0.10838388651609421,0.07768695801496506,0.10843554139137268,0.1908465325832367
human_or_012.wav,human,-290.7707214355469,91.2603988647461,148.03561401367188,57.19057083129883,-27.43077278137207,24.09543800354004,6.208191871643066,23.15851402282715,-22.0579776763916,15.94437313079834,-25.836742401123047,14.759930610656738,6.280396461486816,11.034305572509766,-25.39038848876953,14.381012916564941,-22.603744506835938,12.563831329345703,-7.999293804168701,9.967958450317383,-13.00898265838623,8.319875717163086,-5.58953857421875,5.7595906257629395,-11.20904541015625,7.1474103927612305,725.093062962608,391.33304430855685,643.4883799267008,317.57121556660695,1270.4613095238096,807.000509817562,0.06842525421626984,0.043774744124087286,0.09674442559480667,0.06621775776147842,0.10354511439800262,0.30407044291496277
human_or_013.wav,human,-354.31610107421875,89.63452911376953,144.83995056152344,45.84621047973633,-42.13254928588867,39.20509719848633,38.500335693359375,42.20285415649414,-0.9628171324729919,17.76764678955078,-32.8515739440918,26.057058334350586,0.03987080603837967,16.638519287109375,-32.4109001159668,21.503244400024414,-19.220455169677734,16.894948959350586,-2.2107391357421875,9.624897003173828,-19.464202880859375,11.904577255249023,-0.6756566166877747,10.479268074035645,-1.4065872430801392,7.075736999511719,1042.1338560383908,404.8401696242709,904.6242203409461,268.7346841716469,2091.0838293650795,759.5161178059441,0.08758060515873016,0.05603618868458534,0.06124819442629814,0.03773457184433937,0.0006679289508610964,0.0017191552324220538
human_or_014.wav,human,-210.35462951660156,50.23046112060547,53.73222732543945,25.79593276977539,-8.11060905456543,13.320690155029297,6.8801045417785645,16.268831253051758,-7.5624189376831055,11.797988891601562,-12.130973815917969,17.155668258666992,0.9252766370773315,9.429198265075684,-9.423446655273438,10.85934066772461,-5.720435619354248,7.571033000946045,-4.878899097442627,5.649420738220215,-11.441949844360352,8.143709182739258,-3.0557384490966797,6.843851089477539,-4.811257839202881,5.876001358032227,2468.266989969375,749.5337358290003,2091.5409073759165,304.52448776724054,4850.756448412699,1404.5651797305256,0.2019585503472222,0.11942674758154792,0.04069550335407257,0.03222278133034706,0.15665587782859802,0.17571257054805756
human_or_015.wav,human,-273.648681640625,60.345863342285156,144.43746948242188,16.08274269104004,-71.32296752929688,22.095870971679688,35.170555114746094,29.747756958007812,-16.856595993041992,15.756715774536133,-33.0905647277832,20.42041778564453,12.412674903869629,9.060636520385742,-26.410879135131836,13.908646583557129,-5.0556960105896,7.538444519042969,-8.514355659484863,6.1668548583984375,-26.17001724243164,8.115792274475098,6.068696022033691,9.964190483093262,-11.211614608764648,7.9900712966918945,1260.340554897488,291.6372700291394,1004.735910079943,161.01775823176732,2469.4940476190477,576.5572141554799,0.09671456473214286,0.03529560001241066,0.06157384440302849,0.04698633775115013,0.00040965352673083544,0.001773883937858045
human_or_016.wav,human,-243.1669464111328,76.2560806274414,176.55210876464844,38.90605926513672,-42.07356643676758,30.118127822875977,2.4955482482910156,32.17536926269531,-23.593341827392578,13.129486083984375,-24.706256866455078,12.16831111907959,-2.10207462310791,15.314659118652344,-29.69290542602539,18.008541107177734,-6.661898136138916,10.806856155395508,-12.471158027648926,9.691259384155273,-22.787029266357422,6.981163501739502,3.545483112335205,8.085077285766602,-13.47040843963623,6.57759428024292,870.8730447648579,332.19008622513485,739.3302349946657,271.5126667542563,1561.3219246031747,747.8688586933472,0.07787698412698413,0.03806008111851348,0.13424716889858246,0.08493073284626007,0.00022440205793827772,0.000580158201046288
human_or_017.wav,human,-194.04571533203125,47.66386413574219,72.38211059570312,24.83261489868164,-23.673173904418945,28.887548446655273,-31.194000244140625,24.11034393310547,-16.975791931152344,12.582572937011719,-13.57980728149414,14.472355842590332,-7.777471542358398,10.330849647521973,-7.271737575531006,11.882134437561035,-7.792549133300781,9.802679061889648,-7.55197286605835,7.250519275665283,-6.430545806884766,6.748704433441162,-1.1126339435577393,4.921555995941162,0.8175152540206909,5.432067394256592,1901.8062529201861,694.6003968774323,1816.1282708727733,424.99899104848095,3547.18501984127,1738.0724166717816,0.14274476066468253,0.0843288172500993,0.09732401371002197,0.07422182708978653,0.05558798462152481,0.12798640131950378
human_or_018.wav,human,-298.4537048339844,146.79754638671875,130.6662139892578,76.71176147460938,-53.7946662902832,42.613590240478516,11.049839973449707,27.961591720581055,-11.107958793640137,13.363425254821777,-22.41632843017578,21.436594009399414,-3.144345998764038,11.374900817871094,-32.25373840332031,20.941072463989258,-11.19174575805664,12.559889793395996,-6.7036519050598145,11.157512664794922,-19.00092124938965,13.042875289916992,-0.639532208442688,6.225590229034424,-8.3185396194458,7.487915515899658,720.4189444276756,440.8973275465573,606.1987259612744,377.0405566241933,1362.4751984126983,878.0076035066191,0.05583844866071429,0.04079193286583982,0.11327376961708069,0.08445530384778976,0.22253020107746124,0.4155850112438202
human_or_019.wav,human,-252.72381591796875,75.58891296386719,167.9065399169922,26.100149154663086,-23.517709732055664,32.6547966003418,34.41026306152344,17.008792877197266,-20.973554611206055,18.157848358154297,-18.473424911499023,12.832262992858887,14.622323989868164,10.453316688537598,-26.911340713500977,17.39496421813965,-0.27684280276298523,10.959136009216309,-2.540393829345703,6.867463111877441,-18.907533645629883,8.892224311828613,7.244409561157227,8.77708625793457,-9.754323959350586,7.0214524269104,901.8760000406893,208.81501353554071,923.0972328208921,146.35043863850527,1878.1001984126983,636.4237477002766,0.06596447172619048,0.023798145118354097,0.07890445739030838,0.06525609642267227,0.00010376721911597997,0.00019325304310768843
human_or_020.wav,human,-217.2213592529297,53.663822174072266,86.4209213256836,51.40420913696289,46.206085205078125,24.016298294067383,26.05452537536621,23.638870239257812,11.088419914245605,14.305830001831055,-0.08357232809066772,11.557090759277344,-5.1141839027404785,10.082232475280762,-12.926526069641113,11.058412551879883,-15.038555145263672,11.741231918334961,-8.705751419067383,9.299826622009277,-2.721189498901367,9.870068550109863,-2.4165382385253906,7.552189350128174,-4.278039932250977,6.710102558135986,1644.897799523245,1204.194110395862,1814.7371292865316,497.78340572762323,3041.9146825396824,2512.3384920500084,0.13584681919642858,0.16057215272307246,0.15503311157226562,0.11522914469242096,0.10203512012958527,0.20261217653751373
human_pa_001.wav,human,-246.75003051757812,147.08644104003906,148.2295684814453,74.9358901977539,-38.77923583984375,32.911834716796875,47.98954391479492,35.65177536010742,-13.091254234313965,15.907193183898926,-24.17854118347168,18.776840209960938,12.28819465637207,12.95340633392334,-25.385881423950195,15.906635284423828,0.7291355729103088,9.011578559875488,-1.6304455995559692,11.381356239318848,-15.425055503845215,11.039698600769043,4.603719234466553,7.237417697906494,-14.637443542480469,10.405491828918457,745.8038002218884,409.175244117824,759.4516485695135,400.1213126128146,1544.952876984127,941.1828736316162,0.045933314732142856,0.02660019271048057,0.1399022787809372,0.08156368136405945,0.19055204093456268,0.39264047145843506
human_pa_002.wav,human,-249.08116149902344,66.25048065185547,167.1891632080078,29.46550178527832,-4.149685382843018,33.40394592285156,41.2691764831543,35.36727523803711,14.86323356628418,16.388731002807617,-9.718547821044922,19.022462844848633,9.232949256896973,12.118144035339355,-15.33615779876709,13.857623100280762,-13.253422737121582,11.199358940124512,-5.418245315551758,13.55749797821045,-9.402188301086426,10.243548393249512,-3.828183889389038,8.03554630279541,-13.719297409057617,9.086457252502441,591.8275699023714,185.00916388605998,699.055780199456,172.93136020563205,1193.266369047619,597.116554430175,0.035877046130952384,0.013789798761783892,0.17100587487220764,0.09473685175180435,2.1667874534614384e-05,8.385120599996299e-05
human_pa_003.wav,human,-146.88787841796875,41.57782745361328,115.00186920166016,26.605714797973633,3.682612895965576,18.04486083984375,1.2437056303024292,22.928773880004883,-8.443438529968262,8.075093269348145,-21.722219467163086,15.834028244018555,-11.527134895324707,9.833230972290039,-15.471651077270508,7.41387939453125,-13.752554893493652,8.418971061706543,-5.718495845794678,7.574155330657959,-8.300546646118164,6.677116870880127,-9.674361228942871,5.839379787445068,-8.02924633026123,6.815513610839844,1250.3927278903025,535.4921840784773,1525.5355169997906,284.44782618146866,2256.7584325396824,1096.1254290951838,0.07753208705357142,0.07151558000681905,0.17642620205879211,0.07120515406131744,0.023371107876300812,0.09647873789072037
human_pa_004.wav,human,-295.03582763671875,122.42292785644531,157.95750427246094,71.96820068359375,-19.915376663208008,32.662330627441406,26.068073272705078,38.8835334777832,-10.42923355102539,16.779460906982422,-22.323211669921875,17.20532989501953,7.3753275871276855,11.449407577514648,-15.870260238647461,15.192219734191895,-4.202144622802734,11.754471778869629,-2.031177282333374,13.08900260925293,-8.262422561645508,8.151002883911133,3.1771633625030518,10.573925018310547,-13.69260311126709,11.102457046508789,640.8576192166672,315.04056663915406,640.9772599082944,333.6571827555676,1235.8630952380952,755.2485584818626,0.04210844494047619,0.023140733242036558,0.10873663425445557,0.07476211339235306,0.13507388532161713,0.34158095717430115
human_pa_005.wav,human,-179.2364501953125,33.724456787109375,173.51023864746094,17.26604461669922,-85.18223571777344,19.475051879882812,12.824984550476074,32.079627990722656,3.7311928272247314,13.023996353149414,-50.663753509521484,20.79877281188965,-8.129232406616211,11.782186508178711,-16.452123641967773,9.697925567626953,-19.390087127685547,12.96213436126709,-1.9622266292572021,5.76336669921875,-13.109420776367188,6.950924873352051,-8.292950630187988,9.613574028015137,-4.786331653594971,6.358187198638916,1066.6636922209475,195.3265733256476,743.6509723812904,147.43756834283764,1888.0828373015872,394.2205913944629,0.09100244915674603,0.02480014161029026,0.24759016931056976,0.08032309263944626,5.9104848332935944e-05,0.00040776326204650104
human_pa_006.wav,human,-191.49867248535156,45.808502197265625,90.03462219238281,35.48185729980469,6.168002128601074,16.628271102905273,-4.092843055725098,16.469446182250977,7.538497447967529,8.729720115661621,-7.58746337890625,10.85304069519043,-25.026830673217773,11.763518333435059,-19.799787521362305,10.52933120727539,-6.283591270446777,9.247584342956543,-5.31177282333374,8.401249885559082,-9.017462730407715,7.0235772132873535,-8.229592323303223,6.572218418121338,-7.901684284210205,5.848643779754639,1502.3753938020636,912.2407723149187,1688.3009696172749,344.84291338460855,2638.0828373015875,1789.4292955740016,0.11881510416666667,0.12897042516014925,0.1578003168106079,0.07441120594739914,0.06611694395542145,0.17070716619491577
human_pa_007.wav,human,-283.93939208984375,80.82823944091797,180.6451873779297,44.55855941772461,-40.5008659362793,32.083683013916016,22.42020034790039,25.836475372314453,17.51161003112793,11.15131664276123,-11.928252220153809,15.224642753601074,7.416641712188721,11.79332160949707,-18.409629821777344,10.970075607299805,-11.810029029846191,9.958041191101074,5.351293087005615,8.451713562011719,-12.458459854125977,8.813210487365723,-10.50383472442627,8.077326774597168,-3.5287630558013916,6.552119731903076,746.8971104723583,311.13401020483207,732.2657047816066,176.4314788204282,1475.9424603174602,578.971993211941,0.05291263640873016,0.052805681702124754,0.10712843388319016,0.05468970909714699,0.0002761166833806783,0.0013068858534097672
human_pa_008.wav,human,-303.7008361816406,96.63988494873047,137.38125610351562,71.11967468261719,-1.494994044303894,24.295804977416992,-13.408612251281738,23.092370986938477,-21.630390167236328,13.503251075744629,-27.57233238220215,18.964635848999023,-10.307758331298828,10.913558959960938,-18.840909957885742,13.560928344726562,-14.978601455688477,12.17946720123291,0.2160232812166214,8.807686805725098,-12.17392349243164,8.693652153015137,-12.95981502532959,9.41894817352295,0.06853624433279037,6.254651069641113,530.3957741890399,284.0206216786142,408.895139609241,269.83703420922404,772.3834325396825,498.12994431990165,0.04742916046626984,0.026791511112463248,0.1477731615304947,0.106890469789505,0.19864681363105774,0.39869409799575806
human_pa_009.wav,human,-165.98348999023438,62.79926681518555,83.48358154296875,46.217525482177734,0.36825498938560486,27.09515380859375,16.65479850769043,31.061237335205078,-2.3810858726501465,19.953947067260742,-13.25900650024414,14.988476753234863,0.7602791786193848,12.417282104492188,-12.312897682189941,11.178956985473633,-10.423912048339844,12.432594299316406,-5.286453723907471,12.092072486877441,-11.822591781616211,8.628134727478027,-6.348687648773193,9.785947799682617,-5.959359169006348,8.77277660369873,1795.0253623547744,893.128597392982,1756.9682694190763,391.2174136179098,3355.282738095238,1687.1074675867999,0.18152049231150794,0.13187968733835326,0.11662283539772034,0.06531769782304764,0.07151889055967331,0.1501365751028061
human_pa_010.wav,human,-280.4066467285156,91.03731536865234,160.4857177734375,42.10493469238281,-9.591485023498535,44.80615997314453,38.18019104003906,36.42329788208008,-19.232166290283203,18.12099266052246,-24.231117248535156,17.04112434387207,6.935451507568359,14.132818222045898,-36.85581970214844,13.36898136138916,-16.862342834472656,10.585844039916992,0.5078068375587463,14.066850662231445,-12.008288383483887,8.059391021728516,-5.08781099319458,7.793607234954834,-15.21570110321045,8.23621654510498,821.5718065364642,321.3836573562355,811.629138513474,226.6484580570539,1502.4181547619048,825.2305945194774,0.07612149677579365,0.04267613371720865,0.1157006025314331,0.07642265409231186,0.00012832139327656478,0.0003283735131844878
human_pa_011.wav,human,-233.5920867919922,37.09440612792969,155.29954528808594,24.2823486328125,-4.339116096496582,25.9262638092041,25.502771377563477,30.477680206298828,-28.2847843170166,15.175833702087402,-17.857675552368164,11.658117294311523,2.6622071266174316,10.998970985412598,-34.85884475708008,11.914926528930664,-0.849693238735199,11.105708122253418,-10.997759819030762,7.629786014556885,-27.52445411682129,8.472819328308105,9.847602844238281,6.017726898193359,-9.38036060333252,6.692141532897949,784.4071249543078,165.88043641141616,823.3053949255044,234.07946268482624,1510.7266865079366,798.1097060229866,0.05783420138888889,0.012478163819147757,0.1876804083585739,0.06479660421609879,4.7205659939209e-05,0.0003665078547783196
human_pa_012.wav,human,-205.40626525878906,57.611305236816406,77.47217559814453,45.10984420776367,7.364923000335693,22.582754135131836,0.21715429425239563,16.193519592285156,2.5498061180114746,7.4029541015625,-16.590862274169922,13.732864379882812,-20.51941680908203,13.287954330444336,-9.107320785522461,8.033722877502441,-7.200107097625732,8.883194923400879,-11.303157806396484,7.80216121673584,-9.404854774475098,6.3911333084106445,-6.667658805847168,6.781732559204102,-6.9982218742370605,5.039150714874268,1880.0022496240615,1155.5931124262636,1824.079223723708,385.7632142369285,3438.1820436507937,2064.7037260381244,0.17718408978174602,0.16599136855357102,0.11804705858230591,0.08221361041069031,0.12836550176143646,0.22421792149543762
human_pa_013.wav,human,-270.9897155761719,67.4339828491211,157.15260314941406,28.982589721679688,1.8190587759017944,38.053958892822266,42.90830612182617,33.03586196899414,-13.242501258850098,15.335081100463867,-33.76805114746094,15.657782554626465,-5.790117263793945,16.30348777770996,-31.433250427246094,11.128816604614258,-15.773896217346191,12.734516143798828,-5.83572244644165,10.79912281036377,-14.002158164978027,8.52009391784668,-5.874491214752197,7.216325759887695,-15.071786880493164,8.240323066711426,713.111898904051,227.79304616240643,756.59905301391,206.8730908157431,1260.1066468253969,731.3828641959018,0.05538116939484127,0.02343195718887466,0.12241795659065247,0.0737362802028656,7.878038741182536e-05,0.0005079548573121428
human_pa_014.wav,human,-306.3274841308594,140.70326232910156,150.94891357421875,80.56510925292969,-24.161128997802734,31.04786491394043,28.540035247802734,29.5870304107666,-7.702980995178223,12.521665573120117,-9.408562660217285,15.548412322998047,15.480201721191406,15.634563446044922,-22.70253562927246,16.672985076904297,-0.6931936144828796,11.619889259338379,2.7125794887542725,9.339558601379395,-20.15584373474121,12.654253005981445,-4.2515482902526855,8.245402336120605,-12.572896003723145,10.230754852294922,624.848948990229,400.28542741491816,655.5215996746686,408.74750108298895,1282.2420634920634,948.5884140931169,0.04725864955357143,0.03674409975653184,0.09721838682889938,0.07022997736930847,0.20675967633724213,0.40448930859565735
human_pa_015.wav,human,-137.62635803222656,39.8978157043457,108.8546142578125,20.909099578857422,-28.54881477355957,26.888826370239258,-20.793354034423828,23.30073356628418,-6.693756103515625,16.48438262939453,-21.359163284301758,14.538293838500977,-18.49714469909668,14.021198272705078,-19.396541595458984,9.640460968017578,-13.252143859863281,10.926229476928711,-4.5740180015563965,10.835548400878906,-10.993972778320312,8.413451194763184,-9.776843070983887,7.467817306518555,-2.9322879314422607,7.194635391235352,1282.1656267630478,384.7622794696215,1374.3889662172676,347.51880683942034,2084.8834325396824,1096.60172152399,0.10075257316468254,0.05115950978971797,0.24304267764091492,0.08915048837661743,0.012030482292175293,0.0453876368701458
human_pa_016.wav,human,-278.0093994140625,76.64847564697266,167.50558471679688,47.450706481933594,-37.2669792175293,31.603429794311523,10.734407424926758,37.05126190185547,4.753415584564209,16.918926239013672,-27.969995498657227,21.14883041381836,-2.726080894470215,10.639152526855469,-14.156210899353027,11.038376808166504,-18.377971649169922,14.065446853637695,-5.326565742492676,10.764934539794922,-8.65627384185791,9.341405868530273,-6.6981072425842285,8.229201316833496,-8.874433517456055,8.860564231872559,870.2803707091209,275.19213083687504,711.0361002158835,225.23930941911001,1637.4007936507937,612.8478746310917,0.08222501240079365,0.0288507360921205,0.12845313549041748,0.08284077048301697,0.0004147342697251588,0.0013331004884094
human_pa_017.wav,human,-274.60333251953125,76.30183410644531,149.870361328125,40.53206253051758,-12.61638355255127,38.68903350830078,-5.388664722442627,32.48442459106445,-1.352487564086914,15.244431495666504,-9.256664276123047,18.017417907714844,-0.9387229681015015,14.838054656982422,-22.375286102294922,12.896869659423828,-13.967458724975586,11.715085983276367,9.197857856750488,18.272705078125,-9.040464401245117,6.438083171844482,-11.910512924194336,10.20966911315918,0.7487410306930542,5.727291584014893,755.7860709397496,209.591346851416,651.2941799372566,223.23536124186475,1323.7227182539682,518.7546839227265,0.05721416170634921,0.01973260459854959,0.14221686124801636,0.1024351641535759,0.00026222169981338084,0.0018246386898681521
human_pa_018.wav,human,-177.72430419921875,38.681575775146484,105.94937133789062,26.261512756347656,32.315460205078125,20.173215866088867,21.606189727783203,30.815980911254883,3.3147759437561035,14.55737018585205,-5.199951171875,10.412556648254395,3.13647723197937,13.188454627990723,-5.9187726974487305,9.04998779296875,-5.6216535568237305,11.920854568481445,0.9529823064804077,12.448278427124023,-7.328239917755127,7.761176586151123,-13.391056060791016,7.446590900421143,-11.280339241027832,6.029938697814941,1040.1301595823995,296.1826459039286,1619.5882247965203,321.3760538763526,2082.8373015873017,1179.1334730015674,0.035458519345238096,0.01377334236470346,0.2310488224029541,0.11823973804712296,0.002867489354684949,0.005885685794055462
human_pa_019.wav,human,-241.39967346191406,77.84832763671875,135.74771118164062,34.707733154296875,-42.56874084472656,31.793472290039062,40.71467208862305,26.84682273864746,4.029337406158447,13.42333698272705,-37.56574249267578,23.82741355895996,-13.647104263305664,11.70936107635498,-25.76719093322754,11.587564468383789,-5.163759708404541,11.23008918762207,-6.993481636047363,8.485298156738281,-18.67977523803711,8.195191383361816,6.1500935554504395,8.78616714477539,-5.427016735076904,6.146130561828613,983.8216740457622,270.4058091488199,847.1353072455505,137.8468337631473,1943.7624007936508,469.8358989590248,0.07380797371031746,0.04126617018821944,0.1543307602405548,0.08449084311723709,0.00020052171021234244,0.0008627817151136696
human_pa_020.wav,human,-303.926025390625,156.32765197753906,104.79402923583984,72.2039794921875,-56.888153076171875,38.8648796081543,65.63114166259766,44.90640640258789,-16.84250259399414,18.688766479492188,-19.502517700195312,18.16205406188965,18.687101364135742,13.56731128692627,-34.91000747680664,21.42349624633789,3.287008047103882,14.929409980773926,-3.324802875518799,9.532150268554688,-16.732358932495117,12.62319564819336,11.196434020996094,10.260350227355957,-18.356386184692383,12.185684204101562,1561.2704876441944,1065.0830573925898,866.6587064252479,484.76243026236205,2458.4573412698414,1408.9424080862016,0.20328388516865079,0.15453456383741843,0.08795055001974106,0.06643178313970566,0.2075006365776062,0.4042249917984009
human_ta_001.wav,human,-125.2147445678711,51.45674133300781,52.003326416015625,54.36056137084961,11.606857299804688,33.328857421875,39.60903549194336,19.941247940063477,-1.3852229118347168,14.011110305786133,0.4113660752773285,20.69073486328125,-22.48172378540039,8.200550079345703,-20.06546401977539,11.322223663330078,7.561586380004883,9.931475639343262,-9.24260139465332,8.423176765441895,-9.68930721282959,8.202816009521484,-8.569371223449707,9.043180465698242,-8.558767318725586,9.693723678588867,2303.2339443373844,1083.8351054840678,1838.1276620224296,308.6820672710941,4411.644345238095,1179.0383181574505,0.19296409970238096,0.1259788262596476,0.1200011670589447,0.050904929637908936,0.05298405513167381,0.0708213821053505
human_ta_002.wav,human,-276.58642578125,194.01986694335938,51.932456970214844,62.543399810791016,-0.14863291382789612,30.945274353027344,29.861995697021484,29.626203536987305,-3.963197946548462,15.82307243347168,-3.7228643894195557,21.871383666992188,-7.712312698364258,15.152642250061035,-17.049814224243164,20.769731521606445,4.597431182861328,11.368352890014648,-7.12094259262085,15.461191177368164,-6.288914680480957,11.433764457702637,-0.20897863805294037,8.892537117004395,-9.600179672241211,13.201972961425781,1926.9451263014364,941.9950971373843,1777.7452164930032,475.7498010067917,3922.5570436507937,1584.726897597497,0.12706163194444445,0.10757979662197675,0.11714774370193481,0.11265011876821518,0.03620145469903946,0.06025197356939316
human_ta_003.wav,human,-162.6377716064453,75.38246154785156,113.24857330322266,61.53646469116211,-10.567916870117188,33.99427032470703,30.68376922607422,29.831560134887695,-9.805415153503418,18.85626220703125,1.2418041229248047,16.145524978637695,-6.165373802185059,13.679059028625488,-23.00893211364746,18.05776596069336,5.689705848693848,18.23919105529785,-9.519296646118164,12.815288543701172,-8.02743911743164,10.80384635925293,-2.7653563022613525,12.564826011657715,-13.350301742553711,13.236693382263184,1429.4561241919337,931.7549242234684,1368.4966991903084,341.03897261339256,2646.0813492063494,1496.1382755821967,0.10310484871031746,0.09526168124990096,0.1474028080701828,0.06051717326045036,0.020529529079794884,0.04752539470791817
human_ta_004.wav,human,-97.34527587890625,44.277923583984375,77.0131607055664,46.9921875,6.076476573944092,33.80071258544922,31.975873947143555,27.893217086791992,-6.2454729080200195,22.636825561523438,0.3935365080833435,17.191936492919922,-13.723649978637695,15.302835464477539,-23.89204978942871,12.885446548461914,-3.0683858394622803,11.128301620483398,-13.418746948242188,11.06098461151123,-9.185620307922363,13.32278060913086,-6.4619622230529785,9.482280731201172,-13.458154678344727,11.759610176086426,1700.184231824247,854.9053041879404,1678.452584194023,318.9303269209207,3378.0381944444443,1342.0629276773857,0.11220005580357142,0.08593432063361295,0.2209101766347885,0.06210000813007355,0.021150801330804825,0.04167037829756737
human_ta_005.wav,human,-172.47293090820312,137.79312133789062,93.9559555053711,72.0440673828125,-10.91065788269043,35.55625915527344,33.53044509887695,33.90268325805664,-7.233041286468506,22.142528533935547,-2.0284602642059326,20.069839477539062,-10.170403480529785,16.467138290405273,-26.292037963867188,17.942676544189453,11.15511417388916,13.932506561279297,-11.33869457244873,14.859651565551758,-10.44665241241455,10.710044860839844,3.082803964614868,11.164745330810547,-15.70053482055664,14.921989440917969,1642.9801987811136,940.6901267333101,1441.541558925527,365.49680363422095,3087.7356150793653,1481.9761719002195,0.13206070188492064,0.09704481069644506,0.15871448814868927,0.08966949582099915,0.023624349385499954,0.05365386977791786
human_ta_006.wav,human,-266.1910400390625,165.63760375976562,74.05805969238281,76.39623260498047,2.3730251789093018,30.566146850585938,22.10607147216797,26.699827194213867,-15.860394477844238,27.146699905395508,-2.621980667114258,21.842559814453125,-3.574026584625244,18.33458137512207,-20.32034683227539,21.128557205200195,3.4668052196502686,9.056687355041504,-5.376428604125977,13.176896095275879,-7.48685884475708,11.685728073120117,-0.6560309529304504,11.780587196350098,-11.160381317138672,12.554443359375,1555.8191806623847,989.7849915771933,1492.3515943849502,605.6855722314239,3042.0386904761904,1808.6452024222747,0.10236080109126984,0.09110140807830183,0.11726047843694687,0.10436992347240448,0.06797168403863907,0.21202050149440765
human_ta_007.wav,human,-108.52645111083984,55.68034744262695,82.85253143310547,53.59148025512695,11.835345268249512,31.061307907104492,38.31502151489258,26.37053108215332,-5.28516960144043,24.738840103149414,-5.690011978149414,23.941707611083984,-12.534199714660645,13.90151596069336,-17.71140480041504,13.828277587890625,2.572810173034668,13.581891059875488,-11.332635879516602,12.73669719696045,-7.440797328948975,7.782394886016846,-5.117857933044434,8.14645767211914,-13.514206886291504,7.438828468322754,1738.3183208693533,928.9499343844511,1671.4190873426162,334.0981591552276,3383.4325396825398,1445.389450967439,0.13018895709325398,0.10251397613425232,0.17999768257141113,0.07416853308677673,0.022271187976002693,0.032265063375234604
human_ta_008.wav,human,-185.0215606689453,98.96684265136719,112.49102783203125,63.641841888427734,-10.147346496582031,32.13066101074219,48.29024887084961,32.831478118896484,-2.183556079864502,24.08051109313965,-3.320528507232666,17.005903244018555,-10.051734924316406,18.399307250976562,-32.491153717041016,12.009561538696289,2.7584450244903564,9.659131050109863,-13.739311218261719,15.559675216674805,-9.254110336303711,12.474342346191406,-3.21638560295105,10.964478492736816,-16.223867416381836,9.956392288208008,1379.4775203690813,892.130732245686,1295.66906825923,294.6071530133005,2536.4583333333335,1381.9641515953456,0.10448443700396826,0.10018991994589223,0.13840626180171967,0.07033737003803253,0.01435454748570919,0.030960291624069214
human_ta_009.wav,human,-111.42841339111328,68.26324462890625,149.14833068847656,22.611188888549805,-11.879667282104492,34.635345458984375,26.84427261352539,15.065080642700195,-27.54318618774414,24.36428451538086,-6.902530670166016,12.229278564453125,-0.855047881603241,14.119865417480469,-27.90882682800293,14.437784194946289,11.873394012451172,13.278748512268066,-18.336410522460938,14.211692810058594,5.017926216125488,13.471468925476074,3.1587839126586914,8.448383331298828,-20.21684455871582,8.567543029785156,1048.9932864634734,240.6210505655196,1242.690153440597,205.73775300217258,2160.094246031746,798.0732959204538,0.0613219246031746,0.018846229566743537,0.2575624883174896,0.09110777825117111,0.0024260322097688913,0.003375036409124732
human_ta_010.wav,human,-111.9718246459961,51.644493103027344,99.49391174316406,38.484535217285156,6.784359931945801,26.559953689575195,29.761720657348633,26.57963752746582,0.4526039659976959,30.707853317260742,-4.615827560424805,17.78268051147461,-16.623382568359375,15.563835144042969,-21.053388595581055,11.398725509643555,0.5391746163368225,10.841132164001465,-13.636152267456055,12.205416679382324,-13.029273986816406,9.538246154785156,-6.234508037567139,6.827964782714844,-9.506695747375488,7.669442176818848,1334.9677236444238,582.7623128454826,1568.3837157332227,326.6331675991706,2538.3184523809523,1258.4737385310066,0.07857840401785714,0.05773982282815277,0.21945473551750183,0.08461222052574158,0.013633900322020054,0.03210537135601044
human_ta_011.wav,human,-159.27281188964844,83.23492431640625,132.5455780029297,52.85238265991211,-8.785149574279785,40.74736022949219,28.55940055847168,28.751569747924805,-26.107587814331055,29.37693214416504,-0.7432857751846313,18.093400955200195,-0.02228764072060585,15.73197078704834,-24.889806747436523,16.455734252929688,9.251042366027832,17.41069984436035,-16.69659996032715,13.959976196289062,-4.514440059661865,11.790630340576172,-1.8706778287887573,10.089174270629883,-9.131512641906738,9.027440071105957,1208.3366442495326,770.9799837517237,1232.0434870466243,373.9580137487957,2140.066964285714,1448.001031504555,0.08873155381944445,0.08470370464767675,0.1830073893070221,0.06834878772497177,0.014079413376748562,0.041742533445358276
human_ta_012.wav,human,-133.306640625,91.23497772216797,135.12576293945312,51.485713958740234,-13.27855110168457,45.62881088256836,31.055089950561523,29.530609130859375,-18.062284469604492,23.435962677001953,-0.2462422251701355,18.144540786743164,-1.7673851251602173,18.51761817932129,-23.64650535583496,13.60522174835205,3.7025859355926514,13.168660163879395,-10.849849700927734,12.827950477600098,-6.797183990478516,8.925902366638184,-2.484873056411743,10.16785717010498,-14.882490158081055,14.01580810546875,1231.1172343754297,683.0225336991437,1263.1257766555266,401.80768036574045,2310.5158730158732,1347.2594332209403,0.0846896701388889,0.06965517133497517,0.17742648720741272,0.059798140078783035,0.009627055376768112,0.029029814526438713
human_ta_013.wav,human,-108.29652404785156,45.66448974609375,91.08988952636719,42.549903869628906,-4.58598518371582,28.454532623291016,13.263744354248047,23.5762939453125,-26.89319610595703,26.73723030090332,-9.185925483703613,13.86447525024414,-4.338353157043457,17.257728576660156,-23.197975158691406,11.125749588012695,0.8041857481002808,10.013087272644043,-9.46943187713623,11.145539283752441,-9.698745727539062,6.71198034286499,-1.498762845993042,8.749547004699707,-8.082833290100098,8.86031723022461,1548.7275677469881,732.7379463480661,1559.2810634327595,294.4409127747988,3016.8030753968255,1265.9361556336842,0.12711588541666666,0.10294473662777019,0.2161274552345276,0.08667898178100586,0.028303638100624084,0.07257812470197678
human_ta_014.wav,human,-185.91627502441406,85.05879211425781,137.0101318359375,49.854469299316406,-11.570940971374512,36.74067687988281,26.8872013092041,23.406206130981445,-17.96706199645996,28.895883560180664,5.9840264320373535,19.268217086791992,-2.8879172801971436,17.146867752075195,-27.46616554260254,18.06774139404297,-4.43388557434082,17.347118377685547,-11.296372413635254,11.746967315673828,-2.3140671253204346,11.387081146240234,-4.9373250007629395,10.837997436523438,-14.968123435974121,11.928265571594238,1165.359514336147,669.3878023535145,1245.5568229540515,383.3456332716053,2208.8913690476193,1333.324315566105,0.0848020523313492,0.06783963364563725,0.1431242674589157,0.08094015717506409,0.0135836536064744,0.03818733990192413
human_ta_015.wav,human,-236.59579467773438,143.2975616455078,108.81499481201172,57.256591796875,2.3406362533569336,31.40470314025879,34.55202102661133,22.993314743041992,-17.540597915649414,27.108722686767578,-2.701296091079712,18.053876876831055,-3.1194989681243896,18.083650588989258,-23.23081398010254,16.638317108154297,0.8083861470222473,12.052733421325684,-7.5900702476501465,13.014599800109863,-9.393155097961426,10.180033683776855,-1.295373797416687,9.555901527404785,-12.43368911743164,11.60184383392334,1038.418245167593,683.2171393207287,1171.7764919330684,576.7019495662518,2142.2371031746034,1442.9686316520833,0.058182973710317464,0.05420021068914947,0.12281018495559692,0.08048883825540543,0.13586673140525818,0.33064788579940796
human_ta_016.wav,human,-155.22865295410156,75.5635986328125,66.64665985107422,57.232322692871094,10.138050079345703,28.712190628051758,20.018062591552734,22.668617248535156,-9.968748092651367,20.46381950378418,1.603763222694397,14.056116104125977,-2.613243818283081,13.128278732299805,-17.048059463500977,14.455803871154785,-4.116732597351074,10.27957534790039,-9.561994552612305,10.23947811126709,-5.880077838897705,9.937844276428223,-4.004754543304443,10.635503768920898,-9.928701400756836,10.216903686523438,2087.9643917660187,1179.8614935919352,1798.3692774842984,364.9701852525763,3926.153273809524,1836.764896920121,0.19654095362103174,0.15786248678906303,0.13637161254882812,0.08410929888486862,0.11012793332338333,0.18863511085510254
human_ta_017.wav,human,-150.9012908935547,109.12824249267578,113.91790771484375,57.632102966308594,-22.92136573791504,34.56758117675781,51.26397705078125,32.52838897705078,0.10825420171022415,23.498674392700195,6.8618292808532715,16.954397201538086,-4.854395866394043,12.320201873779297,-29.571239471435547,16.756576538085938,0.6552402377128601,13.186013221740723,-22.119596481323242,15.576130867004395,-1.0299909114837646,15.560669898986816,-1.2252957820892334,8.683515548706055,-14.067153930664062,10.089292526245117,1438.0343617302756,792.9050012393114,1360.0317753430884,342.43470943756813,2821.2425595238096,1401.6920757865698,0.10558888268849206,0.08758499719640407,0.16370965540409088,0.09164686501026154,0.025272950530052185,0.06757226586341858
human_ta_018.wav,human,-232.742919921875,131.4267120361328,86.6463851928711,56.07618713378906,-3.909019947052002,37.21688461303711,30.96983528137207,38.70209884643555,-3.7387657165527344,25.996234893798828,2.7796099185943604,15.525015830993652,-10.77669620513916,16.648775100708008,-12.963655471801758,15.20073413848877,3.3936851024627686,13.527920722961426,-8.908175468444824,14.564779281616211,-7.875432968139648,10.537833213806152,-7.884808540344238,11.790644645690918,-9.917613983154297,12.051628112792969,1485.6645591148663,855.0114732976709,1457.4895393258566,371.28472376035415,2839.409722222222,1462.2673459032933,0.09963262648809523,0.09357391163230641,0.13183730840682983,0.09949008375406265,0.025704078376293182,0.060148414224386215
human_ta_019.wav,human,-164.86618041992188,70.32245635986328,70.78361511230469,48.67504119873047,-0.7092282176017761,25.290447235107422,18.954397201538086,29.957860946655273,4.544922351837158,15.498017311096191,2.0133793354034424,12.633814811706543,-13.161060333251953,16.500558853149414,-21.119373321533203,17.097196578979492,-0.16600491106510162,9.31184196472168,-7.592738628387451,10.456759452819824,-9.746038436889648,8.766904830932617,-3.8005692958831787,11.022947311401367,-6.2722368240356445,8.1675443649292,1938.4871977956793,989.372838074226,1795.3027717126204,356.3471431317897,3677.7033730158732,1679.9057791529206,0.15576946924603174,0.14356964707764028,0.11653323471546173,0.07346618920564651,0.08218784630298615,0.1607431322336197
human_ta_020.wav,human,-139.1389617919922,75.05236053466797,121.87950897216797,50.953269958496094,-14.075615882873535,35.56902313232422,38.721519470214844,30.009262084960938,-18.77473258972168,29.800825119018555,-5.066394805908203,15.694493293762207,-5.053817272186279,18.282217025756836,-21.66442108154297,15.896791458129883,5.9801740646362305,14.538317680358887,-14.681313514709473,12.871495246887207,-8.28066635131836,10.240043640136719,-0.4559309780597687,12.222548484802246,-17.194265365600586,12.797224998474121,1283.569597299117,668.3635033890198,1316.3980710270341,388.5618655136483,2445.436507936508,1325.7481153255299,0.08838278149801587,0.06350402598710539,0.20648902654647827,0.08168730139732361,0.013562026433646679,0.03687738999724388
human_te_001.wav,human,-142.11575317382812,59.933956146240234,65.1296157836914,64.77055358886719,3.0194225311279297,39.827579498291016,50.09823989868164,26.904861450195312,-5.633901119232178,12.834888458251953,0.6847233772277832,21.895084381103516,-23.94437026977539,9.07889461517334,-22.94971466064453,13.149986267089844,11.601306915283203,10.971491813659668,-10.624300003051758,9.85955810546875,-9.768770217895508,8.226329803466797,-9.573586463928223,10.0850830078125,-10.584646224975586,11.47115421295166,2160.00790591908,1164.0176702551712,1675.3638703513805,328.9258592009542,4149.367559523809,1282.4228531789356,0.17462255084325398,0.1280625562825599,0.12000850588083267,0.05100550875067711,0.04289111867547035,0.06707516312599182
human_te_002.wav,human,-184.5843048095703,107.16156005859375,39.12378692626953,54.01324462890625,2.2640011310577393,25.537750244140625,21.418434143066406,25.698671340942383,-5.011595726013184,13.72507095336914,-4.519085884094238,17.958141326904297,-9.709637641906738,12.577411651611328,-14.97226619720459,16.598928451538086,0.5962883234024048,9.8147554397583,-7.10431432723999,12.885563850402832,-6.278761386871338,10.028523445129395,-1.1656649112701416,7.295219421386719,-8.124189376831055,10.134571075439453,2756.2270739825435,1273.144244242666,1942.7003324798739,383.7891272471422,4933.6557539682535,1866.6171180303782,0.2873380146329365,0.1918061758285585,0.11863132566213608,0.11060181260108948,0.24416686594486237,0.25843992829322815
human_te_003.wav,human,-162.6377716064453,75.38246154785156,113.24857330322266,61.53646469116211,-10.567916870117188,33.99427032470703,30.68376922607422,29.831560134887695,-9.805415153503418,18.85626220703125,1.2418041229248047,16.145524978637695,-6.165373802185059,13.679059028625488,-23.00893211364746,18.05776596069336,5.689705848693848,18.23919105529785,-9.519296646118164,12.815288543701172,-8.02743911743164,10.80384635925293,-2.7653563022613525,12.564826011657715,-13.350301742553711,13.236693382263184,1429.4561241919337,931.7549242234684,1368.4966991903084,341.03897261339256,2646.0813492063494,1496.1382755821967,0.10310484871031746,0.09526168124990096,0.1474028080701828,0.06051717326045036,0.020529529079794884,0.04752539470791817
human_te_004.wav,human,-112.8880844116211,52.58207702636719,92.94810485839844,59.80715560913086,-4.659786224365234,38.41023254394531,40.495086669921875,29.46331214904785,-9.624223709106445,22.051342010498047,0.6220337152481079,19.126951217651367,-12.428293228149414,17.369304656982422,-28.127761840820312,15.316801071166992,1.0136626958847046,15.078832626342773,-15.616016387939453,12.201687812805176,-9.417070388793945,13.827384948730469,-5.073984622955322,10.345708847045898,-16.759078979492188,13.253721237182617,1596.061789746144,904.1088444686501,1512.749066375631,408.2991595191246,3127.6661706349205,1464.6811790404377,0.10505409846230158,0.08407721850116989,0.2215479463338852,0.06231975927948952,0.016458850353956223,0.03423119708895683
human_te_005.wav,human,-128.2257537841797,84.13957977294922,73.2288818359375,57.0742073059082,-0.326200008392334,31.742685317993164,23.411880493164062,32.45628356933594,-7.236537933349609,19.43437957763672,-3.515357494354248,16.00825309753418,-12.016925811767578,14.540207862854004,-21.029048919677734,14.454845428466797,4.6893720626831055,11.491031646728516,-10.537904739379883,12.113402366638184,-8.646334648132324,10.87256908416748,1.3766419887542725,9.288317680358887,-12.4271879196167,11.895296096801758,2045.6930739014829,1075.1464415337432,1736.856829588122,376.40099791611107,3884.2385912698414,1668.7926477332412,0.1885928199404762,0.14042464188725726,0.15998701751232147,0.08940737694501877,0.09315471351146698,0.17234228551387787
human_te_006.wav,human,-266.1910400390625,165.63760375976562,74.05805969238281,76.39623260498047,2.3730251789093018,30.566146850585938,22.10607147216797,26.699827194213867,-15.860394477844238,27.146699905395508,-2.621980667114258,21.842559814453125,-3.574026584625244,18.33458137512207,-20.32034683227539,21.128557205200195,3.4668052196502686,9.056687355041504,-5.376428604125977,13.176896095275879,-7.48685884475708,11.685728073120117,-0.6560309529304504,11.780587196350098,-11.160381317138672,12.554443359375,1555.8191806623847,989.7849915771933,1492.3515943849502,605.6855722314239,3042.0386904761904,1808.6452024222747,0.10236080109126984,0.09110140807830183,0.11726047843694687,0.10436992347240448,0.06797168403863907,0.21202050149440765
human_te_007.wav,human,-133.8725128173828,76.66447448730469,105.19715881347656,68.55224609375,0.5843414664268494,42.22697830200195,49.84727096557617,25.261810302734375,-11.289691925048828,24.843730926513672,-3.553720235824585,27.24822235107422,-12.775500297546387,18.210378646850586,-21.492198944091797,15.539433479309082,7.608531951904297,15.539047241210938,-14.34829044342041,13.798304557800293,-6.860114097595215,9.762608528137207,-4.952908515930176,9.962454795837402,-16.321443557739258,7.484979629516602,1563.000027886787,1004.534608764702,1422.8834019832152,381.61805665477266,2932.7876984126983,1549.9536836453833,0.11852833581349206,0.10426483862417678,0.1798841506242752,0.0741913691163063,0.014658098109066486,0.027360927313566208
human_te_008.wav,human,-143.92605590820312,63.14211654663086,76.69867706298828,50.577728271484375,6.8663763999938965,25.739389419555664,33.54926300048828,29.32141876220703,1.731351375579834,21.348377227783203,-3.045401096343994,14.160508155822754,-12.001459121704102,16.59042739868164,-24.340248107910156,11.088532447814941,-3.552588939666748,7.627450466156006,-11.1714506149292,13.053994178771973,-10.09829330444336,11.444877624511719,-4.10585880279541,9.541419982910156,-10.72323989868164,7.7433671951293945,1837.4354046535311,874.6914771288657,1765.288023370854,378.2794101244142,3687.748015873016,1492.4448872784294,0.17266555059523808,0.1075568049064057,0.1372431367635727,0.06964001059532166,0.040887221693992615,0.06430944055318832
human_te_009.wav,human,-111.42841339111328,68.26324462890625,149.14833068847656,22.611188888549805,-11.879667282104492,34.635345458984375,26.84427261352539,15.065080642700195,-27.54318618774414,24.36428451538086,-6.902530670166016,12.229278564453125,-0.855047881603241,14.119865417480469,-27.90882682800293,14.437784194946289,11.873394012451172,13.278748512268066,-18.336410522460938,14.211692810058594,5.017926216125488,13.471468925476074,3.1587839126586914,8.448383331298828,-20.21684455871582,8.567543029785156,1048.9932864634734,240.6210505655196,1242.690153440597,205.73775300217258,2160.094246031746,798.0732959204538,0.0613219246031746,0.018846229566743537,0.2575624883174896,0.09110777825117111,0.0024260322097688913,0.003375036409124732
human_te_010.wav,human,-136.70262145996094,66.05033111572266,125.62804412841797,45.98146438598633,-10.342161178588867,28.84316062927246,42.63141632080078,28.831403732299805,-5.861772537231445,30.935626983642578,-2.2213711738586426,18.89886474609375,-16.085811614990234,17.009153366088867,-25.932100296020508,14.385205268859863,5.379589080810547,12.32532787322998,-16.79102325439453,13.213857650756836,-11.818374633789062,10.775018692016602,-5.661042213439941,8.587372779846191,-12.379773139953613,8.970074653625488,1135.111963368875,616.7023496370191,1271.172975385104,302.9524105503171,2049.5411706349205,1107.182680155931,0.06756107390873016,0.05776172383964034,0.21933536231517792,0.08464669436216354,0.00959706399589777,0.030885087326169014
human_te_011.wav,human,-123.70854949951172,58.1483039855957,98.00347137451172,42.93212890625,9.125733375549316,33.23817443847656,15.104713439941406,25.140819549560547,-17.777206420898438,26.906822204589844,-2.453601121902466,15.790263175964355,-4.262136459350586,14.474802017211914,-17.013782501220703,11.771345138549805,1.256960153579712,12.724056243896484,-10.209761619567871,10.878942489624023,-7.1686015129089355,10.181492805480957,-1.9932035207748413,8.916863441467285,-6.7628092765808105,7.546989440917969,1474.228655020512,731.9840754010203,1611.0540548444535,358.22121578544716,2875.124007936508,1458.485119162673,0.105224609375,0.0892528693019611,0.18280282616615295,0.06821801513433456,0.023501340299844742,0.05631949007511139
human_te_012.wav,human,-133.306640625,91.23497772216797,135.12576293945312,51.485713958740234,-13.27855110168457,45.62881088256836,31.055089950561523,29.530609130859375,-18.062284469604492,23.435962677001953,-0.2462422251701355,18.144540786743164,-1.7673851251602173,18.51761817932129,-23.64650535583496,13.60522174835205,3.7025859355926514,13.168660163879395,-10.849849700927734,12.827950477600098,-6.797183990478516,8.925902366638184,-2.484873056411743,10.16785717010498,-14.882490158081055,14.01580810546875,1231.1172343754297,683.0225336991437,1263.1257766555266,401.80768036574045,2310.5158730158732,1347.2594332209403,0.0846896701388889,0.06965517133497517,0.17742648720741272,0.059798140078783035,0.009627055376768112,0.029029814526438713
human_te_013.wav,human,-128.10348510742188,51.503597259521484,113.34064483642578,52.02052307128906,-20.109397888183594,30.983407974243164,24.047595977783203,23.140178680419922,-32.87087631225586,29.659879684448242,-9.297115325927734,14.817052841186523,-0.5459702014923096,19.6601505279541,-29.682199478149414,12.369522094726562,7.114720344543457,13.359286308288574,-14.566666603088379,11.536023139953613,-7.948690891265869,8.014883041381836,-1.0328497886657715,10.039457321166992,-10.44265079498291,10.290494918823242,1409.3995638246804,761.7343781757221,1348.1928841633705,329.0263290271276,2646.5153769841268,1306.9854472433728,0.1193576388888889,0.10123526997264728,0.2177278846502304,0.08735429495573044,0.02148965187370777,0.062327977269887924
human_te_014.wav,human,-144.76637268066406,63.292972564697266,96.71415710449219,38.75883483886719,9.666072845458984,28.401668548583984,12.054956436157227,23.5469970703125,-8.97937297821045,26.961122512817383,2.0052449703216553,14.121044158935547,-3.849095344543457,12.660470962524414,-22.12108039855957,14.363385200500488,-8.886003494262695,13.362310409545898,-7.495053768157959,8.708745002746582,-4.553432941436768,8.167516708374023,-4.746222019195557,8.028047561645508,-10.988726615905762,9.570889472961426,1550.2411833386434,717.6127016408294,1721.8259403273328,407.74967716020603,3220.1140873015875,1550.9497071518933,0.13423859126984128,0.09233502077105837,0.14269836246967316,0.08051345497369766,0.03545564413070679,0.0712299719452858
human_te_015.wav,human,-236.59579467773438,143.2975616455078,108.81499481201172,57.256591796875,2.3406362533569336,31.40470314025879,34.55202102661133,22.993314743041992,-17.540597915649414,27.108722686767578,-2.701296091079712,18.053876876831055,-3.1194989681243896,18.083650588989258,-23.23081398010254,16.638317108154297,0.8083861470222473,12.052733421325684,-7.5900702476501465,13.014599800109863,-9.393155097961426,10.180033683776855,-1.295373797416687,9.555901527404785,-12.43368911743164,11.60184383392334,1038.418245167593,683.2171393207287,1171.7764919330684,576.7019495662518,2142.2371031746034,1442.9686316520833,0.058182973710317464,0.05420021068914947,0.12281018495559692,0.08048883825540543,0.13586673140525818,0.33064788579940796
human_te_016.wav,human,-210.54598999023438,142.4541015625,90.21470642089844,73.24002075195312,-2.001091241836548,34.710205078125,31.531923294067383,25.08609390258789,-13.333319664001465,24.767820358276367,3.1098134517669678,16.847707748413086,-0.10105744749307632,16.521400451660156,-21.965213775634766,17.779489517211914,1.3834238052368164,12.059917449951172,-11.23406982421875,14.941880226135254,-5.319326877593994,10.604190826416016,-3.2007837295532227,12.917564392089844,-12.016802787780762,14.376900672912598,1646.6738180344682,1007.4781088819751,1491.70013140849,426.9773775220916,3036.3963293650795,1672.9218331504662,0.12445746527777778,0.10230625051626833,0.1354278177022934,0.0848008319735527,0.02832278236746788,0.05555792525410652
human_te_017.wav,human,-115.3801040649414,78.03720092773438,81.48484802246094,43.15432357788086,-4.238877296447754,30.740009307861328,36.3435173034668,32.38275146484375,5.383029937744141,21.096017837524414,5.024173259735107,14.684477806091309,-7.110424041748047,12.196444511413574,-23.158082962036133,14.118818283081055,-5.928553581237793,10.268570899963379,-15.5260009765625,13.83115291595459,-4.101736068725586,12.982613563537598,-0.7544030547142029,8.240168571472168,-11.626131057739258,8.76578426361084,1772.5314243129824,719.1151020530432,1742.7845013943981,352.0080913410163,3723.6483134920636,1182.0563562699526,0.13960968501984128,0.08990635563190254,0.1645023226737976,0.09193416684865952,0.04250630736351013,0.09206066280603409
human_te_018.wav,human,-232.742919921875,131.4267120361328,86.6463851928711,56.07618713378906,-3.909019947052002,37.21688461303711,30.96983528137207,38.70209884643555,-3.7387657165527344,25.996234893798828,2.7796099185943604,15.525015830993652,-10.77669620513916,16.648775100708008,-12.963655471801758,15.20073413848877,3.3936851024627686,13.527920722961426,-8.908175468444824,14.564779281616211,-7.875432968139648,10.537833213806152,-7.884808540344238,11.790644645690918,-9.917613983154297,12.051628112792969,1485.6645591148663,855.0114732976709,1457.4895393258566,371.28472376035415,2839.409722222222,1462.2673459032933,0.09963262648809523,0.09357391163230641,0.13183730840682983,0.09949008375406265,0.025704078376293182,0.060148414224386215
human_te_019.wav,human,-216.85922241210938,116.90169525146484,96.61659240722656,69.77568817138672,-17.548633575439453,32.07781982421875,31.725963592529297,32.637306213378906,1.7004097700119019,18.40359878540039,3.0852420330047607,16.668804168701172,-12.253249168395996,15.96508502960205,-29.617467880249023,20.74049186706543,6.9672441482543945,13.913743019104004,-9.546878814697266,14.76674747467041,-10.257689476013184,10.376751899719238,-3.7311248779296875,12.892353057861328,-8.951849937438965,12.087289810180664,1516.4065861041288,867.270402438108,1349.1246613909261,334.340446144049,2703.9930555555557,1253.5200553958648,0.10621667286706349,0.09275833680581605,0.11638002097606659,0.07429228723049164,0.01575235091149807,0.03206591308116913
human_te_020.wav,human,-112.3983383178711,56.53912353515625,94.99407958984375,41.99291229248047,3.9388890266418457,30.908037185668945,24.716901779174805,30.243885040283203,-12.255598068237305,27.26592445373535,-5.286524295806885,14.852202415466309,-7.282569885253906,16.517955780029297,-17.145030975341797,13.13644027709961,0.3117617666721344,12.16694450378418,-12.090832710266113,11.335124969482422,-8.380339622497559,8.607041358947754,-2.3658111095428467,10.810103416442871,-12.790167808532715,9.647276878356934,1501.4276864717149,747.034578162316,1591.5200582223797,358.63798940854923,2944.6924603174602,1447.1963950098009,0.10738699776785714,0.08802613652869536,0.20640984177589417,0.08144897222518921,0.0334320031106472,0.08852174133062363
human_ur_001.wav,human,-246.75003051757812,147.08644104003906,148.2295684814453,74.9358901977539,-38.77923583984375,32.911834716796875,47.98954391479492,35.65177536010742,-13.091254234313965,15.907193183898926,-24.17854118347168,18.776840209960938,12.28819465637207,12.95340633392334,-25.385881423950195,15.906635284423828,0.7291355729103088,9.011578559875488,-1.6304455995559692,11.381356239318848,-15.425055503845215,11.039698600769043,4.603719234466553,7.237417697906494,-14.637443542480469,10.405491828918457,745.8038002218884,409.175244117824,759.4516485695135,400.1213126128146,1544.952876984127,941.1828736316162,0.045933314732142856,0.02660019271048057,0.1399022787809372,0.08156368136405945,0.19055204093456268,0.39264047145843506
human_ur_002.wav,human,-249.08116149902344,66.25048065185547,167.1891632080078,29.46550178527832,-4.149685382843018,33.40394592285156,41.2691764831543,35.36727523803711,14.86323356628418,16.388731002807617,-9.718547821044922,19.022462844848633,9.232949256896973,12.118144035339355,-15.33615779876709,13.857623100280762,-13.253422737121582,11.199358940124512,-5.418245315551758,13.55749797821045,-9.402188301086426,10.243548393249512,-3.828183889389038,8.03554630279541,-13.719297409057617,9.086457252502441,591.8275699023714,185.00916388605998,699.055780199456,172.93136020563205,1193.266369047619,597.116554430175,0.035877046130952384,0.013789798761783892,0.17100587487220764,0.09473685175180435,2.1667874534614384e-05,8.385120599996299e-05
human_ur_003.wav,human,-146.71218872070312,41.5889892578125,115.1587142944336,26.23407554626465,3.485595464706421,18.112863540649414,1.327518105506897,22.6617431640625,-8.347521781921387,8.166864395141602,-21.805660247802734,15.82613468170166,-11.159605026245117,9.926077842712402,-15.602530479431152,7.762887001037598,-13.570687294006348,8.529141426086426,-5.924767971038818,7.720842361450195,-7.848806381225586,6.625161170959473,-9.797137260437012,5.598051071166992,-8.205073356628418,7.005296230316162,1248.2274616598434,532.3708987299344,1524.922564405434,288.41961348275817,2254.092261904762,1114.8613231355523,0.07648964533730158,0.07193479919825137,0.1766795963048935,0.07127581536769867,0.02379893884062767,0.09880910813808441
human_ur_004.wav,human,-295.03582763671875,122.42292785644531,157.95750427246094,71.96820068359375,-19.915376663208008,32.662330627441406,26.068073272705078,38.8835334777832,-10.42923355102539,16.779460906982422,-22.323211669921875,17.20532989501953,7.3753275871276855,11.449407577514648,-15.870260238647461,15.192219734191895,-4.202144622802734,11.754471778869629,-2.031177282333374,13.08900260925293,-8.262422561645508,8.151002883911133,3.1771633625030518,10.573925018310547,-13.69260311126709,11.102457046508789,640.8576192166672,315.04056663915406,640.9772599082944,333.6571827555676,1235.8630952380952,755.2485584818626,0.04210844494047619,0.023140733242036558,0.10873663425445557,0.07476211339235306,0.13507388532161713,0.34158095717430115
human_ur_005.wav,human,-179.2364501953125,33.724456787109375,173.51023864746094,17.26604461669922,-85.18223571777344,19.475051879882812,12.824984550476074,32.079627990722656,3.7311928272247314,13.023996353149414,-50.663753509521484,20.79877281188965,-8.129232406616211,11.782186508178711,-16.452123641967773,9.697925567626953,-19.390087127685547,12.96213436126709,-1.9622266292572021,5.76336669921875,-13.109420776367188,6.950924873352051,-8.292950630187988,9.613574028015137,-4.786331653594971,6.358187198638916,1066.6636922209475,195.3265733256476,743.6509723812904,147.43756834283764,1888.0828373015872,394.2205913944629,0.09100244915674603,0.02480014161029026,0.24759016931056976,0.08032309263944626,5.9104848332935944e-05,0.00040776326204650104
human_ur_006.wav,human,-189.2407989501953,45.730648040771484,90.21997833251953,35.131595611572266,6.175097942352295,16.468856811523438,-4.0502095222473145,16.229413986206055,7.659982681274414,8.814661979675293,-8.153870582580566,10.407788276672363,-24.897228240966797,11.60902214050293,-19.890745162963867,10.229560852050781,-6.263046741485596,9.407052993774414,-5.293713092803955,8.471264839172363,-9.143871307373047,6.986995697021484,-8.073201179504395,6.689709663391113,-8.108455657958984,5.582482814788818,1503.7736126288637,913.3934741590751,1690.7054690024752,346.2869975003335,2643.7251984126983,1795.432715508331,0.12005130828373016,0.12920538843652846,0.16100020706653595,0.07591184973716736,0.06546137481927872,0.16855326294898987
human_ur_007.wav,human,-283.93939208984375,80.82823944091797,180.6451873779297,44.55855941772461,-40.5008659362793,32.083683013916016,22.42020034790039,25.836475372314453,17.51161003112793,11.15131664276123,-11.928252220153809,15.224642753601074,7.416641712188721,11.79332160949707,-18.409629821777344,10.970075607299805,-11.810029029846191,9.958041191101074,5.351293087005615,8.451713562011719,-12.458459854125977,8.813210487365723,-10.50383472442627,8.077326774597168,-3.5287630558013916,6.552119731903076,746.8971104723583,311.13401020483207,732.2657047816066,176.4314788204282,1475.9424603174602,578.971993211941,0.05291263640873016,0.052805681702124754,0.10712843388319016,0.05468970909714699,0.0002761166833806783,0.0013068858534097672
human_ur_008.wav,human,-303.7008361816406,96.63988494873047,137.38125610351562,71.11967468261719,-1.494994044303894,24.295804977416992,-13.408612251281738,23.092370986938477,-21.630390167236328,13.503251075744629,-27.57233238220215,18.964635848999023,-10.307758331298828,10.913558959960938,-18.840909957885742,13.560928344726562,-14.978601455688477,12.17946720123291,0.2160232812166214,8.807686805725098,-12.17392349243164,8.693652153015137,-12.95981502532959,9.41894817352295,0.06853624433279037,6.254651069641113,530.3957741890399,284.0206216786142,408.895139609241,269.83703420922404,772.3834325396825,498.12994431990165,0.04742916046626984,0.026791511112463248,0.1477731615304947,0.106890469789505,0.19864681363105774,0.39869409799575806
human_ur_009.wav,human,-166.23605346679688,62.80728530883789,83.06329345703125,46.230125427246094,0.44141852855682373,27.226003646850586,16.791866302490234,30.961681365966797,-2.3585827350616455,20.291501998901367,-13.708101272583008,14.976926803588867,0.5678643584251404,12.235574722290039,-12.519768714904785,11.05347728729248,-10.435652732849121,12.483403205871582,-5.39060115814209,12.363558769226074,-11.839862823486328,8.701865196228027,-6.43908166885376,9.230202674865723,-6.00315523147583,8.39538288116455,1799.495231471314,893.3018052900833,1762.359465636832,391.640075654268,3367.8075396825398,1691.9502661427125,0.1841246589781746,0.13422736516679334,0.11631257832050323,0.06511285901069641,0.0717243030667305,0.15033893287181854
human_ur_010.wav,human,-280.4066467285156,91.03731536865234,160.4857177734375,42.10493469238281,-9.591485023498535,44.80615997314453,38.18019104003906,36.42329788208008,-19.232166290283203,18.12099266052246,-24.231117248535156,17.04112434387207,6.935451507568359,14.132818222045898,-36.85581970214844,13.36898136138916,-16.862342834472656,10.585844039916992,0.5078068375587463,14.066850662231445,-12.008288383483887,8.059391021728516,-5.08781099319458,7.793607234954834,-15.21570110321045,8.23621654510498,821.5718065364642,321.3836573562355,811.629138513474,226.6484580570539,1502.4181547619048,825.2305945194774,0.07612149677579365,0.04267613371720865,0.1157006025314331,0.07642265409231186,0.00012832139327656478,0.0003283735131844878
human_ur_011.wav,human,-233.5920867919922,37.09440612792969,155.29954528808594,24.2823486328125,-4.339116096496582,25.9262638092041,25.502771377563477,30.477680206298828,-28.2847843170166,15.175833702087402,-17.857675552368164,11.658117294311523,2.6622071266174316,10.998970985412598,-34.85884475708008,11.914926528930664,-0.849693238735199,11.105708122253418,-10.997759819030762,7.629786014556885,-27.52445411682129,8.472819328308105,9.847602844238281,6.017726898193359,-9.38036060333252,6.692141532897949,784.4071249543078,165.88043641141616,823.3053949255044,234.07946268482624,1510.7266865079366,798.1097060229866,0.05783420138888889,0.012478163819147757,0.1876804083585739,0.06479660421609879,4.7205659939209e-05,0.0003665078547783196
human_ur_012.wav,human,-205.69488525390625,57.65134811401367,77.27752685546875,44.908409118652344,7.293020248413086,22.582387924194336,0.7006701231002808,16.225341796875,1.962371826171875,7.581301212310791,-17.050342559814453,13.384062767028809,-20.78219223022461,13.097280502319336,-9.126191139221191,8.151165008544922,-6.909453868865967,9.439563751220703,-11.014774322509766,7.748586654663086,-9.763361930847168,5.911437511444092,-6.9232354164123535,6.061036586761475,-6.891826629638672,5.547545433044434,1877.4992835928213,1151.966901961868,1823.3318645718393,383.5399008982422,3431.5476190476193,2054.7712928992373,0.1756262400793651,0.1646846545680558,0.11768016219139099,0.08199075609445572,0.12873287498950958,0.22504791617393494
human_ur_013.wav,human,-270.9897155761719,67.4339828491211,157.15260314941406,28.982589721679688,1.8190587759017944,38.053958892822266,42.90830612182617,33.03586196899414,-13.242501258850098,15.335081100463867,-33.76805114746094,15.657782554626465,-5.790117263793945,16.30348777770996,-31.433250427246094,11.128816604614258,-15.773896217346191,12.734516143798828,-5.83572244644165,10.79912281036377,-14.002158164978027,8.52009391784668,-5.874491214752197,7.216325759887695,-15.071786880493164,8.240323066711426,713.111898904051,227.79304616240643,756.59905301391,206.8730908157431,1260.1066468253969,731.3828641959018,0.05538116939484127,0.02343195718887466,0.12241795659065247,0.0737362802028656,7.878038741182536e-05,0.0005079548573121428
human_ur_014.wav,human,-306.3274841308594,140.70326232910156,150.94891357421875,80.56510925292969,-24.161128997802734,31.04786491394043,28.540035247802734,29.5870304107666,-7.702980995178223,12.521665573120117,-9.408562660217285,15.548412322998047,15.480201721191406,15.634563446044922,-22.70253562927246,16.672985076904297,-0.6931936144828796,11.619889259338379,2.7125794887542725,9.339558601379395,-20.15584373474121,12.654253005981445,-4.2515482902526855,8.245402336120605,-12.572896003723145,10.230754852294922,624.848948990229,400.28542741491816,655.5215996746686,408.74750108298895,1282.2420634920634,948.5884140931169,0.04725864955357143,0.03674409975653184,0.09721838682889938,0.07022997736930847,0.20675967633724213,0.40448930859565735
human_ur_015.wav,human,-136.19017028808594,39.948448181152344,109.14563751220703,20.956857681274414,-28.388328552246094,27.163158416748047,-20.470272064208984,23.50825309753418,-6.492967128753662,16.45468521118164,-21.20979118347168,14.772269248962402,-18.670534133911133,13.780540466308594,-19.19706153869629,9.812533378601074,-13.048185348510742,11.011845588684082,-4.168193817138672,10.918407440185547,-11.14135456085205,8.277043342590332,-9.795859336853027,7.564001560211182,-2.641275405883789,7.1415581703186035,1279.9895573753388,386.7554403837154,1369.5747714706383,347.1484520749715,2083.2093253968255,1097.2217246767043,0.1004425533234127,0.04972647782059572,0.24718187749385834,0.0906652957201004,0.012050540186464787,0.04525293409824371
human_ur_016.wav,human,-278.0093994140625,76.64847564697266,167.50558471679688,47.450706481933594,-37.2669792175293,31.603429794311523,10.734407424926758,37.05126190185547,4.753415584564209,16.918926239013672,-27.969995498657227,21.14883041381836,-2.726080894470215,10.639152526855469,-14.156210899353027,11.038376808166504,-18.377971649169922,14.065446853637695,-5.326565742492676,10.764934539794922,-8.65627384185791,9.341405868530273,-6.6981072425842285,8.229201316833496,-8.874433517456055,8.860564231872559,870.2803707091209,275.19213083687504,711.0361002158835,225.23930941911001,1637.4007936507937,612.8478746310917,0.08222501240079365,0.0288507360921205,0.12845313549041748,0.08284077048301697,0.0004147342697251588,0.0013331004884094
human_ur_017.wav,human,-274.60333251953125,76.30183410644531,149.870361328125,40.53206253051758,-12.61638355255127,38.68903350830078,-5.388664722442627,32.48442459106445,-1.352487564086914,15.244431495666504,-9.256664276123047,18.017417907714844,-0.9387229681015015,14.838054656982422,-22.375286102294922,12.896869659423828,-13.967458724975586,11.715085983276367,9.197857856750488,18.272705078125,-9.040464401245117,6.438083171844482,-11.910512924194336,10.20966911315918,0.7487410306930542,5.727291584014893,755.7860709397496,209.591346851416,651.2941799372566,223.23536124186475,1323.7227182539682,518.7546839227265,0.05721416170634921,0.01973260459854959,0.14221686124801636,0.1024351641535759,0.00026222169981338084,0.0018246386898681521
human_ur_018.wav,human,-177.69232177734375,38.62663650512695,105.63117980957031,26.26055335998535,32.700740814208984,20.517852783203125,21.917137145996094,31.443288803100586,3.469464063644409,14.211785316467285,-5.745748519897461,10.262365341186523,2.583944082260132,13.104167938232422,-5.737318515777588,9.42416000366211,-5.609486103057861,11.66081714630127,1.0677539110183716,12.612247467041016,-7.740022659301758,7.734498977661133,-13.826972007751465,7.386213779449463,-10.986150741577148,5.962405681610107,1039.3168741182399,292.27008157567224,1619.1958694813595,318.47411365600294,2076.0168650793653,1177.5640729314573,0.03617931547619048,0.015292109709027503,0.2322608381509781,0.11888760328292847,0.002868990646675229,0.0059586274437606335
human_ur_019.wav,human,-241.39967346191406,77.84832763671875,135.74771118164062,34.707733154296875,-42.56874084472656,31.793472290039062,40.71467208862305,26.84682273864746,4.029337406158447,13.42333698272705,-37.56574249267578,23.82741355895996,-13.647104263305664,11.70936107635498,-25.76719093322754,11.587564468383789,-5.163759708404541,11.23008918762207,-6.993481636047363,8.485298156738281,-18.67977523803711,8.195191383361816,6.1500935554504395,8.78616714477539,-5.427016735076904,6.146130561828613,983.8216740457622,270.4058091488199,847.1353072455505,137.8468337631473,1943.7624007936508,469.8358989590248,0.07380797371031746,0.04126617018821944,0.1543307602405548,0.08449084311723709,0.00020052171021234244,0.0008627817151136696
human_ur_020.wav,human,-303.926025390625,156.32765197753906,104.79402923583984,72.2039794921875,-56.888153076171875,38.8648796081543,65.63114166259766,44.90640640258789,-16.84250259399414,18.688766479492188,-19.502517700195312,18.16205406188965,18.687101364135742,13.56731128692627,-34.91000747680664,21.42349624633789,3.287008047103882,14.929409980773926,-3.324802875518799,9.532150268554688,-16.732358932495117,12.62319564819336,11.196434020996094,10.260350227355957,-18.356386184692383,12.185684204101562,1561.2704876441944,1065.0830573925898,866.6587064252479,484.76243026236205,2458.4573412698414,1408.9424080862016,0.20328388516865079,0.15453456383741843,0.08795055001974106,0.06643178313970566,0.2075006365776062,0.4042249917984009
ai_as_001.wav,ai,-158.2543487548828,78.14218139648438,77.58749389648438,70.80069732666016,14.342569351196289,25.748220443725586,21.259483337402344,28.556894302368164,-10.268447875976562,16.044137954711914,-6.409654140472412,12.010299682617188,-5.417563438415527,11.565268516540527,-18.050203323364258,12.140596389770508,-8.509830474853516,11.063674926757812,-17.1003360748291,9.711000442504883,-12.445752143859863,8.865767478942871,-9.212909698486328,9.747529983520508,-6.538483619689941,7.873922348022461,1922.5969311347958,1356.2234692367583,1693.5598382302849,559.8227317100861,3591.0218253968255,2251.610733807481,0.1887943328373016,0.15566539473187954,0.16679032146930695,0.06693019717931747,0.03704465925693512,0.06509994715452194
ai_as_002.wav,ai,-189.97894287109375,93.93548583984375,91.71299743652344,47.070186614990234,-6.259035110473633,39.59135437011719,22.747684478759766,29.53715705871582,-10.380013465881348,20.030433654785156,-3.390838146209717,21.667543411254883,-9.307684898376465,12.487467765808105,-25.84327507019043,15.898812294006348,-14.462385177612305,15.431175231933594,-7.996965408325195,11.178689002990723,-7.081100940704346,7.21628999710083,-13.011131286621094,9.365702629089355,2.047581911087036,8.668862342834473,1570.0579849730325,1012.9693896085515,1518.594951939112,414.76053431189376,2892.4231150793653,1615.8915359216603,0.10761176215277778,0.11081588926453287,0.13650768995285034,0.064511239528656,0.01198540162295103,0.027501346543431282
ai_as_003.wav,ai,-153.19601440429688,70.9974594116211,80.8675308227539,69.52626037597656,11.603164672851562,28.615066528320312,20.1478271484375,27.588134765625,-14.576332092285156,15.261000633239746,-5.814438819885254,13.067694664001465,-9.856202125549316,11.807380676269531,-17.823162078857422,12.228927612304688,-10.193026542663574,11.177023887634277,-17.837427139282227,8.5277681350708,-12.40714168548584,9.419665336608887,-8.212604522705078,8.18735408782959,-7.5185723304748535,6.956569194793701,1861.3526727372835,1302.0135036354952,1645.051039212444,571.7455838511102,3472.65625,2215.046921233442,0.18033854166666666,0.14748198039177304,0.16602274775505066,0.06157848984003067,0.03387342393398285,0.05917701870203018
ai_as_004.wav,ai,-191.1877899169922,96.0180435180664,92.74372100830078,49.486331939697266,-6.111155033111572,41.375919342041016,23.313859939575195,30.65300941467285,-9.192516326904297,21.08786392211914,-2.8073666095733643,20.995811462402344,-4.901327610015869,11.8734130859375,-24.913537979125977,16.772586822509766,-15.524161338806152,15.1241455078125,-7.040241241455078,11.846454620361328,-7.106254577636719,7.059195041656494,-12.494647979736328,8.53421401977539,-3.539217233657837,8.572051048278809,1578.2179703900804,1033.3471494932503,1514.9105114507825,429.60960639776937,2877.2321428571427,1682.7548638612764,0.10402328249007936,0.10881912249316161,0.13533665239810944,0.061381347477436066,0.012462017126381397,0.027328362688422203
ai_as_005.wav,ai,-152.17820739746094,65.93914794921875,74.71021270751953,72.33195495605469,15.403395652770996,24.585338592529297,21.279644012451172,28.25770378112793,-7.760697841644287,15.80506420135498,-7.962512016296387,12.422146797180176,-2.598172187805176,11.2046480178833,-18.7199649810791,11.022818565368652,-7.638030529022217,12.244546890258789,-17.3697509765625,10.206440925598145,-12.685127258300781,9.16551685333252,-10.501666069030762,11.071648597717285,-6.397690773010254,8.117380142211914,1999.624985190638,1401.621913744129,1737.4049666758178,553.5761967237639,3682.4156746031745,2301.720816712496,0.19067770337301587,0.15940100224188228,0.16795383393764496,0.06724628806114197,0.03946487605571747,0.06678996980190277
ai_as_006.wav,ai,-189.8042755126953,91.6958999633789,89.17950439453125,40.93586730957031,-5.213336944580078,41.66214370727539,26.81281852722168,32.33436584472656,-13.598857879638672,22.585693359375,-3.2195465564727783,19.3726806640625,-16.590633392333984,12.862754821777344,-25.205101013183594,15.040205955505371,-13.889239311218262,14.787615776062012,-5.912931442260742,9.488903045654297,-9.283589363098145,8.660883903503418,-9.990370750427246,10.719480514526367,4.73106575012207,9.590627670288086,1584.6721509849867,939.3401454859361,1559.2293776151348,407.0306244922522,3040.5505952380954,1478.8531360099796,0.10742575024801587,0.10895588639849195,0.13123789429664612,0.0592198371887207,0.011668340303003788,0.027292700484395027
ai_as_007.wav,ai,-157.01771545410156,73.19197845458984,71.1222915649414,75.11409759521484,18.038009643554688,21.910932540893555,23.296972274780273,27.748430252075195,-3.6080119609832764,15.644515991210938,-9.748156547546387,12.153728485107422,0.309048593044281,10.966410636901855,-17.596370697021484,12.051348686218262,-7.483968257904053,11.736207962036133,-16.124677658081055,11.053079605102539,-13.982163429260254,8.983383178710938,-9.897385597229004,11.287788391113281,-7.4773077964782715,8.052643775939941,2038.2488531919985,1449.44589679694,1748.0927140988113,542.3302089762572,3748.5119047619046,2345.2732967826646,0.1923983134920635,0.16671439959267642,0.16685396432876587,0.06786219775676727,0.04299743101000786,0.07111202925443649
ai_as_008.wav,ai,-178.33892822265625,87.97386169433594,91.3072509765625,41.13343811035156,-7.328425407409668,45.42377853393555,23.492511749267578,31.08299446105957,-17.736371994018555,22.08590316772461,-4.646127700805664,18.88522720336914,-19.701416015625,13.839228630065918,-23.24285125732422,14.293669700622559,-11.039834976196289,14.580490112304688,-4.974625110626221,8.881477355957031,-10.04776668548584,8.301578521728516,-6.649303913116455,9.471508979797363,3.0583443641662598,9.796646118164062,1629.676291549718,975.0481209742071,1564.4042026805375,445.01902912296015,3068.0183531746034,1543.242584658481,0.11068870907738096,0.1022447387789803,0.13215042650699615,0.05819796025753021,0.011282169260084629,0.02450544200837612
ai_as_009.wav,ai,-161.17819213867188,75.9621353149414,67.54776000976562,74.61351776123047,19.05524253845215,21.164335250854492,24.901397705078125,27.411691665649414,0.3798370957374573,16.293659210205078,-10.187621116638184,11.988584518432617,2.278122663497925,11.17233657836914,-15.267239570617676,12.781514167785645,-7.757539749145508,11.74988079071045,-13.270976066589355,11.455037117004395,-15.605393409729004,8.41374683380127,-9.035529136657715,10.732685089111328,-9.353554725646973,8.389166831970215,2088.5899907951803,1476.6390331632156,1766.0616729394637,531.9917026870886,3785.094246031746,2355.707704264407,0.18816654265873015,0.16609682126030473,0.16588784754276276,0.07158119231462479,0.0464743934571743,0.0797714814543724
ai_as_010.wav,ai,-190.13980102539062,98.1213150024414,88.98956298828125,44.567222595214844,-5.323195457458496,41.07731628417969,22.882591247558594,30.367351531982422,-11.632011413574219,21.06730842590332,-2.438216209411621,20.987218856811523,-12.049935340881348,12.161746978759766,-25.5657901763916,15.464109420776367,-12.650915145874023,15.463642120361328,-7.419942855834961,9.897531509399414,-7.830188274383545,7.950756549835205,-11.657207489013672,10.225887298583984,4.12809944152832,9.808316230773926,1598.5880898108335,961.9532373203914,1561.8442487116656,432.98765623514186,2983.2589285714284,1599.8462525281348,0.10907660590277778,0.1131103089828129,0.13568831980228424,0.06389423459768295,0.011510095559060574,0.02527560293674469
ai_as_011.wav,ai,-158.45716857910156,78.12973022460938,77.84346008300781,70.80615234375,14.207071304321289,25.894634246826172,21.187780380249023,28.454538345336914,-10.244853019714355,16.115589141845703,-6.461519718170166,12.23563003540039,-5.4872660636901855,11.530516624450684,-18.04683494567871,12.21062183380127,-8.56772232055664,11.17432689666748,-17.013147354125977,9.550982475280762,-12.465654373168945,8.923047065734863,-9.133787155151367,9.637940406799316,-6.716857433319092,7.646890163421631,1920.4820007028384,1356.7576579504962,1692.1299002920928,563.5122372263068,3588.6036706349205,2254.0615044588076,0.18817429315476192,0.15422268610856243,0.1666957587003708,0.06693839281797409,0.03696592152118683,0.06499763578176498
ai_as_012.wav,ai,-178.2674560546875,91.09088897705078,91.6152114868164,44.84663772583008,-7.57249116897583,40.555686950683594,23.09688949584961,29.858455657958984,-10.495346069335938,21.31610870361328,-2.699460029602051,21.525705337524414,-9.40823745727539,11.447566986083984,-26.035781860351562,16.042774200439453,-15.570510864257812,15.73000431060791,-8.653632164001465,10.540504455566406,-7.515036582946777,8.258671760559082,-13.257572174072266,8.840380668640137,0.7791339159011841,8.330228805541992,1563.7026613990645,963.3865880282124,1530.8858379766107,421.6124895942063,2922.247023809524,1575.7787253091647,0.10374038938492064,0.10873869228322319,0.14973235130310059,0.06519437581300735,0.011018454097211361,0.024356910958886147
ai_as_013.wav,ai,-153.35220336914062,71.12661743164062,81.0789794921875,69.34242248535156,11.53869915008545,28.57027244567871,20.2468318939209,27.56901741027832,-14.598225593566895,15.357973098754883,-5.877098560333252,13.088967323303223,-9.856754302978516,11.768617630004883,-17.842653274536133,12.614521026611328,-10.055977821350098,11.283768653869629,-17.81470489501953,8.892921447753906,-12.422015190124512,9.154632568359375,-8.194189071655273,8.403472900390625,-7.556771755218506,7.150789737701416,1859.8778163287577,1298.0607481626453,1647.0531622752105,571.15269709836,3472.222222222222,2207.8628914838646,0.1788814484126984,0.14609349092623347,0.16578076779842377,0.06126100942492485,0.034029096364974976,0.05982058495283127
ai_as_014.wav,ai,-191.43194580078125,96.01429748535156,92.80125427246094,49.46088409423828,-6.22280216217041,41.339656829833984,23.39264488220215,30.68621253967285,-9.255488395690918,20.98548698425293,-2.6659951210021973,21.139646530151367,-4.930490493774414,11.857029914855957,-25.050548553466797,16.801639556884766,-15.531458854675293,14.965127944946289,-7.007656574249268,11.788501739501953,-7.2916765213012695,7.073635101318359,-12.294596672058105,8.342092514038086,-3.626931667327881,8.651504516601562,1576.1141011605382,1033.7445296328697,1512.7424261883054,431.29650028054186,2875.6200396825398,1682.4096053602793,0.10365125868055555,0.10892425941566085,0.13515472412109375,0.06090468540787697,0.012435141950845718,0.02728220634162426
ai_as_015.wav,ai,-152.2486572265625,66.15491485595703,74.92278289794922,72.55579376220703,15.20855712890625,24.6243896484375,21.32422637939453,28.25150489807129,-7.589487075805664,15.815423011779785,-8.067091941833496,12.116840362548828,-2.454460859298706,11.132765769958496,-18.850482940673828,11.023574829101562,-7.659060955047607,12.388440132141113,-17.436847686767578,10.258191108703613,-12.531213760375977,9.259794235229492,-10.494552612304688,11.315303802490234,-6.523944854736328,8.049718856811523,1996.0476401883748,1399.3236000479515,1735.230068871609,557.1456509712896,3678.6334325396824,2302.5631168634563,0.18974764384920634,0.15780222353601409,0.1680491417646408,0.06717732548713684,0.039356738328933716,0.06679025292396545
ai_as_016.wav,ai,-177.75076293945312,84.13018035888672,91.96861267089844,41.08664321899414,-6.511024475097656,41.946170806884766,24.89336585998535,31.223047256469727,-14.928008079528809,20.0228271484375,-4.0050435066223145,19.34393882751465,-16.824167251586914,13.169947624206543,-25.026046752929688,13.942862510681152,-13.979569435119629,15.293261528015137,-5.492672920227051,8.522522926330566,-10.393172264099121,8.100933074951172,-9.063612937927246,10.231727600097656,4.009368419647217,9.239774703979492,1559.2700140439601,890.2210272574562,1549.0230997912554,430.312790295908,2996.651785714286,1483.3344137993608,0.10464719742063493,0.10378634917094155,0.13717250525951385,0.060128942131996155,0.010089603252708912,0.023507561534643173
ai_as_017.wav,ai,-157.18194580078125,73.00021362304688,71.15956115722656,75.19818878173828,17.717100143432617,22.25638771057129,23.48760414123535,27.623544692993164,-3.7449073791503906,15.770465850830078,-9.693441390991211,12.362581253051758,0.24077869951725006,10.926480293273926,-17.787765502929688,12.193221092224121,-7.641295909881592,11.867201805114746,-16.16509437561035,11.13945198059082,-13.983826637268066,9.137868881225586,-10.131204605102539,11.351888656616211,-7.321687698364258,8.23725414276123,2041.7624017142928,1452.869207327643,1746.6599534670775,545.1575452725895,3755.5803571428573,2345.880904888229,0.19230143229166666,0.1668331331025284,0.16662226617336273,0.06774831563234329,0.04308738932013512,0.0712733119726181
ai_as_018.wav,ai,-182.2100830078125,82.58902740478516,90.2018051147461,40.867488861083984,-9.530842781066895,42.86391830444336,25.385814666748047,31.749265670776367,-16.933189392089844,20.77726173400879,-4.422079563140869,19.753950119018555,-20.06023406982422,13.955573081970215,-25.35320281982422,15.053083419799805,-10.616290092468262,13.500944137573242,-6.303881645202637,9.41649341583252,-9.405311584472656,8.631339073181152,-7.613227367401123,10.958273887634277,3.6861398220062256,10.043900489807129,1591.1296752779876,904.9372278546891,1550.973885231172,426.03434004817416,3025.2976190476193,1481.0653332712714,0.10966176835317461,0.10482469924934948,0.1308296024799347,0.056814610958099365,0.009784162044525146,0.02072187513113022
ai_as_019.wav,ai,-161.14085388183594,76.01629638671875,67.4773178100586,74.67150115966797,18.96624183654785,21.113008499145508,24.870677947998047,27.095083236694336,0.21138115227222443,16.358665466308594,-9.869182586669922,11.786968231201172,2.075806140899658,11.105875968933105,-15.44757080078125,12.569259643554688,-7.546456813812256,11.590502738952637,-13.371336936950684,11.449501991271973,-15.506316184997559,8.518721580505371,-9.000107765197754,10.682890892028809,-9.239693641662598,8.458587646484375,2090.625776182911,1476.2244575474522,1767.2404603084613,534.2518050568863,3792.96875,2356.7171359148424,0.18834480406746032,0.16568807607516373,0.16585740447044373,0.07163846492767334,0.046221934258937836,0.0794457346200943
ai_as_020.wav,ai,-188.3260498046875,88.0316390991211,89.52972412109375,41.8635139465332,-5.295553684234619,40.68397903442383,24.402271270751953,31.429351806640625,-12.611790657043457,19.84569549560547,-3.4447710514068604,21.639148712158203,-12.993165016174316,13.135110855102539,-26.182268142700195,15.901632308959961,-13.561518669128418,15.284104347229004,-7.768487453460693,10.031839370727539,-7.8858962059021,8.410541534423828,-12.042016983032227,10.863473892211914,4.274054527282715,9.596321105957031,1568.1185085877082,948.4476395108081,1550.351346269976,406.02169935319955,2977.9265873015875,1514.464083802727,0.10550362723214286,0.11105133258883591,0.13400782644748688,0.05961743742227554,0.01032972615212202,0.022250119596719742
ai_bn_001.wav,ai,-180.65542602539062,73.4250717163086,66.60446166992188,74.31388092041016,37.41246032714844,27.63750648498535,22.08527946472168,28.9373779296875,2.0219292640686035,28.546058654785156,-3.481590986251831,13.127042770385742,1.1151187419891357,16.003314971923828,-20.16039276123047,10.784035682678223,-11.477499961853027,11.868857383728027,-14.026581764221191,10.491385459899902,-9.523948669433594,9.444833755493164,-2.1025726795196533,9.052963256835938,-4.402018070220947,7.984860897064209,2326.9446491428002,1583.7707383989907,1935.422577329107,562.1971817611077,4244.357638888889,2417.149415333392,0.2277095734126984,0.18774076996005878,0.10820512473583221,0.046597614884376526,0.03483431786298752,0.05283402279019356
ai_bn_002.wav,ai,-226.64805603027344,94.09602355957031,74.66571807861328,58.45397186279297,-1.472622275352478,34.79032897949219,21.30170249938965,29.464134216308594,-18.10651969909668,21.480836868286133,-16.653440475463867,20.462411880493164,-13.263717651367188,13.891798973083496,-28.308298110961914,12.671110153198242,-19.906185150146484,16.16559410095215,-20.376556396484375,12.40304946899414,-14.745464324951172,10.188446044921875,-18.9055118560791,11.720711708068848,-9.887777328491211,10.907061576843262,1445.208126369212,954.6183474497514,1462.4961145626642,454.99785416322186,2704.3650793650795,1744.5396752716795,0.097900390625,0.09542904809779797,0.1531190574169159,0.06581199169158936,0.013475724495947361,0.04625309631228447
ai_bn_003.wav,ai,-181.83706665039062,72.93762969970703,69.96192169189453,72.44236755371094,36.0308723449707,27.803579330444336,21.574851989746094,29.200504302978516,-0.32971981167793274,27.623823165893555,-3.1979994773864746,14.087964057922363,-1.3656502962112427,14.786367416381836,-21.62761116027832,12.125313758850098,-11.024587631225586,12.278092384338379,-15.165132522583008,9.34359073638916,-7.046354293823242,9.15824031829834,-2.733931303024292,9.064506530761719,-3.0347087383270264,8.493492126464844,2252.3331154807443,1519.460860237772,1929.9680305592,551.8240923099696,4153.211805555556,2385.1085842975044,0.2237064422123016,0.17992689054366892,0.10593569278717041,0.04735301062464714,0.03515787795186043,0.05546313896775246
ai_bn_004.wav,ai,-230.1285400390625,94.92955017089844,80.10770416259766,49.49795913696289,-1.1237252950668335,34.310611724853516,20.400312423706055,29.7556095123291,-15.170012474060059,23.37801742553711,-18.956998825073242,20.040908813476562,-10.91207218170166,13.84063720703125,-27.925525665283203,14.000479698181152,-20.206239700317383,14.448384284973145,-19.942398071289062,14.952564239501953,-15.442395210266113,8.921221733093262,-18.964641571044922,10.079541206359863,-12.414488792419434,8.074894905090332,1342.6822050260457,821.8895394397056,1453.680194596146,440.21158161744097,2536.8923611111113,1612.7142235660638,0.08796037946428571,0.08577797607395012,0.15366347134113312,0.06734537333250046,0.010668719187378883,0.03950205817818642
ai_bn_005.wav,ai,-182.4326934814453,76.25521087646484,62.569522857666016,75.65196990966797,37.10257339477539,28.0554141998291,24.712787628173828,29.129108428955078,6.102701663970947,28.773651123046875,-4.2780842781066895,12.728791236877441,2.659599781036377,15.761747360229492,-17.852935791015625,10.624631881713867,-12.335597038269043,10.884374618530273,-13.418525695800781,11.30965518951416,-12.176202774047852,10.51938247680664,-2.182467222213745,8.855464935302734,-6.798056125640869,7.280076026916504,2379.0822306710347,1638.5147101235023,1922.6880794879635,553.957416224935,4263.0828373015875,2415.15441169518,0.22993396577380953,0.19512125422368423,0.11003688722848892,0.048180002719163895,0.035801082849502563,0.05568993091583252
ai_bn_006.wav,ai,-222.97975158691406,91.56456756591797,71.16532897949219,56.718421936035156,-2.324721574783325,35.97893142700195,21.800628662109375,29.550830841064453,-25.780014038085938,21.612823486328125,-16.778051376342773,20.675390243530273,-20.496631622314453,14.72433090209961,-28.633859634399414,12.512803077697754,-22.275423049926758,16.17654037475586,-18.701061248779297,9.00683307647705,-16.294673919677734,10.550004959106445,-17.614391326904297,9.56413459777832,-9.01789665222168,11.133737564086914,1475.9676292689858,942.8700852780909,1448.177707626074,451.3312741624087,2781.125992063492,1676.2136998111343,0.10656932043650794,0.10725736694116966,0.15089944005012512,0.06310532987117767,0.01114067155867815,0.035049229860305786
ai_bn_007.wav,ai,-188.21484375,83.70703887939453,57.252201080322266,77.10625457763672,39.134090423583984,28.87267303466797,26.76163673400879,27.522279739379883,10.979799270629883,25.625438690185547,-2.987833261489868,13.064141273498535,3.4017417430877686,15.4556245803833,-13.867098808288574,10.876224517822266,-13.705632209777832,10.231184959411621,-10.510232925415039,12.697632789611816,-14.932971000671387,10.031047821044922,-2.072258472442627,8.83520793914795,-9.338462829589844,7.785224437713623,2445.9365044269302,1697.692377291875,1913.1033571335097,548.8660242241215,4319.134424603175,2464.3347573702627,0.23095315600198413,0.2005592974197744,0.11077267676591873,0.051034461706876755,0.03807839751243591,0.057919662445783615
ai_bn_008.wav,ai,-219.33372497558594,90.88121032714844,73.19319915771484,56.09288787841797,-3.828639030456543,35.85525131225586,19.578393936157227,28.798757553100586,-29.56585121154785,21.247802734375,-15.414546966552734,20.093820571899414,-23.365249633789062,14.506671905517578,-29.671232223510742,13.502021789550781,-23.391263961791992,15.635498046875,-17.714096069335938,7.986297607421875,-17.517173767089844,10.901599884033203,-15.272043228149414,8.47266674041748,-9.44039249420166,10.650537490844727,1468.9664302538079,945.4884534446,1426.7844264532341,451.57381470456437,2760.7266865079364,1682.891270866721,0.10332186259920635,0.10337258214975503,0.15609250962734222,0.061237577348947525,0.012449394911527634,0.0428122915327549
ai_bn_009.wav,ai,-186.93170166015625,75.9644546508789,55.55747604370117,78.17696380615234,39.3448600769043,29.08104705810547,28.30672264099121,27.25944709777832,13.146064758300781,25.409515380859375,-3.115110158920288,13.664545059204102,4.727445602416992,15.211570739746094,-11.478422164916992,10.673791885375977,-14.644268035888672,9.696282386779785,-9.167805671691895,13.181791305541992,-16.888742446899414,9.52899169921875,-3.248246669769287,8.543295860290527,-10.224780082702637,8.931581497192383,2399.3419492235785,1690.8889664834155,1890.406542353572,522.1034437219705,4238.90128968254,2413.889997026093,0.2205132378472222,0.1997648576121067,0.10857103019952774,0.04574740305542946,0.03664463758468628,0.05684337392449379
ai_bn_010.wav,ai,-223.7559356689453,89.19261932373047,72.53038787841797,59.60966491699219,-3.039578914642334,34.88270568847656,22.155284881591797,30.124370574951172,-22.771392822265625,20.871280670166016,-17.681930541992188,21.039154052734375,-16.702924728393555,14.89118480682373,-29.149354934692383,12.425261497497559,-21.85169792175293,16.05419921875,-20.24472999572754,10.69895076751709,-14.745988845825195,11.140963554382324,-18.475305557250977,10.516042709350586,-8.576818466186523,11.006025314331055,1496.124465106163,985.6044859933304,1461.3564949622325,451.492003554404,2780.5059523809523,1742.262411575955,0.10493784102182539,0.10791566246593108,0.15122230350971222,0.060421332716941833,0.013919098302721977,0.04570630192756653
ai_bn_011.wav,ai,-180.57089233398438,73.44194030761719,66.80319213867188,74.32322692871094,37.31595230102539,27.685518264770508,22.052541732788086,28.997074127197266,1.8548319339752197,28.70033836364746,-3.4982123374938965,13.107854843139648,0.9951997995376587,16.188682556152344,-20.12384796142578,10.912345886230469,-11.323787689208984,11.923056602478027,-13.945158004760742,10.590367317199707,-9.329618453979492,9.355419158935547,-2.5169708728790283,9.063002586364746,-4.063295841217041,7.942008972167969,2327.955391983491,1586.9720973806106,1934.0714142660906,562.8014144278587,4245.039682539683,2419.777678333735,0.22938755580357142,0.19015305825055415,0.10814256221055984,0.046594563871622086,0.03473271429538727,0.052837178111076355
ai_bn_012.wav,ai,-226.9875946044922,94.0050048828125,74.80926513671875,58.56300354003906,-1.5957932472229004,34.92827606201172,21.488908767700195,29.668895721435547,-18.152055740356445,21.566856384277344,-16.53284454345703,20.400043487548828,-13.184415817260742,13.841747283935547,-28.367389678955078,12.795751571655273,-19.786008834838867,16.159786224365234,-20.4268741607666,12.530876159667969,-14.904949188232422,10.084444046020508,-18.829633712768555,11.595273971557617,-9.826055526733398,10.713541030883789,1443.892208962203,954.2400549457797,1460.9392858356073,455.60786450830557,2701.8229166666665,1744.6541651354516,0.0977415054563492,0.09541894157945842,0.1527530997991562,0.06568154692649841,0.01341874897480011,0.046263910830020905
ai_bn_013.wav,ai,-181.9181365966797,72.91646575927734,70.19683837890625,72.25188446044922,36.03007888793945,27.789703369140625,21.522512435913086,29.18256950378418,-0.5015238523483276,27.48615074157715,-3.3951077461242676,14.12622356414795,-1.273479700088501,14.725214004516602,-21.66399574279785,12.25964641571045,-11.044198989868164,12.164268493652344,-15.277411460876465,9.45307731628418,-6.961404800415039,9.1411714553833,-2.5258641242980957,9.24156665802002,-3.268770694732666,8.535140037536621,2246.848632315353,1514.967355747899,1928.5926489344697,551.72453625094,4147.383432539683,2384.0009220013417,0.2243807353670635,0.1820721160414287,0.10587943345308304,0.047394558787345886,0.03489163890480995,0.054575905203819275
ai_bn_014.wav,ai,-229.7164306640625,94.89169311523438,79.86708068847656,49.86880111694336,-1.1335519552230835,34.31890869140625,20.347808837890625,29.6531925201416,-14.993870735168457,23.22719955444336,-18.945167541503906,19.990741729736328,-10.571056365966797,13.968425750732422,-27.62653923034668,13.8902587890625,-20.169876098632812,14.467174530029297,-20.148178100585938,14.808095932006836,-15.001026153564453,8.682180404663086,-19.015159606933594,10.224372863769531,-12.071134567260742,7.810623645782471,1345.7848168945354,824.896031960558,1456.7026556342269,440.29548448080703,2540.6746031746034,1614.9299135571569,0.08858041914682539,0.08711967051373531,0.15415018796920776,0.06761381030082703,0.010676971636712551,0.039426784962415695
ai_bn_015.wav,ai,-182.23397827148438,76.11705017089844,62.524478912353516,75.66368103027344,37.27547836303711,28.176050186157227,24.63376235961914,29.18232536315918,6.169339656829834,28.79343032836914,-4.127676486968994,12.949593544006348,2.4895126819610596,15.771769523620605,-17.738210678100586,10.537956237792969,-12.357341766357422,10.764859199523926,-13.385980606079102,11.26335620880127,-12.043147087097168,10.475058555603027,-2.3015878200531006,8.783926010131836,-6.569526195526123,7.393166542053223,2377.790818471883,1636.6892576895955,1921.897265089922,550.8147609673737,4260.912698412699,2413.001192067486,0.23111979166666666,0.19679229606197848,0.11005214601755142,0.04812636226415634,0.035803716629743576,0.05566323548555374
ai_bn_016.wav,ai,-224.9579620361328,91.50204467773438,71.25965881347656,56.7258415222168,-2.1921255588531494,35.84648895263672,21.760183334350586,29.643905639648438,-25.750764846801758,21.503559112548828,-16.502962112426758,20.754615783691406,-20.511112213134766,14.637989044189453,-28.715532302856445,12.354437828063965,-22.388900756835938,15.980022430419922,-18.89270782470703,9.152374267578125,-16.33767318725586,10.480958938598633,-17.544328689575195,9.610128402709961,-8.807448387145996,11.19892406463623,1474.0160836268628,942.0213636247668,1447.6604000977015,450.90014148257626,2776.3516865079364,1674.308980015753,0.10582527281746032,0.10705410821111358,0.14741341769695282,0.06157856807112694,0.011046720668673515,0.03482890501618385
ai_bn_017.wav,ai,-188.0811004638672,83.73353576660156,57.214141845703125,77.25270080566406,39.262027740478516,28.94080352783203,26.907819747924805,27.547718048095703,10.804438591003418,25.50087547302246,-2.753241777420044,13.342241287231445,3.587024450302124,15.244840621948242,-13.751051902770996,10.780281066894531,-13.789316177368164,10.19041919708252,-10.44638442993164,12.53535270690918,-14.899178504943848,10.050013542175293,-2.0339009761810303,8.68337345123291,-9.188782691955566,8.002544403076172,2444.971452681748,1694.241323043871,1912.9853827799147,547.8861330149248,4322.668650793651,2463.283531115943,0.2314181857638889,0.20092778669371894,0.1106322705745697,0.051062945276498795,0.038018468767404556,0.057650815695524216
ai_bn_018.wav,ai,-220.53289794921875,90.86942291259766,73.35672760009766,56.238426208496094,-4.06471586227417,35.93693923950195,19.669662475585938,28.810468673706055,-29.63332748413086,21.434925079345703,-15.41115951538086,19.87754249572754,-23.62501335144043,14.605152130126953,-29.66470718383789,13.48833179473877,-23.47985076904297,15.642385482788086,-17.933609008789062,8.137720108032227,-17.299068450927734,10.957261085510254,-15.259419441223145,8.567672729492188,-9.345216751098633,10.767550468444824,1468.239781280105,945.7249725056811,1424.270134260455,453.25818474997203,2760.3546626984125,1681.772086094841,0.10331798735119048,0.10329970530752901,0.15448316931724548,0.060672834515571594,0.012369804084300995,0.04262949898838997
ai_bn_019.wav,ai,-186.89495849609375,76.03582763671875,55.59992218017578,78.07521057128906,39.49696350097656,29.155120849609375,28.083724975585938,27.346351623535156,13.172141075134277,25.425064086914062,-3.082934856414795,13.638750076293945,4.676077365875244,15.205472946166992,-11.619574546813965,10.762218475341797,-14.627923965454102,9.678444862365723,-9.069001197814941,13.147303581237793,-17.053997039794922,9.56174373626709,-3.2497878074645996,8.67147159576416,-10.112692832946777,8.881509780883789,2398.0466926317586,1687.0753640875575,1893.2229670346305,520.3696246749419,4242.2495039682535,2408.0710792842924,0.2206604972718254,0.19913821803532455,0.10848738253116608,0.04574817046523094,0.036657627671957016,0.056836824864149094
ai_bn_020.wav,ai,-222.5237274169922,89.12004089355469,72.35165405273438,59.54729080200195,-2.9980738162994385,34.79800033569336,22.13750648498535,30.17391586303711,-22.711938858032227,20.798843383789062,-17.594558715820312,20.987823486328125,-16.624300003051758,14.78866958618164,-29.168685913085938,12.273821830749512,-21.912757873535156,16.070301055908203,-20.335163116455078,10.664665222167969,-14.637145042419434,10.88939380645752,-18.216035842895508,10.42758560180664,-8.52537727355957,10.800278663635254,1496.122569927482,986.3887426029252,1460.5865060668564,450.670294938054,2779.2658730158732,1742.5097063594728,0.10534861731150794,0.10823876592966128,0.15290585160255432,0.061047956347465515,0.013969390653073788,0.045665089040994644
ai_en_001.wav,ai,-177.73377990722656,119.86363220214844,72.1302719116211,79.46385192871094,8.693488121032715,37.36848831176758,32.070220947265625,35.188621520996094,-10.808748245239258,23.338041305541992,-0.6279270648956299,18.428743362426758,-23.58930778503418,15.338942527770996,-2.2424988746643066,12.351964950561523,-5.943981170654297,10.75642204284668,3.9915456771850586,10.629663467407227,-9.21873950958252,8.522244453430176,-3.870401382446289,7.45715856552124,-10.227995872497559,10.154682159423828,2105.8209345999353,1323.2486295682402,1582.7369909220051,473.5315381034156,3653.9558531746034,1906.3384469799023,0.21510726686507936,0.1497923909242336,0.12958979606628418,0.06940611451864243,0.039632659405469894,0.06408662348985672
ai_en_002.wav,ai,-134.57794189453125,60.273193359375,75.22931671142578,81.24666595458984,9.852434158325195,40.82341384887695,23.181886672973633,29.357425689697266,2.1641669273376465,19.8228702545166,-9.95294189453125,17.895689010620117,-8.374523162841797,17.99132537841797,-4.482813835144043,15.617435455322266,-3.47578501701355,13.744379997253418,-16.403470993041992,12.816469192504883,-7.338189125061035,9.282293319702148,-6.279396057128906,11.517916679382324,-4.610836029052734,10.062957763671875,2160.0696448469266,1591.4120709664157,1653.1468852130984,550.83121363922,3758.308531746032,2280.260853268772,0.20392717633928573,0.174796736179301,0.19702814519405365,0.08523251116275787,0.03879668936133385,0.06492341309785843
ai_en_003.wav,ai,-149.9362030029297,71.21722412109375,83.48939514160156,74.41455841064453,13.936846733093262,37.385040283203125,11.956621170043945,40.00839614868164,7.011136054992676,19.73512840270996,-4.310707092285156,18.86604118347168,9.483467102050781,16.153337478637695,-15.87341594696045,14.367720603942871,-2.3158366680145264,12.569857597351074,3.1026906967163086,9.907417297363281,-9.996850967407227,9.886618614196777,1.8762712478637695,12.256340980529785,-6.899704933166504,9.60837173461914,1898.0185186127057,1266.323424406789,1745.3365598077414,431.9886195393392,3382.50248015873,2043.2674025409058,0.13859437003968253,0.1342392117108294,0.1687445491552353,0.07190810889005661,0.028115633875131607,0.050127893686294556
ai_en_004.wav,ai,-182.0083465576172,62.53113555908203,51.732940673828125,69.15802001953125,33.14178466796875,27.691890716552734,16.270124435424805,25.859704971313477,-0.8698694109916687,20.038341522216797,-15.220458984375,14.702447891235352,-6.076231479644775,13.456498146057129,-18.50082015991211,11.189889907836914,-15.04419994354248,12.78266716003418,-19.47882843017578,8.197884559631348,-17.929561614990234,10.081341743469238,-8.143381118774414,9.388130187988281,-16.62417221069336,7.224972724914551,2366.8161138321148,1706.4484847735273,1876.6797503453872,554.8793094133387,4151.413690476191,2447.008771516875,0.23901754712301587,0.1996514695764132,0.1764020472764969,0.08312416076660156,0.031833846122026443,0.05083479732275009
ai_en_005.wav,ai,-154.1654510498047,67.6120376586914,100.88705444335938,72.7652587890625,7.789020538330078,42.16281509399414,33.999820709228516,28.33316993713379,-4.830843925476074,25.78660774230957,-0.9514099359512329,15.506843566894531,-6.443346977233887,16.246807098388672,-8.568633079528809,15.694507598876953,-9.588203430175781,10.826024055480957,-14.350919723510742,13.057210922241211,-7.062787055969238,9.396112442016602,-4.756030559539795,8.0899076461792,-6.396095275878906,10.28208065032959,1754.8114587574087,1304.220974480675,1504.5882896017993,586.9515618778037,3204.4890873015875,2166.3263811033294,0.1568119109623016,0.133050828585398,0.14122453331947327,0.05770609527826309,0.03634130582213402,0.06251929700374603
ai_en_006.wav,ai,-163.9740753173828,77.67807006835938,61.34892272949219,58.245849609375,-4.118043422698975,43.58393096923828,18.198484420776367,26.76312828063965,-13.522080421447754,22.525632858276367,-14.915905952453613,16.665388107299805,-16.555662155151367,15.086468696594238,-17.034271240234375,14.216081619262695,-9.685140609741211,11.930878639221191,-14.461127281188965,10.443540573120117,-6.59145975112915,7.861921787261963,-13.1389741897583,9.3920316696167,-2.487539529800415,8.7335205078125,2249.7110987155556,1397.8821891406558,1717.9968295901883,496.83916677697493,3914.8685515873017,2031.2072715107463,0.2188507564484127,0.16369101655915846,0.13019101321697235,0.06601450592279434,0.033066075295209885,0.05223679915070534
ai_en_007.wav,ai,-198.4600830078125,98.70602416992188,64.362548828125,56.8317756652832,-26.670137405395508,43.09590530395508,0.8504254221916199,31.41575050354004,-16.26247787475586,28.897968292236328,-24.438989639282227,22.23225975036621,-18.44713020324707,15.235223770141602,-22.088972091674805,12.648545265197754,-15.696619033813477,14.006431579589844,-18.229930877685547,9.045748710632324,-15.888833045959473,9.711880683898926,-14.100521087646484,9.183547973632812,-8.689229011535645,8.70309066772461,2011.9579217280714,1396.450937796247,1594.3555021976767,564.339225025283,3505.8903769841268,2047.9135837743609,0.22307865203373015,0.19580825476162494,0.13933081924915314,0.0648832693696022,0.016891930252313614,0.036533504724502563
ai_en_008.wav,ai,-172.19895935058594,74.68914794921875,76.75826263427734,44.474159240722656,-12.997013092041016,45.606597900390625,20.964706420898438,34.40541458129883,-19.087648391723633,26.52777671813965,-11.887016296386719,23.753507614135742,-31.454753875732422,18.626192092895508,-1.715601921081543,16.036144256591797,-12.848401069641113,13.623276710510254,0.9517521858215332,12.842972755432129,-3.582935333251953,14.269152641296387,-4.8768792152404785,11.6176118850708,0.809830367565155,10.124614715576172,1907.2962714502,1021.9287359633626,1614.8890503335433,488.7239805463139,3506.0143849206347,1677.3938528183792,0.17088681175595238,0.1289477329090282,0.14057186245918274,0.061044275760650635,0.016657207161188126,0.03196152672171593
ai_en_009.wav,ai,-170.6369171142578,90.55859375,82.72897338867188,84.19141387939453,-8.492905616760254,35.43972396850586,36.8381462097168,39.95927810668945,-5.243091583251953,25.325275421142578,7.97294807434082,15.156221389770508,-15.216412544250488,15.557239532470703,-7.656877040863037,14.571952819824219,-9.749610900878906,11.238119125366211,0.7125711441040039,12.263310432434082,-2.5949721336364746,12.402491569519043,-4.719496250152588,8.759161949157715,-10.448554992675781,9.356902122497559,1771.7931306080418,1163.8172116259937,1427.6145811644233,453.2195860681218,3102.3065476190477,1768.6984977713519,0.17335146949404762,0.1246255452800815,0.14633487164974213,0.06947255879640579,0.026848576962947845,0.04142025485634804
ai_en_010.wav,ai,-121.91617584228516,59.474090576171875,102.02334594726562,71.88566589355469,2.4313905239105225,44.367706298828125,15.8969144821167,29.380889892578125,-1.6574159860610962,16.068344116210938,-11.790669441223145,13.832399368286133,-9.430756568908691,17.570755004882812,-11.237330436706543,17.657329559326172,-2.3359150886535645,14.953540802001953,-18.858671188354492,12.39635944366455,-3.638205051422119,9.792407035827637,-10.856492042541504,11.448408126831055,-1.9563153982162476,8.356613159179688,1637.3381853288413,1170.1316219766686,1572.786096237371,556.5684831987941,2984.9950396825398,2066.708594668821,0.14668201264880953,0.1368529086312973,0.2385929524898529,0.07054336369037628,0.022332193329930305,0.050442006438970566
ai_en_011.wav,ai,-134.04725646972656,75.34508514404297,60.22842788696289,73.4395523071289,27.11699676513672,39.4951171875,15.280794143676758,31.936038970947266,4.25735330581665,16.697227478027344,-5.346921443939209,20.05060577392578,6.572397232055664,16.039363861083984,-7.605029582977295,13.97532844543457,-7.495154857635498,11.884574890136719,4.127047061920166,9.576223373413086,-12.125638008117676,9.468329429626465,1.110823154449463,10.242225646972656,-6.764581680297852,11.01445198059082,2427.4926709748574,1495.7336044019512,1912.1829577389567,435.3156127486516,4302.951388888889,2100.2994266539076,0.2301509796626984,0.1809388841980362,0.16856752336025238,0.06570315361022949,0.030764959752559662,0.048464585095644
ai_en_012.wav,ai,-148.8206329345703,69.10851287841797,51.80130386352539,79.6714859008789,22.973371505737305,34.8798713684082,4.58037805557251,31.627914428710938,-8.8541259765625,20.973342895507812,-11.763039588928223,17.170875549316406,-4.705831050872803,13.890127182006836,-20.612695693969727,13.85127067565918,-9.632492065429688,12.102581024169922,-19.978548049926758,9.134810447692871,-15.585663795471191,10.88968563079834,-7.716853618621826,10.75696849822998,-15.347532272338867,9.04738998413086,2442.3236128136277,1685.1347425514534,1830.3845117677038,474.9508179848779,4163.256448412699,2405.878315756538,0.23738994295634921,0.19072434682059602,0.19760282337665558,0.09436731040477753,0.04019976407289505,0.057403162121772766
ai_en_013.wav,ai,-146.92706298828125,64.03048706054688,109.83705139160156,61.73725509643555,-6.214544296264648,41.647010803222656,39.42426300048828,34.030731201171875,-14.750568389892578,21.90863609313965,2.2303640842437744,14.087274551391602,-9.946499824523926,15.761673927307129,-9.105120658874512,11.749061584472656,-11.285099983215332,12.27542781829834,-7.65224027633667,16.32094383239746,-6.183620929718018,8.263269424438477,-5.933835983276367,10.07558822631836,-6.511467456817627,8.811075210571289,1574.2559221086215,1082.404924592355,1431.8778604483866,512.8769121061932,2971.6641865079364,1829.5194869814652,0.12712751116071427,0.11219043533185821,0.15092341601848602,0.07429398596286774,0.029684560373425484,0.0591927245259285
ai_en_014.wav,ai,-194.79959106445312,79.53326416015625,53.322261810302734,62.454376220703125,13.350831985473633,35.81435775756836,32.234214782714844,32.8500862121582,-2.2451648712158203,27.907649993896484,-14.212944030761719,14.984885215759277,-9.072509765625,14.986780166625977,-11.368766784667969,12.568567276000977,-12.876935005187988,11.166312217712402,-18.250564575195312,9.440940856933594,-12.75899887084961,8.801323890686035,-9.118468284606934,11.14403247833252,-10.964132308959961,9.329047203063965,2300.214037649539,1624.1392599441247,1720.6761382708632,532.3023624096928,3949.9007936507937,2223.206376113235,0.19721912202380953,0.18921634148854344,0.13919031620025635,0.06407425552606583,0.026728741824626923,0.047293566167354584
ai_en_015.wav,ai,-181.04876708984375,81.02980041503906,56.22758102416992,58.7973518371582,-6.8044257164001465,41.234249114990234,2.456092357635498,30.303895950317383,-23.46542739868164,33.50228500366211,-18.015798568725586,23.51485252380371,-20.846433639526367,14.501627922058105,-30.76233673095703,14.468782424926758,-21.695114135742188,14.207268714904785,-18.583667755126953,9.895334243774414,-13.230280876159668,9.79061222076416,-16.105213165283203,11.235637664794922,-9.072298049926758,10.294529914855957,2119.7191270575663,1401.777268032895,1720.961979870426,579.1975237764018,3837.4875992063494,2110.3200089218208,0.20969742063492064,0.17954541441281271,0.15658904612064362,0.058505404740571976,0.0186547189950943,0.04425917565822601
ai_en_016.wav,ai,-159.8343048095703,90.05364990234375,67.94544982910156,53.63799285888672,-16.79920196533203,42.23326110839844,7.861171722412109,29.63628578186035,-15.232166290283203,26.748899459838867,-1.4592483043670654,22.825658798217773,-31.438077926635742,18.49211883544922,-8.596222877502441,15.337714195251465,-8.602790832519531,12.481590270996094,0.19825483858585358,12.899879455566406,-2.765519142150879,16.611286163330078,-7.005716323852539,14.300835609436035,7.593482494354248,11.055270195007324,2197.0266202123407,1278.1513474141677,1661.6829941684673,440.20285497137064,3868.2415674603176,1781.321072853749,0.23441375248015872,0.16949698857731835,0.14306560158729553,0.07206796854734421,0.027356529608368874,0.04808098450303078
ai_en_017.wav,ai,-152.38636779785156,94.25928497314453,107.52336120605469,78.4861068725586,-9.8540620803833,40.073307037353516,20.435773849487305,28.210208892822266,-4.778132438659668,20.490755081176758,7.18750524520874,16.941574096679688,-25.739151000976562,18.81288719177246,-5.419589996337891,14.784069061279297,-7.311743259429932,13.368026733398438,6.147006988525391,12.756783485412598,-2.4200048446655273,10.709981918334961,-4.982593059539795,9.854597091674805,-10.84444808959961,9.2059965133667,1674.7927179263595,1159.6488546017881,1388.7767795589114,513.2512966663179,2943.5143849206347,1834.8665407648377,0.1778893849206349,0.1413212335473266,0.17111000418663025,0.08529437333345413,0.03168664500117302,0.06420088559389114
ai_en_018.wav,ai,-154.85142517089844,83.62442779541016,91.7945327758789,65.57779693603516,8.785099983215332,41.98923873901367,18.786849975585938,29.278606414794922,-4.75462007522583,22.88094711303711,-16.72208023071289,14.73541259765625,-7.072596073150635,17.846940994262695,-8.921577453613281,12.113239288330078,-14.00218391418457,10.387076377868652,-16.74785614013672,14.319268226623535,-0.6711372137069702,11.307384490966797,-10.235591888427734,13.58240032196045,0.11948646605014801,9.381244659423828,1842.4533739297453,1299.6690343007817,1696.937578194127,601.1078734177752,3521.3293650793653,2162.04932501961,0.1847601996527778,0.15673983824958207,0.19560179114341736,0.08349312841892242,0.02499767392873764,0.04694242775440216
ai_en_019.wav,ai,-133.35609436035156,71.85951232910156,58.46906661987305,76.14556121826172,18.197715759277344,34.101776123046875,19.780786514282227,37.3250846862793,9.560419082641602,19.03638458251953,-0.2048853486776352,20.597015380859375,7.312839031219482,13.845479011535645,0.30141502618789673,11.97777271270752,-16.6464786529541,13.41209888458252,9.337647438049316,12.827195167541504,-8.941800117492676,12.064382553100586,0.2264362871646881,9.74535846710205,-8.073628425598145,9.942818641662598,2247.545163503594,1380.8388990326273,1841.6511048128064,407.184610557983,4069.754464285714,2026.1815720941472,0.19948226686507936,0.17004887165553378,0.1682705581188202,0.06285516172647476,0.030956890434026718,0.04165699705481529
ai_en_020.wav,ai,-148.45816040039062,63.46290588378906,71.62884521484375,68.4537582397461,14.283003807067871,30.15744972229004,4.649628639221191,27.089303970336914,-12.326074600219727,20.141748428344727,-13.911554336547852,17.433815002441406,-10.641348838806152,16.813663482666016,-24.882823944091797,12.500475883483887,-6.534974575042725,17.007957458496094,-24.671770095825195,8.666234016418457,-17.013107299804688,9.548127174377441,-12.44144058227539,7.732933521270752,-16.413976669311523,6.818888187408447,1865.9961907724605,1405.6618516125313,1708.9803704657518,512.5974718800168,3326.8849206349205,2260.373037603044,0.16907707093253968,0.1653948854469143,0.22525450587272644,0.08619213104248047,0.020456446334719658,0.03980672359466553
ai_en_021.wav,ai,-125.31037139892578,57.19540786743164,88.66515350341797,68.53580474853516,5.840771198272705,48.86561965942383,36.818580627441406,28.437875747680664,-0.5992606282234192,23.134153366088867,-4.818609237670898,15.322643280029297,-14.717928886413574,13.080500602722168,-2.381788969039917,13.11029052734375,-12.140739440917969,11.052348136901855,-11.385798454284668,14.262279510498047,-6.210878372192383,9.386013984680176,-6.394497394561768,9.013742446899414,-6.409897804260254,8.206033706665039,1971.0433157421674,1302.394162117039,1645.6986413731556,588.5068331780898,3671.56498015873,2073.7996614430094,0.18542286706349206,0.13430235349066133,0.15464092791080475,0.05961126461625099,0.03759153187274933,0.06028645858168602
ai_en_022.wav,ai,-173.30357360839844,67.94465637207031,45.71146011352539,73.61345672607422,5.553275108337402,47.13932418823242,26.141708374023438,30.20595932006836,-5.945890426635742,24.072416305541992,-8.890886306762695,18.30414390563965,-7.998358726501465,14.276199340820312,-13.647854804992676,14.179974555969238,-10.4013090133667,12.247756004333496,-15.475661277770996,9.853185653686523,-8.092731475830078,9.92268180847168,-5.625967979431152,12.522534370422363,-8.714781761169434,9.419315338134766,2546.3200586728767,1657.4493799247114,1673.8182438277347,456.7260611810237,4176.525297619048,2152.7999942635756,0.22135416666666666,0.17701451650045968,0.12767602503299713,0.06125830486416817,0.03522907570004463,0.05042581632733345
ai_en_023.wav,ai,-199.54454040527344,93.81034851074219,68.93412017822266,65.49092864990234,-25.309009552001953,49.282100677490234,7.055213451385498,32.07742691040039,-29.229795455932617,29.562803268432617,-13.401041030883789,23.32938003540039,-25.22121810913086,14.371689796447754,-25.538982391357422,15.806706428527832,-16.853595733642578,13.10352897644043,-19.930009841918945,10.39038372039795,-17.5795955657959,12.29146671295166,-13.049088478088379,9.638800621032715,-14.847790718078613,10.633965492248535,1833.0431952630606,1383.7994237420914,1416.365522819427,520.1910807574507,3094.5560515873017,1976.7538524733395,0.16364397321428573,0.16666855940749623,0.15281303226947784,0.071461983025074,0.015424131415784359,0.0387934073805809
ai_en_024.wav,ai,-159.6841278076172,71.45703887939453,54.89346694946289,67.15816497802734,7.710935592651367,40.457435607910156,34.54297637939453,30.579898834228516,3.8348336219787598,21.866451263427734,-8.128742218017578,18.59711456298828,-16.43882179260254,13.450392723083496,-10.299371719360352,12.903023719787598,-11.879000663757324,12.181485176086426,-9.894613265991211,11.881820678710938,3.2888071537017822,12.545597076416016,-6.915150165557861,11.731961250305176,6.806896209716797,9.25046443939209,2307.3991177413473,1508.688292444564,1715.6909481845873,485.6514479271989,4036.2723214285716,1992.3403070008685,0.1958279079861111,0.17758336041140327,0.16624672710895538,0.08159936964511871,0.02952209860086441,0.04731608182191849
ai_en_025.wav,ai,-167.09347534179688,91.56879425048828,103.41146850585938,81.41271209716797,2.684185743331909,45.37803649902344,20.056968688964844,38.03774642944336,-16.390357971191406,28.234466552734375,5.473769664764404,15.046497344970703,-18.733362197875977,15.84522819519043,-7.689326286315918,16.151506423950195,-7.051019191741943,13.05020523071289,4.819377899169922,12.066176414489746,-8.38624095916748,9.86038875579834,-4.306003570556641,8.33837890625,-12.622793197631836,9.984076499938965,1721.3345963749155,1182.266928278921,1401.805765442268,534.3787283705219,2976.25248015873,1955.236309441009,0.1796332465277778,0.13164266814573447,0.14822976291179657,0.06888830661773682,0.03515295311808586,0.07068011909723282
ai_en_026.wav,ai,-119.40962982177734,64.8969497680664,81.91851806640625,76.57693481445312,8.044310569763184,35.300418853759766,7.547399044036865,27.683504104614258,-1.2510851621627808,21.20132827758789,-12.510321617126465,16.030513763427734,-8.617345809936523,18.222904205322266,-5.634632110595703,15.092874526977539,-10.364669799804688,13.752558708190918,-15.328665733337402,12.610722541809082,-3.2249577045440674,11.591794967651367,-6.883064270019531,12.348916053771973,0.015411430038511753,9.638102531433105,2098.9744516174023,1466.1802954194964,1724.6842629137084,602.0705468108363,3783.7301587301586,2400.305909293162,0.23736669146825398,0.1740902357837476,0.2099800407886505,0.08905552327632904,0.04495801031589508,0.07463250309228897
ai_en_027.wav,ai,-142.8715057373047,78.86270904541016,90.0814437866211,67.8700180053711,13.026123046875,30.16034507751465,6.995179653167725,28.603818893432617,11.9058837890625,18.238388061523438,-6.223751068115234,21.927078247070312,4.757162570953369,12.386547088623047,-1.9705655574798584,14.465177536010742,-9.769024848937988,13.631025314331055,11.685571670532227,11.357691764831543,-12.356437683105469,11.239731788635254,3.9027316570281982,10.98142147064209,-7.607779026031494,10.011486053466797,1916.9162305933014,1284.137338889449,1781.2659392221733,475.60454159371363,3584.8214285714284,2051.532473965683,0.1762540302579365,0.17771772275303083,0.16870005428791046,0.06624586880207062,0.0290590301156044,0.056394487619400024
ai_en_028.wav,ai,-155.2569122314453,56.26479721069336,71.98930358886719,62.64118194580078,18.24264907836914,34.50033187866211,4.232626914978027,33.029415130615234,-18.740285873413086,21.388294219970703,-12.444393157958984,17.587736129760742,-12.702208518981934,13.811113357543945,-24.671573638916016,13.130461692810059,-14.122051239013672,12.597297668457031,-22.70317840576172,13.211638450622559,-13.713421821594238,8.548027038574219,-17.373748779296875,9.35152530670166,-13.169594764709473,9.274626731872559,1974.2155869029825,1466.3729803383123,1739.3635992952086,578.7825818479002,3637.5248015873017,2313.377332035235,0.20369853670634921,0.17653488883552987,0.22031337022781372,0.10182376205921173,0.023421453312039375,0.04226461052894592
ai_en_029.wav,ai,-156.4527587890625,60.009334564208984,102.72570037841797,80.04102325439453,1.3755682706832886,40.499820709228516,42.217674255371094,33.701690673828125,1.0570405721664429,21.582477569580078,-3.0410380363464355,16.58014488220215,-1.218776822090149,15.311813354492188,-9.274145126342773,14.231499671936035,-6.355931758880615,10.57270336151123,-10.114648818969727,13.214037895202637,-8.781208038330078,11.862926483154297,-5.823158264160156,9.247121810913086,-8.223397254943848,11.705634117126465,1697.5109001630801,1282.3650476015948,1464.435393601063,578.6300430141307,3131.2003968253966,2085.5348574048667,0.15246388268849206,0.13208057863286152,0.14007356762886047,0.05133156105875969,0.02911396138370037,0.04944146052002907
ai_en_030.wav,ai,-180.4984893798828,90.21478271484375,66.93407440185547,66.6185531616211,-4.346110820770264,49.278053283691406,20.62825584411621,26.91086769104004,-9.72138786315918,21.33941078186035,-8.339584350585938,16.22076416015625,-12.830665588378906,17.094711303710938,-16.653642654418945,16.468421936035156,-4.6284871101379395,14.51313591003418,-15.434078216552734,10.001662254333496,-9.320034980773926,8.08781623840332,-10.165764808654785,9.26467514038086,-4.438313007354736,9.699329376220703,2057.0708010109215,1429.200632395656,1600.973080832204,509.8263846760509,3527.157738095238,2110.9285950653157,0.16559322296626985,0.15550926288796926,0.13211989402770996,0.060423415154218674,0.020635753870010376,0.034989532083272934
ai_en_031.wav,ai,-193.0380859375,93.90655517578125,48.24966049194336,62.365875244140625,-14.071707725524902,47.158363342285156,2.9414889812469482,32.37893295288086,-20.346630096435547,31.541276931762695,-26.149484634399414,17.860050201416016,-23.11503791809082,15.632061004638672,-24.001468658447266,10.148772239685059,-21.377178192138672,12.717341423034668,-21.99176788330078,9.924309730529785,-19.144851684570312,10.549002647399902,-11.311800956726074,9.818276405334473,-13.062767028808594,9.606999397277832,2381.7671491044653,1601.5224630185871,1694.9839704922458,589.4691245307021,4053.9434523809523,2204.1037479827964,0.24191235739087302,0.20004901565429992,0.13868457078933716,0.06658332049846649,0.022493574768304825,0.04505394771695137
ai_en_032.wav,ai,-152.2469024658203,70.32910919189453,59.86644744873047,62.64508819580078,-12.151999473571777,47.25154113769531,22.721250534057617,32.086490631103516,-9.307073593139648,24.92372703552246,-2.6592586040496826,20.297964096069336,-23.554725646972656,15.5687255859375,-12.684467315673828,13.385713577270508,-6.1371846199035645,13.471576690673828,-6.126423358917236,15.49544620513916,-0.14752943813800812,13.314248085021973,-9.675055503845215,12.73124885559082,8.45569896697998,8.03603744506836,2237.733248013427,1370.15591419827,1622.0529253728917,445.7919606603399,3900.9796626984125,1854.9703224043315,0.21150328621031747,0.17094498299568192,0.1615922451019287,0.07930454611778259,0.028174152597784996,0.04594486579298973
ai_en_033.wav,ai,-166.13992309570312,95.13005828857422,104.30644226074219,86.45101165771484,-5.815028667449951,34.45885467529297,24.965436935424805,39.85836410522461,-12.227341651916504,24.020065307617188,0.25555485486984253,16.258115768432617,-20.50482940673828,13.635215759277344,-6.91556453704834,13.203481674194336,-1.7183183431625366,15.785717964172363,-1.0267187356948853,13.016789436340332,-9.555578231811523,9.524641990661621,-4.963555812835693,9.532927513122559,-12.234514236450195,8.776304244995117,1614.783960434978,1160.8542936672964,1338.313587850125,476.9132185310367,2844.06001984127,1773.0308495979534,0.16119094122023808,0.13823054894636094,0.16888433694839478,0.07696182280778885,0.025679169222712517,0.0494815930724144
ai_en_034.wav,ai,-141.26272583007812,58.74957275390625,62.50384521484375,68.52792358398438,31.009382247924805,31.812589645385742,26.22730255126953,32.3593864440918,8.199790954589844,23.060319900512695,-12.820562362670898,15.916935920715332,-5.973642349243164,13.9053373336792,-3.0847413539886475,14.821975708007812,-6.357764720916748,12.333383560180664,-17.366897583007812,11.2305269241333,-9.304760932922363,9.263227462768555,-5.51310396194458,8.722733497619629,-10.142192840576172,10.957891464233398,2276.980070324633,1645.4794436933098,1855.8260026765633,554.7446186048711,4039.434523809524,2380.720087254633,0.23230174231150794,0.19404514143657262,0.23554183542728424,0.10202115774154663,0.033198874443769455,0.06141514331102371
ai_en_035.wav,ai,-144.87669372558594,87.43579864501953,79.0934829711914,71.34729766845703,28.30458641052246,39.87751770019531,5.47787618637085,35.370399475097656,1.4931548833847046,22.877161026000977,0.8077700734138489,16.598913192749023,7.317621231079102,13.05628490447998,-3.2452383041381836,10.409820556640625,-12.301587104797363,10.541707038879395,9.135884284973145,10.239904403686523,-12.034741401672363,11.428498268127441,2.190824508666992,10.31779670715332,-8.686397552490234,10.370060920715332,2119.511067983493,1437.0002616868107,1818.2781698048118,491.7682042822733,3750.6820436507937,2250.5467783879853,0.19506448412698413,0.17595451463535713,0.16412842273712158,0.06733232736587524,0.030717948451638222,0.05213909596204758
ai_en_036.wav,ai,-140.16964721679688,67.56792449951172,59.53527069091797,67.7917251586914,13.088403701782227,34.88719940185547,0.5899261236190796,27.2451171875,-11.949286460876465,21.824811935424805,-13.797629356384277,14.410096168518066,-13.81699275970459,13.750582695007324,-19.99526023864746,15.1723051071167,-9.366673469543457,12.49434757232666,-19.784957885742188,10.942212104797363,-12.853933334350586,9.025065422058105,-12.887743949890137,10.410022735595703,-9.825989723205566,9.96961498260498,2278.8861878941334,1551.899420448845,1812.496268258074,519.5168165572227,4053.6954365079364,2331.0313351876025,0.24291217137896826,0.1797299935370399,0.19253146648406982,0.09717845171689987,0.04008026421070099,0.05949431657791138
ai_en_037.wav,ai,-139.88253784179688,65.5771484375,112.63021087646484,66.43153381347656,-6.3259100914001465,44.23112106323242,32.01897048950195,27.511886596679688,5.099791526794434,21.077960968017578,-3.260193347930908,14.74911117553711,-14.263653755187988,14.8657808303833,-5.001617431640625,15.743605613708496,-8.035868644714355,11.16530704498291,-10.925816535949707,14.187195777893066,-4.20094633102417,7.720810890197754,-5.542045593261719,9.632284164428711,-4.108093738555908,8.30191421508789,1645.6225551456062,1148.214142918289,1488.5564013804792,601.2086902501009,3102.3685515873017,1958.8949566508911,0.14517841641865079,0.11856707087808532,0.15414123237133026,0.06499797105789185,0.03238844498991966,0.060005053877830505
ai_en_038.wav,ai,-174.14675903320312,97.51627349853516,72.66827392578125,59.44771194458008,0.7025150060653687,45.93848419189453,22.128684997558594,30.18640899658203,-14.9783353805542,27.56500816345215,-9.820171356201172,19.244115829467773,-8.739912033081055,15.505434036254883,-12.267637252807617,13.498364448547363,-9.646699905395508,13.663022994995117,-13.431675910949707,10.66610336303711,-2.242776870727539,9.924166679382324,-11.678643226623535,9.849163055419922,-3.4885687828063965,10.060094833374023,2079.9046578589623,1419.4334673467981,1690.9343642206845,560.1831227504416,3771.9494047619046,2090.389073703499,0.1833341083829365,0.17047677402663414,0.14587269723415375,0.06631552428007126,0.01770908385515213,0.028494445607066154
ai_en_039.wav,ai,-167.29464721679688,78.81249237060547,37.213748931884766,66.64525604248047,-8.803803443908691,44.643585205078125,1.3231762647628784,33.52813720703125,-15.480145454406738,25.246368408203125,-14.50173282623291,20.69358253479004,-18.625812530517578,12.909529685974121,-26.766643524169922,16.929426193237305,-19.398366928100586,14.036149978637695,-15.644219398498535,10.573351860046387,-15.456120491027832,10.564789772033691,-15.605464935302734,12.420125961303711,-11.887724876403809,11.237356185913086,2400.9736228672377,1551.1143173035753,1727.5137599466975,501.6876229093136,4077.0089285714284,2075.0940856872035,0.22364056299603174,0.18827561496865908,0.16975294053554535,0.07618332654237747,0.023801716044545174,0.042471665889024734
ai_en_040.wav,ai,-145.27113342285156,71.2455825805664,78.83577728271484,60.75916290283203,-20.664018630981445,42.65871047973633,12.616535186767578,39.21936798095703,-16.155298233032227,22.542987823486328,-2.140043258666992,19.858156204223633,-24.752120971679688,15.238333702087402,-12.347601890563965,18.434005737304688,-2.6483421325683594,14.569948196411133,-6.4369916915893555,10.867432594299316,-1.307379126548767,13.430532455444336,-8.179452896118164,12.065037727355957,6.660479545593262,9.222208023071289,1847.406607794519,1018.8815521127481,1532.395589546839,470.41870799333986,3354.1046626984125,1670.540753366279,0.16356646825396826,0.1307370448412169,0.16342520713806152,0.06947717070579529,0.016554206609725952,0.03282884135842323
ai_en_041.wav,ai,-177.99520874023438,119.94042205810547,72.06739044189453,79.29747772216797,8.569038391113281,37.28364181518555,32.10440444946289,35.274044036865234,-10.727776527404785,23.337507247924805,-0.8178535103797913,18.395679473876953,-23.51902198791504,15.440092086791992,-2.447354316711426,12.179890632629395,-5.860610485076904,10.841348648071289,3.9979135990142822,10.742050170898438,-9.273743629455566,8.471423149108887,-3.7927942276000977,7.56284761428833,-10.53995418548584,10.098006248474121,2104.989898236384,1321.1282760186257,1585.2711902921556,474.9922284372673,3660.46626984127,1909.0111539527072,0.2153049045138889,0.14953817472912898,0.1295343041419983,0.06933785229921341,0.03964044898748398,0.06426355987787247
ai_en_042.wav,ai,-134.18087768554688,60.2861328125,75.16213989257812,81.16218566894531,9.86840534210205,40.79857635498047,23.13118553161621,29.25228500366211,2.1002018451690674,19.784242630004883,-9.919817924499512,17.750459671020508,-8.437767028808594,18.06132698059082,-4.424330234527588,15.620330810546875,-3.636727809906006,13.789978981018066,-16.443340301513672,12.908873558044434,-7.349401473999023,9.406996726989746,-6.371470928192139,11.544034004211426,-4.633748531341553,10.169781684875488,2159.469434792856,1589.5192200052325,1653.979008838127,550.552042338043,3758.370535714286,2277.9463591745193,0.20396205357142858,0.17438473461718468,0.19764721393585205,0.08550000935792923,0.03893960639834404,0.06517384946346283
ai_en_043.wav,ai,-150.14576721191406,71.1648178100586,83.42943572998047,74.42947387695312,14.010692596435547,37.46343231201172,11.886517524719238,40.16461944580078,6.991326332092285,19.911130905151367,-4.331083297729492,18.836902618408203,9.457155227661133,16.05974769592285,-16.022600173950195,14.247976303100586,-2.408766269683838,12.684048652648926,3.4379429817199707,10.121339797973633,-10.10139274597168,9.835186958312988,2.1133642196655273,12.221735954284668,-6.871947288513184,9.488737106323242,1900.9575237512327,1267.3056999016449,1747.4495157546755,431.3482430791202,3386.656746031746,2042.851139676629,0.13912527901785715,0.13415060107040028,0.16864873468875885,0.07174740731716156,0.027910806238651276,0.04979369044303894
ai_en_044.wav,ai,-182.1839599609375,62.52769088745117,51.623775482177734,68.82061004638672,33.165985107421875,27.763944625854492,16.111637115478516,25.78212547302246,-0.9845439195632935,19.984607696533203,-15.378043174743652,14.716678619384766,-6.300329685211182,13.37964153289795,-18.72766876220703,11.234417915344238,-15.154585838317871,12.860774993896484,-19.4465274810791,8.07591438293457,-17.90142250061035,9.891133308410645,-8.148247718811035,9.358955383300781,-16.68000602722168,7.190867900848389,2366.4039443933148,1706.5648022082833,1877.8149270624333,553.4665246215649,4150.173611111111,2448.977869824052,0.23982747395833334,0.19977938532036443,0.17631439864635468,0.08310598880052567,0.03156479075551033,0.0503549799323082
ai_en_045.wav,ai,-154.1800537109375,67.58550262451172,101.1407241821289,72.74647521972656,7.7683186531066895,42.16668701171875,33.966094970703125,28.437246322631836,-4.642759799957275,25.681791305541992,-1.076089859008789,15.574813842773438,-6.3731584548950195,16.454978942871094,-8.46232795715332,15.709084510803223,-9.428299903869629,10.771427154541016,-14.29761791229248,13.010846138000488,-7.042848587036133,9.373482704162598,-4.738997936248779,8.112090110778809,-6.365673065185547,10.176624298095703,1752.3088731215585,1302.6275371763852,1503.169980079566,586.0976931245439,3197.9786706349205,2160.5397688466705,0.1563507564484127,0.13215732507988662,0.14130085706710815,0.057719480246305466,0.03603709861636162,0.06158719211816788
ai_en_046.wav,ai,-163.992919921875,77.6373291015625,61.50370407104492,58.14657974243164,-3.991175651550293,43.61616134643555,18.307281494140625,26.91265869140625,-13.355425834655762,22.67130470275879,-15.01428508758545,16.607898712158203,-16.58367347717285,14.922379493713379,-16.65766716003418,14.25578498840332,-9.762807846069336,12.171509742736816,-14.365030288696289,10.161508560180664,-6.594622611999512,7.848024368286133,-13.16860580444336,9.265303611755371,-2.380406379699707,8.754376411437988,2249.791710570367,1396.413486891405,1719.259634026143,496.43073437753185,3916.2326388888887,2031.721327835849,0.2190677703373016,0.16422866304267184,0.12994281947612762,0.06601906567811966,0.033571042120456696,0.05316164717078209
ai_en_047.wav,ai,-198.6019744873047,98.67367553710938,64.50830841064453,56.86857223510742,-26.496335983276367,43.631839752197266,0.9158914089202881,31.460481643676758,-16.189376831054688,28.902576446533203,-24.17058563232422,22.19881248474121,-18.369375228881836,15.338911056518555,-22.079639434814453,12.899377822875977,-15.760807037353516,13.889535903930664,-18.23178482055664,8.861896514892578,-15.854795455932617,9.674156188964844,-14.18294620513916,9.213150024414062,-8.617796897888184,8.816165924072266,2010.388191847309,1394.1890623884217,1593.5756735342907,565.6639813252538,3503.1622023809523,2044.885925664756,0.22334991939484128,0.1959462119098291,0.13941441476345062,0.06489592790603638,0.016710638999938965,0.035612162202596664
ai_en_048.wav,ai,-175.8197021484375,74.80297088623047,76.5316162109375,44.44437026977539,-13.044188499450684,45.34443283081055,21.070701599121094,34.521183013916016,-19.242202758789062,26.567970275878906,-11.831655502319336,23.7142391204834,-31.49814224243164,18.653339385986328,-1.7006762027740479,16.090234756469727,-13.018492698669434,13.604815483093262,1.0468329191207886,12.902947425842285,-3.6771655082702637,14.254120826721191,-4.9149651527404785,11.511298179626465,0.7230738997459412,10.1903076171875,1906.322495502672,1016.4280321316937,1615.7667323039918,488.0702783208033,3504.464285714286,1668.648964311548,0.17085193452380953,0.12801048647260288,0.13537916541099548,0.05886625498533249,0.016589682549238205,0.031762462109327316
ai_en_049.wav,ai,-170.9364013671875,90.46448516845703,82.58705139160156,84.57555389404297,-8.749098777770996,35.607704162597656,36.61328125,40.01877212524414,-5.09510612487793,25.644535064697266,7.99074649810791,15.554931640625,-15.176102638244629,15.417119979858398,-7.786297798156738,14.75728702545166,-10.145556449890137,11.28017807006836,0.7137881517410278,12.064582824707031,-2.8160688877105713,12.346384048461914,-4.599818706512451,9.014676094055176,-10.414277076721191,9.489944458007812,1772.9082717387391,1164.3103065201349,1427.4654780549693,453.30179333349315,3103.1125992063494,1772.4044424006916,0.17282831101190477,0.12432492628507072,0.14621104300022125,0.06936333328485489,0.026897519826889038,0.04146478697657585
ai_en_050.wav,ai,-122.09635925292969,59.43344497680664,101.87736511230469,71.76166534423828,2.4726550579071045,44.473209381103516,15.852728843688965,29.623083114624023,-1.8816596269607544,16.07818031311035,-11.907243728637695,13.849026679992676,-9.600248336791992,17.547286987304688,-11.078577041625977,17.727060317993164,-2.4376637935638428,14.633099555969238,-18.953289031982422,12.353038787841797,-3.7242040634155273,9.822839736938477,-11.053522109985352,11.588146209716797,-1.8758810758590698,8.643821716308594,1637.8848906380144,1171.2576307098745,1573.3214667148266,557.4036107448776,2987.1651785714284,2069.9185534815474,0.14677889384920634,0.1372551128516588,0.23852789402008057,0.07054267078638077,0.022652748972177505,0.051270321011543274
ai_en_051.wav,ai,-134.40235900878906,75.34821319580078,60.23869705200195,73.3974609375,27.111553192138672,39.648128509521484,15.25298023223877,31.881454467773438,4.298377513885498,16.725656509399414,-5.292513370513916,20.069528579711914,6.260803699493408,16.324899673461914,-7.41225528717041,14.103511810302734,-7.475150108337402,11.854466438293457,3.943540334701538,9.374039649963379,-12.090694427490234,9.477362632751465,1.0130044221878052,10.491155624389648,-6.751043319702148,11.140357971191406,2425.80015686711,1495.094381737944,1910.978310911103,434.98371709964294,4300.223214285715,2097.1480742550043,0.2291046626984127,0.1802524960625612,0.1683637648820877,0.06570466607809067,0.03057585284113884,0.048290178179740906
ai_en_052.wav,ai,-148.87274169921875,68.96540832519531,51.930362701416016,80.031494140625,23.193016052246094,34.71549606323242,4.651120662689209,31.741199493408203,-9.128732681274414,20.96738052368164,-11.594552040100098,16.90190887451172,-4.71754264831543,13.835491180419922,-20.331335067749023,13.64102840423584,-9.472217559814453,12.131936073303223,-19.763263702392578,9.03817367553711,-15.455985069274902,10.589034080505371,-7.913215637207031,10.62940788269043,-15.483383178710938,8.767993927001953,2444.1169628413654,1688.0929953785403,1828.2352128884054,475.01866827989363,4164.2485119047615,2406.2857253514753,0.23826187375992064,0.19163987188436948,0.1975298672914505,0.09438159316778183,0.039988890290260315,0.05699228122830391
ai_en_053.wav,ai,-147.7618865966797,63.92610168457031,109.9511947631836,61.710384368896484,-6.484459400177002,41.740230560302734,39.540252685546875,33.859840393066406,-14.8416166305542,21.86117172241211,2.4848434925079346,14.21694564819336,-10.061744689941406,15.781709671020508,-8.992652893066406,11.796442985534668,-11.31817626953125,12.401033401489258,-7.581352710723877,16.37004280090332,-6.228738784790039,8.246557235717773,-5.830514430999756,10.020575523376465,-6.492282390594482,8.898993492126465,1574.807711467467,1082.5173594377002,1431.0112056649007,512.253172471138,2971.4161706349205,1828.9822986825259,0.12658885168650794,0.11148414629543078,0.14961370825767517,0.07361917942762375,0.029545705765485764,0.05897248163819313
ai_en_054.wav,ai,-194.8148956298828,79.50003051757812,53.380035400390625,62.44740676879883,13.28274154663086,35.850955963134766,32.27857971191406,32.88010787963867,-2.1880064010620117,27.87415313720703,-14.386402130126953,15.038427352905273,-9.016319274902344,14.91568660736084,-11.524829864501953,12.62707233428955,-12.859233856201172,11.166417121887207,-18.408113479614258,9.55050277709961,-12.664779663085938,8.796381950378418,-9.107686996459961,11.141176223754883,-11.027411460876465,9.214401245117188,2299.25707888041,1624.4321536782916,1720.095251556827,532.1740111011967,3948.4126984126983,2221.581181040507,0.1977384052579365,0.18942639525421448,0.13912376761436462,0.06404080986976624,0.02690906636416912,0.04829755052924156
ai_en_055.wav,ai,-181.03305053710938,81.25424194335938,56.42137145996094,58.674198150634766,-6.826616287231445,41.00916290283203,2.645334482192993,30.30392074584961,-23.380870819091797,33.56712341308594,-18.085559844970703,23.6276912689209,-20.38405990600586,14.387426376342773,-30.61900520324707,14.52449893951416,-21.388690948486328,13.918298721313477,-18.675321578979492,10.003703117370605,-13.087419509887695,9.751004219055176,-16.248573303222656,11.449563980102539,-9.005858421325684,10.432958602905273,2119.30844660592,1400.5851828651232,1722.8796763405896,579.3919660407686,3839.1617063492063,2109.9950105299245,0.2097322978670635,0.17908895341173106,0.1566293090581894,0.0584186390042305,0.018516048789024353,0.04420017823576927
ai_en_056.wav,ai,-159.63783264160156,90.12014770507812,67.61524200439453,53.46242904663086,-16.399742126464844,41.932865142822266,7.5836405754089355,29.370100021362305,-15.149666786193848,26.536954879760742,-1.6181694269180298,22.827774047851562,-31.27590560913086,18.502485275268555,-8.80908203125,15.251184463500977,-8.454471588134766,12.678412437438965,0.26440030336380005,12.553316116333008,-2.9692187309265137,16.36097526550293,-6.821376323699951,14.105652809143066,7.453252792358398,11.140907287597656,2196.9926896875368,1276.7262056044772,1663.1314253286698,440.3369806374715,3868.3655753968255,1778.304842585046,0.23440600198412698,0.169344034496704,0.14307841658592224,0.07212129980325699,0.027415625751018524,0.04843853786587715
ai_en_057.wav,ai,-152.94461059570312,94.21029663085938,107.8354263305664,78.54232025146484,-9.949689865112305,40.30912399291992,20.595184326171875,28.320585250854492,-4.844780921936035,20.393077850341797,7.228872299194336,16.933801651000977,-25.923118591308594,18.774520874023438,-5.575621604919434,14.953174591064453,-7.010381698608398,13.336536407470703,5.733370304107666,12.565646171569824,-2.398982048034668,11.091495513916016,-5.125516891479492,9.532442092895508,-10.655553817749023,9.45643424987793,1671.8731005479356,1155.7899512499737,1388.3413617780159,514.1748785939324,2940.6622023809523,1831.6352354657745,0.1783931671626984,0.14120191905241716,0.17066176235675812,0.08498039841651917,0.03165579214692116,0.06413079798221588
ai_en_058.wav,ai,-155.14132690429688,83.83192443847656,91.6162338256836,65.82233428955078,9.115937232971191,42.12861633300781,19.0208797454834,29.285003662109375,-4.8187255859375,22.92406463623047,-16.777957916259766,14.792030334472656,-6.880879878997803,17.85194969177246,-9.071654319763184,12.178855895996094,-14.016301155090332,10.496374130249023,-16.833101272583008,14.385306358337402,-0.6810436844825745,11.25586986541748,-10.193270683288574,13.696782112121582,0.21631737053394318,9.262517929077148,1844.7607699286402,1305.006301332694,1697.7480920627859,601.7787405498615,3522.6314484126983,2168.1088586583683,0.18677145337301587,0.15915148539284943,0.19593901932239532,0.08361998200416565,0.02512619085609913,0.047566331923007965
ai_en_059.wav,ai,-133.36517333984375,71.8952407836914,58.33976745605469,75.9049301147461,18.436613082885742,34.055049896240234,19.610431671142578,37.43836975097656,9.722145080566406,19.079090118408203,-0.3525541424751282,20.644344329833984,7.454398155212402,13.81652545928955,0.2238558679819107,12.003948211669922,-16.737531661987305,13.520987510681152,9.428633689880371,12.744339942932129,-8.841259002685547,12.134190559387207,0.25042542815208435,9.69780158996582,-7.965899467468262,9.945561408996582,2249.6282904310947,1379.6534451057096,1845.9716495177713,405.29482402743474,4077.2569444444443,2027.349358358029,0.19951326884920634,0.16967503929273736,0.1681259125471115,0.06282024830579758,0.030942402780056,0.04168699309229851
ai_en_060.wav,ai,-148.75559997558594,63.389530181884766,71.53854370117188,68.31501770019531,14.040369033813477,30.35750389099121,4.757257461547852,27.144906997680664,-12.500672340393066,20.112825393676758,-13.910204887390137,17.224992752075195,-10.738947868347168,16.818988800048828,-25.2100830078125,12.546670913696289,-6.494029998779297,17.05035400390625,-24.96747589111328,8.935247421264648,-16.927841186523438,9.492161750793457,-12.87334156036377,7.626215934753418,-16.392139434814453,6.938438415527344,1865.0781514394316,1405.0964210624968,1708.298290160553,512.6488600438167,3324.9007936507937,2257.282350996416,0.1693909660218254,0.16662357567820665,0.2251080870628357,0.08613987267017365,0.020333489403128624,0.03941822797060013
ai_en_061.wav,ai,-125.29998016357422,57.346866607666016,88.54331970214844,68.63915252685547,5.903383731842041,48.775901794433594,36.93744659423828,28.180938720703125,-0.6730343103408813,23.083980560302734,-4.882164478302002,15.331618309020996,-14.64113712310791,12.98119831085205,-2.43503475189209,12.994640350341797,-12.115047454833984,11.00320816040039,-11.428468704223633,14.29863452911377,-6.208749294281006,9.41743278503418,-6.371192455291748,9.037020683288574,-6.538768768310547,8.129695892333984,1970.780824164406,1302.0125452573327,1645.1306059470671,588.0306023616521,3670.3869047619046,2072.8315374317253,0.18471757192460317,0.1335302492501979,0.15466934442520142,0.05963538959622383,0.038016390055418015,0.060886263847351074
ai_en_062.wav,ai,-173.1671142578125,67.99286651611328,45.653846740722656,73.75729370117188,5.2128705978393555,46.69000244140625,25.772483825683594,30.04840850830078,-5.907093524932861,24.47369384765625,-8.811302185058594,18.566160202026367,-8.068174362182617,14.348798751831055,-13.97469711303711,14.194937705993652,-10.675853729248047,12.01193904876709,-15.405557632446289,10.168822288513184,-8.099617004394531,9.863625526428223,-5.929525852203369,12.446682929992676,-8.897500038146973,9.198822021484375,2545.021556065988,1655.3530706003303,1675.1810805610876,457.6410724080481,4174.975198412699,2154.1574918359374,0.22256324404761904,0.17821702605514517,0.12755857408046722,0.061207011342048645,0.035428278148174286,0.050577931106090546
ai_en_063.wav,ai,-197.9511260986328,93.94556427001953,69.07228088378906,65.54377746582031,-25.225736618041992,49.15480041503906,7.0064616203308105,31.99689292907715,-29.28225326538086,29.587417602539062,-13.429733276367188,23.424575805664062,-25.200714111328125,14.334712982177734,-25.48335075378418,15.882823944091797,-16.779245376586914,13.07931137084961,-19.70671844482422,10.480094909667969,-17.698062896728516,12.35570240020752,-13.060794830322266,9.765802383422852,-14.953232765197754,10.644792556762695,1832.4691775534425,1381.9431541962922,1416.3045909791583,519.9519925892376,3100.9424603174602,1975.1424183663462,0.16358196924603174,0.1664243251414384,0.15510830283164978,0.07246530801057816,0.015243817120790482,0.038040678948163986
ai_en_064.wav,ai,-158.45919799804688,71.2099609375,54.945343017578125,67.03536224365234,7.690260410308838,40.38761901855469,34.448001861572266,30.4758243560791,3.840942859649658,21.936840057373047,-8.246062278747559,18.625713348388672,-16.315021514892578,13.263858795166016,-10.387084007263184,13.007174491882324,-11.831353187561035,12.193061828613281,-9.850785255432129,11.98298168182373,3.3766441345214844,12.572909355163574,-6.872974872589111,11.761222839355469,6.8611249923706055,9.313056945800781,2306.698815035186,1508.7941977573255,1717.0129348424257,486.8910141330645,4035.404265873016,1998.3566281507944,0.19569614955357142,0.17779572542015823,0.16859757900238037,0.08282756805419922,0.030014758929610252,0.04920259490609169
ai_en_065.wav,ai,-168.21974182128906,91.50843048095703,103.55999755859375,81.41217803955078,2.8310797214508057,45.31895065307617,19.847919464111328,38.23181915283203,-16.259151458740234,28.171932220458984,5.70967435836792,15.111653327941895,-18.611881256103516,15.74063777923584,-7.744728088378906,16.06890296936035,-6.970157146453857,13.060948371887207,4.784356117248535,12.030529975891113,-8.386478424072266,10.06035327911377,-4.422311782836914,8.408268928527832,-12.404032707214355,10.205042839050293,1721.1044770508463,1183.7480156150423,1400.8834456891623,534.2400806220477,2972.470238095238,1953.7877631176261,0.17863343253968253,0.13103222144742802,0.14638732373714447,0.06807052344083786,0.03499075025320053,0.07031015306711197
ai_en_066.wav,ai,-119.41858673095703,64.78902435302734,82.09664916992188,76.60155487060547,7.978165149688721,35.1882438659668,7.65727424621582,27.648967742919922,-1.182565689086914,21.095727920532227,-12.331018447875977,15.97890853881836,-8.560688972473145,18.24051284790039,-5.579402446746826,15.034337043762207,-10.503191947937012,13.94113540649414,-15.52998161315918,12.78508186340332,-3.250265598297119,11.5222806930542,-6.98239803314209,12.297170639038086,0.13142776489257812,9.711596488952637,2095.94735469146,1464.241886695072,1723.610049260949,600.1005680095262,3774.7395833333335,2396.0176701050705,0.23795185391865079,0.1747178065480698,0.21017391979694366,0.08901835978031158,0.04512551426887512,0.07498414069414139
ai_en_067.wav,ai,-142.60140991210938,79.00769805908203,90.1172103881836,67.81243133544922,13.153063774108887,29.862686157226562,6.972262382507324,28.403627395629883,12.024860382080078,18.234901428222656,-6.146868705749512,22.029151916503906,4.741322040557861,12.491447448730469,-2.027503728866577,14.344273567199707,-9.891386985778809,13.635775566101074,11.895265579223633,11.333008766174316,-12.201115608215332,11.548713684082031,3.8011231422424316,10.959220886230469,-7.472775936126709,9.947664260864258,1913.8377863088665,1278.58745437756,1781.611779197718,473.3493557536729,3581.659226190476,2045.1982198330268,0.1754092261904762,0.17675700349806955,0.16906212270259857,0.06639581173658371,0.028568210080266,0.05497017875313759
ai_en_068.wav,ai,-155.28863525390625,56.36153793334961,71.89215850830078,62.62490463256836,18.308135986328125,34.43932342529297,4.222256660461426,32.971683502197266,-18.650381088256836,21.419513702392578,-12.313440322875977,17.451148986816406,-12.663778305053711,13.750524520874023,-24.749351501464844,13.188264846801758,-14.109793663024902,12.792643547058105,-22.629222869873047,13.1281099319458,-13.704842567443848,8.403139114379883,-17.39870262145996,9.488470077514648,-13.36070442199707,9.362051963806152,1970.0929335009262,1461.781256838086,1739.030799292374,576.6412447130656,3630.7043650793653,2308.7069831919725,0.20348927331349206,0.1761194591614343,0.2202548235654831,0.10173819959163666,0.02341855876147747,0.04216025769710541
ai_en_069.wav,ai,-156.4364776611328,60.10677719116211,102.8039779663086,80.0130844116211,1.3303613662719727,40.50539016723633,42.220943450927734,33.750274658203125,0.926994800567627,21.497282028198242,-2.9004456996917725,16.418413162231445,-1.2765345573425293,15.351545333862305,-9.350022315979004,14.338751792907715,-6.425451755523682,10.6085786819458,-10.10663890838623,13.214191436767578,-8.788833618164062,11.86099910736084,-5.944042682647705,9.27227783203125,-8.089343070983887,11.707061767578125,1696.7061599756048,1282.19501282331,1463.619670520122,578.5126985257905,3128.658234126984,2084.9816039464345,0.1521151103670635,0.13136711296955567,0.14003556966781616,0.051121246069669724,0.029351353645324707,0.04996655508875847
ai_en_070.wav,ai,-180.3192138671875,90.18435668945312,66.67292022705078,66.4835433959961,-4.414066314697266,49.387489318847656,20.661773681640625,26.89124298095703,-9.840598106384277,21.374841690063477,-8.297389030456543,16.137086868286133,-12.85953426361084,17.18878936767578,-16.63802146911621,16.633459091186523,-4.770979404449463,14.506503105163574,-15.36348819732666,10.244075775146484,-9.253315925598145,8.036535263061523,-10.115255355834961,9.385651588439941,-4.576078414916992,9.560650825500488,2056.776283328439,1427.09019512503,1600.252401618924,504.86811952509004,3529.0178571428573,2099.0822277161656,0.1654382130456349,0.15529926303696567,0.1320839822292328,0.06051056459546089,0.020954934880137444,0.035859595984220505
ai_en_071.wav,ai,-193.1179962158203,93.9651870727539,48.05835723876953,62.24679183959961,-14.20442008972168,46.97551345825195,2.806508779525757,32.25993347167969,-20.40509605407715,31.552677154541016,-26.18625259399414,17.76875877380371,-23.271520614624023,16.017969131469727,-24.398521423339844,10.251213073730469,-21.5457763671875,12.715460777282715,-22.04155731201172,9.963656425476074,-18.851470947265625,10.179051399230957,-11.563582420349121,9.893022537231445,-13.082063674926758,9.576602935791016,2381.8522388761594,1602.5227060734446,1696.62138277693,591.0842137068346,4060.3298611111113,2211.604684481736,0.24314468625992064,0.2015062079245217,0.13881386816501617,0.06654804944992065,0.022479945793747902,0.045233242213726044
ai_en_072.wav,ai,-152.4213104248047,70.38761901855469,59.38628005981445,62.466609954833984,-11.734247207641602,47.07245635986328,22.722333908081055,31.61625862121582,-9.231574058532715,24.915935516357422,-2.5461974143981934,20.309158325195312,-23.723569869995117,15.75461196899414,-12.606340408325195,13.420049667358398,-6.087319850921631,13.397025108337402,-6.062080383300781,15.489214897155762,-0.06380302459001541,13.2813138961792,-9.576685905456543,12.90056324005127,8.631365776062012,7.999617576599121,2241.8719836770274,1370.0484684268897,1625.4503787166213,443.9834348115483,3906.808035714286,1856.3194918312524,0.2142547123015873,0.17320350494541178,0.16076894104480743,0.07891042530536652,0.02816670760512352,0.04588226228952408
ai_en_073.wav,ai,-166.24786376953125,94.97405242919922,104.3126449584961,86.48184204101562,-5.796106338500977,34.43016052246094,24.625207901000977,39.897979736328125,-12.112630844116211,23.69881820678711,0.04682348668575287,16.386749267578125,-20.48781967163086,13.784629821777344,-6.70701789855957,12.946203231811523,-2.0238683223724365,15.84322452545166,-0.9475941061973572,13.147980690002441,-9.523237228393555,9.499407768249512,-5.2531232833862305,9.576672554016113,-12.193340301513672,8.903095245361328,1615.74603262804,1163.9545028762943,1339.429119460759,477.20288750199035,2850.1364087301586,1772.3881481754236,0.16181873139880953,0.13844196924805233,0.16875514388084412,0.07690701633691788,0.025800589472055435,0.049494896084070206
ai_en_074.wav,ai,-141.57382202148438,58.605403900146484,62.87710952758789,68.75104522705078,31.01985740661621,31.874412536621094,26.173114776611328,32.32572555541992,8.263880729675293,23.117090225219727,-12.839465141296387,15.828121185302734,-6.017662525177002,13.897856712341309,-3.030139446258545,14.695322036743164,-6.386223316192627,12.266063690185547,-17.37293243408203,11.359516143798828,-9.155936241149902,9.44100570678711,-5.568758487701416,8.725214004516602,-10.078752517700195,11.064208030700684,2273.174807233914,1646.391445356784,1853.3646567917626,557.1263712154974,4029.3278769841268,2386.8867812338676,0.23174758184523808,0.19335939317396172,0.23548787832260132,0.10200601071119308,0.03258126229047775,0.059682682156562805
ai_en_075.wav,ai,-148.46939086914062,87.57310485839844,79.00498962402344,71.27588653564453,28.355186462402344,39.80752182006836,5.413311958312988,35.47871398925781,1.5798161029815674,23.012916564941406,0.8713349103927612,16.640724182128906,7.267757892608643,13.185626983642578,-3.238455057144165,10.424620628356934,-12.254342079162598,10.450384140014648,9.178068161010742,10.244648933410645,-11.87271499633789,11.4185209274292,2.036194324493408,10.517980575561523,-8.698158264160156,10.157276153564453,2121.163446453205,1437.1802519756136,1818.7967183958501,489.49332106973617,3752.1081349206347,2246.1277522224473,0.19454132564484128,0.1753369117193137,0.15813955664634705,0.06494054198265076,0.030610568821430206,0.0519661009311676
ai_en_076.wav,ai,-140.21707153320312,67.58541870117188,59.681453704833984,67.83740234375,13.092151641845703,34.91337966918945,0.5679270625114441,27.262617111206055,-12.08113956451416,21.89742660522461,-13.841570854187012,14.377327919006348,-13.756937026977539,13.785861015319824,-19.801753997802734,15.269104957580566,-9.46213150024414,12.458269119262695,-19.7995548248291,10.96434211730957,-12.714776992797852,8.973549842834473,-12.793282508850098,10.464585304260254,-9.791980743408203,10.058175086975098,2277.394609876887,1555.0086917520157,1809.8064485033956,518.5267330188814,4049.2931547619046,2333.133292265616,0.24354771205357142,0.17971690532571777,0.19261150062084198,0.0970928743481636,0.039954010397195816,0.05938095599412918
ai_en_077.wav,ai,-139.07296752929688,65.50276184082031,112.64752960205078,66.1617431640625,-6.122077941894531,44.4650993347168,31.751962661743164,27.554595947265625,5.239787578582764,21.075820922851562,-3.217405080795288,14.755926132202148,-14.531578063964844,15.182204246520996,-4.990239143371582,15.864336967468262,-8.091008186340332,11.286016464233398,-10.983949661254883,13.916756629943848,-4.239011764526367,7.765148162841797,-5.205799579620361,9.81396198272705,-4.334823131561279,8.221484184265137,1646.1059591307385,1147.0422005193273,1489.9104225662745,601.7875306888931,3105.15873015873,1958.225891392364,0.14570545014880953,0.11940163529082326,0.15544287860393524,0.06560047715902328,0.03197520971298218,0.05917954817414284
ai_en_078.wav,ai,-174.48233032226562,97.39492797851562,72.5616683959961,59.63504409790039,0.4068165719509125,45.845306396484375,22.185388565063477,29.86132049560547,-14.924712181091309,27.638904571533203,-9.800040245056152,19.296226501464844,-8.800235748291016,15.51678466796875,-12.26117992401123,13.544690132141113,-9.593599319458008,13.628456115722656,-13.57183837890625,10.820579528808594,-2.4102864265441895,9.906477928161621,-11.769362449645996,9.766026496887207,-3.525538206100464,10.156656265258789,2078.2980869903804,1418.4244758955429,1688.8513677973885,558.4457629652006,3766.9890873015875,2089.4488179546643,0.1833069816468254,0.1703977335713335,0.1457613855600357,0.06635260581970215,0.01756308600306511,0.028327761217951775
ai_en_079.wav,ai,-165.63059997558594,78.8584213256836,37.160789489746094,66.44859313964844,-8.792274475097656,44.67052459716797,1.3534421920776367,33.599143981933594,-15.48075008392334,25.175668716430664,-14.630890846252441,20.638254165649414,-18.795276641845703,12.852215766906738,-26.817840576171875,16.92833137512207,-19.571781158447266,14.071064949035645,-15.69304370880127,10.559976577758789,-15.42735767364502,10.42315673828125,-15.608598709106445,12.296189308166504,-11.75551986694336,11.203213691711426,2399.5978077582863,1552.7265074595798,1726.1941792958899,502.40868394864003,4072.5446428571427,2079.369568435702,0.22333829365079366,0.18857571746124582,0.1729871928691864,0.07754302024841309,0.02372458577156067,0.042336028069257736
ai_en_080.wav,ai,-145.42141723632812,71.1065673828125,79.12356567382812,60.83505630493164,-20.99286460876465,42.35277557373047,12.5464506149292,39.21016311645508,-16.280427932739258,22.54994773864746,-2.1060993671417236,20.167444229125977,-24.299083709716797,15.45697021484375,-12.253621101379395,18.392780303955078,-2.327104091644287,14.365432739257812,-6.375705242156982,10.887900352478027,-1.3407038450241089,13.478668212890625,-7.920406341552734,12.108894348144531,6.744483947753906,9.211079597473145,1844.8282075625739,1012.3838106231063,1531.2192982262316,469.2187809911315,3352.4305555555557,1662.86338926728,0.16327194940476192,0.13039955059840835,0.16316919028759003,0.06949440389871597,0.016433442011475563,0.0324820801615715
ai_en_081.wav,ai,-177.90074157714844,120.11636352539062,72.1336669921875,79.3010025024414,8.66771125793457,37.37855529785156,32.05555725097656,35.28938674926758,-10.701330184936523,23.38779067993164,-0.6032589077949524,18.3082218170166,-23.604034423828125,15.363019943237305,-2.309093475341797,12.307549476623535,-6.0536417961120605,10.968448638916016,4.184940338134766,10.621455192565918,-9.384614944458008,8.411470413208008,-3.494497060775757,7.382267951965332,-10.586783409118652,10.1975736618042,2104.881048897024,1322.1216104934003,1583.2819740482053,474.5771303688972,3654.0798611111113,1907.539358016857,0.2149328807043651,0.14856912869486427,0.12970228493213654,0.06931506097316742,0.039461009204387665,0.06397957354784012
ai_en_082.wav,ai,-134.11534118652344,60.29151153564453,75.09979248046875,81.16842651367188,9.827326774597168,40.73673629760742,23.206741333007812,29.21883201599121,1.9764224290847778,19.796531677246094,-9.84397029876709,17.703868865966797,-8.431998252868652,17.95043182373047,-4.411552906036377,15.643082618713379,-3.5764951705932617,13.72803783416748,-16.468074798583984,12.871360778808594,-7.36169958114624,9.373211860656738,-6.403757572174072,11.623032569885254,-4.612308025360107,10.08985424041748,2158.0052630488576,1588.8674709642485,1652.654777166168,548.6960602183852,3752.5421626984125,2274.0793591387805,0.20379929315476192,0.1750476402211741,0.19779199361801147,0.0856083482503891,0.03898502513766289,0.06587496399879456
ai_en_083.wav,ai,-150.16636657714844,71.20529174804688,83.67185974121094,74.28648376464844,13.861979484558105,37.39712142944336,11.910386085510254,40.1032829284668,6.893196105957031,19.90863800048828,-4.357008934020996,18.834545135498047,9.454957008361816,15.878890037536621,-15.836894989013672,14.53134536743164,-2.2922284603118896,12.657102584838867,3.26737117767334,9.945881843566895,-9.997091293334961,9.822402954101562,1.9542038440704346,12.233766555786133,-6.895925998687744,9.618443489074707,1894.5887896147485,1261.8160463205595,1745.4898275453966,430.1872945517778,3380.8283730158732,2040.8946986106353,0.13849748883928573,0.13368344808640054,0.16840490698814392,0.07196516543626785,0.028125757351517677,0.05051923915743828
ai_en_084.wav,ai,-182.04733276367188,62.66042709350586,51.659751892089844,69.02916717529297,33.35099792480469,27.714946746826172,16.418935775756836,25.91340446472168,-0.8096023797988892,20.023128509521484,-15.123778343200684,14.62210750579834,-6.205043315887451,13.4168062210083,-18.499849319458008,11.085219383239746,-15.027203559875488,12.794328689575195,-19.39072608947754,8.200057029724121,-17.783599853515625,9.934170722961426,-8.01375675201416,9.249275207519531,-16.499574661254883,7.164403915405273,2367.1761001921936,1705.7806063774526,1877.3994751036525,555.1248093395612,4151.289682539683,2450.2657412342783,0.24005223834325398,0.19957899080112124,0.17628401517868042,0.08313246816396713,0.031919870525598526,0.051069214940071106
ai_en_085.wav,ai,-154.06692504882812,67.65876007080078,100.96527099609375,72.8050765991211,7.702315330505371,42.13876724243164,33.91344451904297,28.34825897216797,-4.83554220199585,25.679237365722656,-0.8568843007087708,15.486021995544434,-6.5484700202941895,16.38870620727539,-8.52896499633789,15.709671974182129,-9.439218521118164,10.78701400756836,-14.198542594909668,13.187790870666504,-7.192532539367676,9.419031143188477,-4.81518030166626,8.001554489135742,-6.455435276031494,10.267112731933594,1755.0850163877512,1304.4396322627638,1504.3233308521392,586.0503219251859,3204.4890873015875,2165.4856788123375,0.1565677703373016,0.13231820293363164,0.14126509428024292,0.057767804712057114,0.036576662212610245,0.06276270002126694
ai_en_086.wav,ai,-164.09414672851562,77.53311157226562,61.49946212768555,58.129234313964844,-4.120131492614746,43.48658752441406,18.201942443847656,26.698328018188477,-13.41085147857666,22.652782440185547,-14.913640022277832,16.80025291442871,-16.32609748840332,15.090530395507812,-16.86147117614746,14.216477394104004,-9.832037925720215,11.975712776184082,-14.56360149383545,10.2665376663208,-6.5405049324035645,7.8668999671936035,-13.065740585327148,9.414791107177734,-2.1314117908477783,8.734885215759277,2249.0536937856887,1396.315522257238,1718.9294280741203,496.5397167290501,3914.6825396825398,2031.417547647352,0.2191375248015873,0.16352778226224482,0.13011784851551056,0.06614219397306442,0.033446427434682846,0.0527491420507431
ai_en_087.wav,ai,-198.94427490234375,98.71492767333984,64.17316436767578,57.072689056396484,-26.961109161376953,43.1734619140625,0.8355619311332703,31.4925479888916,-16.286579132080078,29.106706619262695,-24.30788230895996,22.143651962280273,-18.455629348754883,15.229503631591797,-22.027889251708984,12.668600082397461,-15.860877990722656,13.809466361999512,-18.161842346191406,8.9620943069458,-15.9325590133667,9.824987411499023,-14.08484935760498,9.20573902130127,-8.649869918823242,8.70934772491455,2009.804048519474,1394.0846831158717,1592.8896889920072,564.3806579915711,3504.8363095238096,2047.1409506713858,0.22365606398809523,0.19583252340555934,0.13922864198684692,0.0648241937160492,0.017125410959124565,0.037256110459566116
ai_en_088.wav,ai,-174.9899139404297,74.83536529541016,76.51273345947266,44.53220748901367,-12.988946914672852,45.3575325012207,20.914247512817383,34.38737869262695,-19.022626876831055,26.582002639770508,-11.994285583496094,23.615577697753906,-31.33514976501465,18.511890411376953,-1.6583216190338135,15.957402229309082,-13.067694664001465,13.56617259979248,1.0501519441604614,12.916546821594238,-3.739342451095581,14.444060325622559,-4.878205299377441,11.553800582885742,0.7872143983840942,10.169766426086426,1906.7305118774218,1018.3760991389297,1615.420427551273,488.362599691219,3504.092261904762,1671.5915292563818,0.17026289682539683,0.12826127585213293,0.13645172119140625,0.0592472106218338,0.016664734110236168,0.0319741852581501
ai_en_089.wav,ai,-170.6158905029297,90.5899429321289,82.86712646484375,84.37028503417969,-8.760710716247559,35.503318786621094,36.51340103149414,39.771629333496094,-5.047375202178955,25.42408561706543,7.807511329650879,15.570279121398926,-15.12339973449707,15.532796859741211,-7.9042534828186035,14.627260208129883,-9.996411323547363,11.363320350646973,0.5542185306549072,12.101790428161621,-2.7561075687408447,12.520566940307617,-4.56710147857666,8.806929588317871,-10.578705787658691,9.511879920959473,1771.6910940613272,1164.2839197284907,1426.789366550552,454.2966017399125,3101.314484126984,1772.1234403865026,0.17380874875992064,0.12428136762098177,0.14678333699703217,0.06965857744216919,0.027049658820033073,0.041761916130781174
ai_en_090.wav,ai,-121.88993835449219,59.51866149902344,101.83049011230469,71.75282287597656,2.4779393672943115,44.460296630859375,15.886970520019531,29.501298904418945,-1.9909306764602661,16.063493728637695,-11.772614479064941,13.76328182220459,-9.594930648803711,17.570802688598633,-11.046269416809082,17.783353805541992,-2.5589263439178467,14.656413078308105,-18.807897567749023,12.372316360473633,-3.89034366607666,9.809850692749023,-10.713922500610352,11.345012664794922,-2.015249729156494,8.356881141662598,1636.2733763529388,1170.4673344507366,1570.629545335692,556.3153149627908,2981.9568452380954,2065.545918635815,0.1464998759920635,0.13652588870414475,0.23845216631889343,0.0704815685749054,0.02250245399773121,0.05097313970327377
ai_en_091.wav,ai,-134.03350830078125,75.22410583496094,60.16675567626953,73.56517791748047,26.88109588623047,39.4667854309082,15.453376770019531,32.0661735534668,4.100866317749023,16.65001678466797,-5.212120056152344,20.10321617126465,6.38201379776001,16.191844940185547,-7.455907344818115,14.06341552734375,-7.531478404998779,11.913667678833008,4.031937599182129,9.461529731750488,-11.937490463256836,9.441255569458008,0.7914546132087708,10.522961616516113,-6.631013870239258,11.064595222473145,2426.918898060224,1495.6275266806904,1908.8336440206529,436.09623991556316,4300.347222222223,2097.237030236866,0.2295348152281746,0.1810313665765071,0.168700709939003,0.06574026495218277,0.030667835846543312,0.04833321273326874
ai_en_092.wav,ai,-149.12728881835938,69.07262420654297,51.94179916381836,79.99908447265625,22.9991512298584,34.64730453491211,4.761573791503906,31.676359176635742,-8.843002319335938,20.98000144958496,-11.759549140930176,17.122692108154297,-4.5082926750183105,14.088146209716797,-20.61829376220703,13.801912307739258,-9.47030258178711,12.267056465148926,-20.054834365844727,9.116994857788086,-15.697833061218262,10.373330116271973,-7.827924728393555,10.928374290466309,-15.410642623901367,8.794153213500977,2444.0650182527133,1688.7827238694567,1829.4778877415545,473.45485742648896,4159.722222222223,2406.028054925485,0.23739769345238096,0.19069025096976747,0.19759386777877808,0.09437224268913269,0.03968464210629463,0.05604005977511406
ai_en_093.wav,ai,-147.52772521972656,64.14556121826172,109.75090789794922,61.623905181884766,-6.358748435974121,41.745479583740234,39.44750213623047,34.02815246582031,-14.867661476135254,22.14258575439453,2.328951597213745,14.06978988647461,-10.095340728759766,15.740243911743164,-9.062211990356445,11.73391056060791,-11.448636054992676,12.221726417541504,-7.614835262298584,16.05916976928711,-6.3328857421875,8.255820274353027,-5.960140228271484,10.034565925598145,-6.6798200607299805,8.872191429138184,1575.4924354961552,1082.5229299772652,1432.3749084862945,512.4414252695219,2974.0203373015875,1828.3742785347793,0.12655784970238096,0.11176526690734667,0.14968529343605042,0.07384543865919113,0.02997593767940998,0.05967407673597336
ai_en_094.wav,ai,-194.64260864257812,79.51422882080078,53.22352600097656,62.336700439453125,13.271439552307129,35.8317756652832,32.360042572021484,32.81311798095703,-2.238197088241577,27.846590042114258,-14.208205223083496,14.878142356872559,-9.105453491210938,14.969137191772461,-11.429439544677734,12.585150718688965,-12.873490333557129,11.099820137023926,-18.40073013305664,9.471192359924316,-12.673121452331543,8.849738121032715,-8.9633207321167,11.133454322814941,-10.982183456420898,9.1950044631958,2299.9983528414905,1621.4434202822974,1721.804950580339,532.7052380315469,3953.8070436507937,2221.7285619986606,0.19721912202380953,0.18890242320762726,0.1390545815229416,0.06405175477266312,0.02691461332142353,0.04794032871723175
ai_en_095.wav,ai,-181.10528564453125,80.93104553222656,56.37677001953125,58.54927062988281,-7.172521114349365,41.10499954223633,2.713305711746216,30.319992065429688,-23.353219985961914,33.68006896972656,-18.407798767089844,23.8257999420166,-20.49358367919922,14.380534172058105,-30.89925765991211,14.32819938659668,-21.60711097717285,13.93535327911377,-18.902311325073242,9.881661415100098,-13.032120704650879,9.706494331359863,-16.179500579833984,11.175891876220703,-9.499089241027832,10.069242477416992,2118.926919785014,1400.9988432991868,1723.813459019847,580.6738908205895,3840.15376984127,2112.309799491648,0.20972842261904762,0.179815955563783,0.1565209925174713,0.058388806879520416,0.018452176824212074,0.044242020696401596
ai_en_096.wav,ai,-159.4383087158203,89.89241790771484,67.42639923095703,53.63310241699219,-16.321752548217773,42.14115905761719,7.656804084777832,29.46295166015625,-14.875231742858887,26.70585823059082,-1.548364281654358,23.030311584472656,-31.319366455078125,18.410799026489258,-8.631595611572266,15.151418685913086,-8.649130821228027,12.76868724822998,0.2349802702665329,12.444600105285645,-2.9022111892700195,16.314260482788086,-6.713529109954834,14.097864151000977,7.743578910827637,11.151297569274902,2200.9402222885215,1279.299609839103,1664.2147997649336,440.46667119204704,3871.9618055555557,1782.6681765862254,0.23482452876984128,0.16950202332436096,0.14319366216659546,0.07207823544740677,0.02773568220436573,0.04853472113609314
ai_en_097.wav,ai,-153.19308471679688,94.1409683227539,107.91316986083984,78.59492492675781,-9.78945255279541,39.94771957397461,20.757614135742188,28.166919708251953,-4.589110851287842,20.530746459960938,7.550937175750732,16.8663330078125,-25.978668212890625,18.750925064086914,-5.166008949279785,14.912688255310059,-7.014509677886963,13.462445259094238,6.2952752113342285,12.773645401000977,-2.5234272480010986,10.83631706237793,-4.870296478271484,9.718066215515137,-10.85028076171875,9.404314994812012,1670.5305359728836,1156.0168192389592,1387.0937414031885,512.1144340567124,2934.5858134920636,1830.307279603273,0.1780792720734127,0.14091103432203694,0.16977719962596893,0.0845046266913414,0.03151324391365051,0.06360422074794769
ai_en_098.wav,ai,-154.92762756347656,83.61193084716797,91.52823638916016,65.71273803710938,8.812819480895996,41.97711181640625,18.963191986083984,29.25179100036621,-5.012101650238037,22.852325439453125,-16.88130760192871,14.523877143859863,-6.91937255859375,18.12055778503418,-9.143268585205078,12.351018905639648,-13.762948989868164,10.31231689453125,-16.960206985473633,14.17171859741211,-0.614357054233551,11.180158615112305,-10.347859382629395,13.57268238067627,0.005602621007710695,9.175479888916016,1843.8719242011475,1300.7624620183049,1698.1998392962148,601.616792428383,3526.0416666666665,2165.494385104622,0.1853182353670635,0.157360185966908,0.19558177888393402,0.0835740938782692,0.02534567192196846,0.04784826934337616
ai_en_099.wav,ai,-133.42601013183594,71.99732208251953,58.62724685668945,75.89033508300781,18.395050048828125,34.0704460144043,19.61574935913086,37.1240348815918,9.568970680236816,19.02060890197754,-0.2402833104133606,20.567081451416016,7.32932710647583,13.713592529296875,0.4018915891647339,12.057951927185059,-16.696088790893555,13.383811950683594,9.460469245910645,12.817911148071289,-8.932143211364746,12.11635971069336,0.45706942677497864,9.610036849975586,-8.022321701049805,10.169232368469238,2247.9662624733637,1381.8079354692281,1843.5240064563602,408.09341563116124,4073.970734126984,2027.251503321346,0.1991179935515873,0.17017873138385367,0.16829049587249756,0.06284235417842865,0.030730564147233963,0.0413411445915699
ai_en_100.wav,ai,-148.51805114746094,63.32514572143555,71.5002670288086,68.36119079589844,14.169366836547852,30.264385223388672,4.6864752769470215,27.145410537719727,-12.36914348602295,19.998991012573242,-14.01917839050293,17.386756896972656,-10.779926300048828,16.930068969726562,-25.01215362548828,12.671052932739258,-6.451390743255615,16.905166625976562,-24.809223175048828,8.864989280700684,-17.041221618652344,9.512053489685059,-12.385183334350586,7.643494129180908,-16.43950080871582,6.910664081573486,1867.1428008827313,1406.309885659985,1709.6597808730376,513.4268781102168,3331.2251984126983,2260.755679949641,0.16886393229166666,0.16619108955781758,0.22534877061843872,0.08620885014533997,0.02031881920993328,0.03933069854974747
ai_en_101.wav,ai,-141.4758758544922,66.4964599609375,87.95965576171875,81.93131256103516,9.686878204345703,45.35148239135742,26.515869140625,25.554471969604492,2.1127028465270996,22.36145782470703,-0.006606616545468569,16.551162719726562,-16.642230987548828,14.060189247131348,-4.919416904449463,16.90920639038086,-9.832783699035645,10.835773468017578,-11.809540748596191,12.53209400177002,-3.414567232131958,9.014760971069336,-3.3637266159057617,8.92188835144043,-3.8461122512817383,10.111411094665527,2168.6371436510644,1608.7734445470269,1598.5434091237494,605.807134999363,3726.624503968254,2349.4856851216964,0.20126488095238096,0.17017595603286598,0.14881646633148193,0.056456901133060455,0.04143485054373741,0.06534402817487717
ai_en_102.wav,ai,-167.2019805908203,77.86405181884766,59.186275482177734,59.784393310546875,-11.80346965789795,44.18659210205078,5.8956170082092285,27.860477447509766,-9.73473834991455,28.89438819885254,-1.369678020477295,19.431049346923828,-27.628000259399414,15.198406219482422,-11.42420768737793,19.042308807373047,-8.899553298950195,12.061322212219238,-0.6122885942459106,11.597429275512695,-1.7804627418518066,13.184617042541504,-10.322721481323242,13.875368118286133,10.475628852844238,8.323349952697754,2371.3875296243646,1423.631285455561,1710.0049373105817,470.2826767434449,4222.4702380952385,1799.7296903812044,0.2374054439484127,0.1892900478736126,0.12416987866163254,0.06789585202932358,0.02674327977001667,0.042443934828042984
ai_en_103.wav,ai,-163.4468536376953,72.7709732055664,80.64237976074219,98.2538833618164,6.256896495819092,42.47924041748047,23.357406616210938,31.04137420654297,-11.40063762664795,26.328346252441406,1.3333619832992554,15.575539588928223,-24.485759735107422,16.706106185913086,-2.98189115524292,12.975424766540527,-7.05444860458374,10.993108749389648,6.240825653076172,10.802727699279785,-8.526422500610352,9.38095474243164,-3.1554908752441406,9.600529670715332,-9.763490676879883,9.44395637512207,2014.9841259657294,1427.712352293555,1446.6480266293213,491.9323994421195,3366.87748015873,2044.62135889874,0.2142663380456349,0.16675218478050918,0.13834276795387268,0.05989691615104675,0.02973368763923645,0.04139964282512665
ai_en_104.wav,ai,-142.85238647460938,70.40047454833984,79.4420394897461,85.84730529785156,8.6826810836792,42.36475372314453,7.908543109893799,27.234453201293945,4.776737689971924,22.420530319213867,-13.936379432678223,17.04259490966797,-8.213943481445312,16.415632247924805,-5.6376543045043945,16.62514305114746,-3.7738091945648193,13.886280059814453,-16.447694778442383,13.648112297058105,-1.8697350025177002,11.046154022216797,-6.289835453033447,13.391559600830078,-0.7388247847557068,8.441725730895996,2298.7150420454323,1723.4269058434347,1711.1495899984632,620.9476056800125,3984.002976190476,2434.3832732460373,0.24677579365079366,0.19923676794266593,0.1789723038673401,0.08058222383260727,0.032785188406705856,0.05612039193511009
ai_en_105.wav,ai,-152.78216552734375,83.70366668701172,58.21141052246094,85.72184753417969,26.208362579345703,38.165130615234375,5.882437229156494,29.523048400878906,6.028989315032959,19.608163833618164,-1.0442813634872437,19.33454704284668,2.9601800441741943,15.047991752624512,-2.522714138031006,11.218252182006836,-10.064838409423828,11.620405197143555,8.62605094909668,9.36939811706543,-12.093071937561035,9.813314437866211,3.7403724193573,11.31750202178955,-5.694577693939209,11.217550277709961,2573.5325788394675,1695.5526807065582,1815.8429018129527,439.72061743172196,4264.508928571428,2279.929849598866,0.25410388764880953,0.21212671208838482,0.1445663869380951,0.0649934634566307,0.03774019330739975,0.05752844735980034
ai_en_106.wav,ai,-142.5331573486328,64.77274322509766,63.353275299072266,68.75895690917969,18.69916534423828,39.57728576660156,-0.7799096703529358,22.130563735961914,-5.666234016418457,20.690649032592773,-18.456350326538086,15.545320510864258,-11.375473976135254,11.81543254852295,-19.419788360595703,12.804561614990234,-8.601716041564941,13.271832466125488,-16.36317253112793,8.321016311645508,-12.64444351196289,9.116576194763184,-13.872237205505371,11.255350112915039,-10.4590425491333,8.255434036254883,2381.5528168994515,1682.7361678370432,1859.0058206246288,552.6685062768562,4115.9474206349205,2429.660467853664,0.24136207217261904,0.19731590534785495,0.19301268458366394,0.10124343633651733,0.03832833468914032,0.060462675988674164
ai_en_107.wav,ai,-142.64930725097656,66.72987365722656,87.72604370117188,82.43455505371094,9.686867713928223,45.35090255737305,26.736480712890625,25.446857452392578,2.318305253982544,22.606122970581055,-0.009630566462874413,16.534791946411133,-16.860017776489258,14.166388511657715,-5.024356842041016,16.627674102783203,-9.461051940917969,10.904130935668945,-11.809562683105469,12.764671325683594,-3.563089370727539,8.998248100280762,-3.3787410259246826,9.02478313446045,-3.95489764213562,10.009387016296387,2167.4845917871053,1606.5112167149039,1600.0341458408093,607.4776682173052,3728.9806547619046,2351.0776375429377,0.20097811259920634,0.16982677206425806,0.14731141924858093,0.05595279857516289,0.041612282395362854,0.06574719399213791
ai_en_108.wav,ai,-163.17933654785156,77.90331268310547,59.121036529541016,59.73640441894531,-11.586075782775879,44.106693267822266,5.9302754402160645,27.72603988647461,-9.703303337097168,28.782276153564453,-1.4388372898101807,19.35897445678711,-27.560821533203125,15.249351501464844,-11.371143341064453,18.971012115478516,-8.918328285217285,11.933661460876465,-0.7125669121742249,11.51534652709961,-1.8100625276565552,12.996993064880371,-10.352168083190918,13.751931190490723,10.438928604125977,8.234976768493652,2372.0751584588597,1427.5009185337933,1709.0839777496913,470.2448583418338,4212.859623015873,1799.4322421985764,0.23834712921626985,0.18831196680624568,0.12912094593048096,0.07057569175958633,0.026664752513170242,0.042152926325798035
ai_en_109.wav,ai,-163.3751983642578,72.81867980957031,80.61451721191406,98.26112365722656,6.414956092834473,42.771366119384766,23.245243072509766,31.222429275512695,-11.158221244812012,26.367717742919922,1.4986693859100342,15.911274909973145,-24.4597225189209,16.785024642944336,-3.0243661403656006,12.816263198852539,-7.204004287719727,11.052577018737793,6.260865688323975,10.69871711730957,-8.558550834655762,9.192526817321777,-3.048757314682007,9.441120147705078,-9.686507225036621,9.52206802368164,2018.61337499531,1431.2676661632104,1445.860862445599,491.5150136680512,3366.815476190476,2041.6521598557922,0.21435934399801587,0.1667046673462944,0.13871288299560547,0.06011217460036278,0.029458682984113693,0.04101232811808586
ai_en_110.wav,ai,-142.98260498046875,70.34967803955078,79.63549041748047,85.92101287841797,8.652466773986816,42.4503059387207,7.791284084320068,27.15730094909668,4.814398765563965,22.218080520629883,-14.03798770904541,17.054948806762695,-8.164488792419434,16.36261749267578,-5.918377876281738,16.803564071655273,-3.596815586090088,14.014039993286133,-16.48198127746582,13.549131393432617,-1.840516209602356,10.963885307312012,-6.240650177001953,13.488897323608398,-0.9378427267074585,8.298622131347656,2297.911368470377,1724.3232226086548,1710.6086332651073,621.5220463545264,3973.5243055555557,2430.902747444455,0.24816700768849206,0.2003908006939604,0.17896275222301483,0.08066507428884506,0.032760802656412125,0.0561663918197155
ai_en_111.wav,ai,-151.97659301757812,83.85714721679688,58.13064193725586,85.83380126953125,26.136281967163086,38.10080337524414,6.150899410247803,29.294275283813477,5.866613864898682,19.617828369140625,-1.1522434949874878,19.312654495239258,3.035872220993042,14.987959861755371,-2.339416980743408,11.328128814697266,-9.949167251586914,11.759142875671387,8.528688430786133,9.317052841186523,-12.182785987854004,9.931005477905273,3.7841193675994873,11.272137641906738,-5.772698402404785,11.419195175170898,2571.172672428561,1693.7033480119603,1816.529353518809,439.75618985641484,4267.857142857143,2280.756432633933,0.253662109375,0.21238903163318787,0.1458868533372879,0.06556762754917145,0.03715790808200836,0.056569505482912064
ai_en_112.wav,ai,-142.00880432128906,64.63863372802734,63.23378372192383,68.96791076660156,18.494592666625977,39.631038665771484,-0.724474310874939,22.052053451538086,-5.893674850463867,20.508909225463867,-18.555702209472656,15.801400184631348,-11.290019989013672,11.787800788879395,-19.49251365661621,12.83238410949707,-8.707590103149414,13.37900447845459,-16.74186134338379,8.454142570495605,-12.544172286987305,8.948894500732422,-13.560657501220703,11.35527229309082,-10.519584655761719,8.20026969909668,2381.5137378152035,1681.0142963881226,1858.255267604272,553.2523113733192,4122.705853174603,2431.763062067097,0.24169921875,0.19655501161827435,0.19414988160133362,0.10170324146747589,0.03854423388838768,0.06041877344250679
ai_en_113.wav,ai,-144.0497283935547,66.72240447998047,87.8438949584961,82.19586181640625,9.884049415588379,45.442935943603516,26.313997268676758,25.601810455322266,2.2778029441833496,22.52580451965332,0.18560093641281128,16.598196029663086,-16.699602127075195,14.186702728271484,-4.775557041168213,16.798377990722656,-9.636775016784668,10.883964538574219,-11.645903587341309,12.547813415527344,-3.4826176166534424,8.896291732788086,-3.540445566177368,9.024713516235352,-3.946308135986328,10.124173164367676,2170.9903098388277,1610.8715388785324,1599.8176033280347,607.8318212890387,3728.7326388888887,2354.8866610963582,0.20077659970238096,0.16954894880585722,0.1454884558916092,0.05528518557548523,0.04125773534178734,0.06554555147886276
ai_en_114.wav,ai,-166.22467041015625,77.93592834472656,59.004241943359375,59.85262680053711,-11.784950256347656,44.40208053588867,5.925074100494385,27.840959548950195,-9.898622512817383,28.768272399902344,-1.092107892036438,19.052173614501953,-27.787887573242188,15.251908302307129,-11.131010055541992,18.671966552734375,-9.162606239318848,11.726945877075195,-0.5553413033485413,11.507074356079102,-1.705865740776062,13.253202438354492,-10.36697769165039,13.875667572021484,10.422562599182129,8.192854881286621,2370.444205970824,1427.7823316783333,1706.3212137012679,466.9500375466419,4212.673611111111,1797.9572873088944,0.23695203993055555,0.1883681010383717,0.12522608041763306,0.06847558170557022,0.026767561212182045,0.04204379767179489
ai_en_115.wav,ai,-164.50314331054688,72.90535736083984,80.49344635009766,98.2059097290039,6.344759464263916,42.57943344116211,23.07523536682129,31.202096939086914,-11.27934455871582,26.426145553588867,1.56850266456604,15.758018493652344,-24.63352394104004,16.8259220123291,-2.914316177368164,13.008195877075195,-7.048520088195801,11.013185501098633,6.17306661605835,10.616917610168457,-8.496613502502441,9.466761589050293,-3.1280312538146973,9.667309761047363,-9.76484489440918,9.456145286560059,2019.097458439099,1430.4912276239083,1446.9382151763884,491.5895916840291,3371.7757936507937,2043.1348427129822,0.21467711433531747,0.16718995916516727,0.1368739753961563,0.05923591926693916,0.029796715825796127,0.04129667207598686
ai_en_116.wav,ai,-143.0142364501953,70.19316101074219,79.44330596923828,85.94396209716797,8.69080924987793,42.59316635131836,7.79274845123291,27.088483810424805,4.703505992889404,22.498037338256836,-14.043933868408203,17.11981201171875,-8.199889183044434,16.47010612487793,-5.80197811126709,16.679683685302734,-3.7977383136749268,14.033066749572754,-16.558900833129883,13.688185691833496,-1.6834146976470947,10.916374206542969,-6.261457920074463,13.387691497802734,-0.8893350958824158,8.501129150390625,2303.3546095792567,1725.3919137031423,1712.2025927331695,622.8358292582421,3986.8551587301586,2430.112050690132,0.2474152095734127,0.20049575967343972,0.17881998419761658,0.08064613491296768,0.033076487481594086,0.056351739913225174
ai_en_117.wav,ai,-152.866455078125,83.54945373535156,58.11496353149414,85.84398651123047,26.14727210998535,38.1677131652832,6.108078479766846,29.49388313293457,5.7945027351379395,19.65818214416504,-0.9279360175132751,19.433395385742188,2.980800151824951,15.035895347595215,-2.5411570072174072,11.269267082214355,-10.165352821350098,11.82754898071289,8.620543479919434,9.342952728271484,-12.082330703735352,9.957354545593262,3.880934953689575,11.467936515808105,-5.9866623878479,11.362038612365723,2569.7883231278406,1695.053753765664,1813.5394486351663,439.0671781839562,4259.1765873015875,2282.801075149308,0.25375124007936506,0.21237894532430598,0.14462405443191528,0.06498883664608002,0.0371612012386322,0.05635093152523041
ai_en_118.wav,ai,-142.1157684326172,64.69473266601562,63.19320297241211,68.80281066894531,18.534809112548828,39.649925231933594,-0.7738197445869446,22.152603149414062,-5.935600280761719,20.620363235473633,-18.592451095581055,15.639650344848633,-11.364082336425781,11.824505805969238,-19.621721267700195,12.792009353637695,-8.706263542175293,13.355669975280762,-16.531816482543945,8.324479103088379,-12.57357120513916,9.03022575378418,-13.855130195617676,11.172130584716797,-10.564411163330078,8.349905014038086,2380.6280255816127,1681.627869236348,1859.1500831482215,551.6452411030393,4116.195436507936,2429.8886525086464,0.2420324900793651,0.1972282181234354,0.19422678649425507,0.10177338123321533,0.0383768230676651,0.06041661649942398
ai_en_119.wav,ai,-141.1097869873047,66.63501739501953,87.60871124267578,82.27377319335938,9.660263061523438,45.538143157958984,26.526695251464844,25.544593811035156,2.0469963550567627,22.568986892700195,-0.029302703216671944,16.44331932067871,-16.750423431396484,14.142059326171875,-5.287765979766846,16.734830856323242,-9.702644348144531,11.119813919067383,-11.846848487854004,12.727288246154785,-3.5289106369018555,8.983637809753418,-3.382922649383545,9.175641059875488,-4.013424396514893,9.932080268859863,2169.3867441375296,1608.6927300118755,1600.2188896713908,607.1421910413645,3729.1046626984125,2354.622357772064,0.20092385912698413,0.1700058485367861,0.14962606132030487,0.05683574452996254,0.041629061102867126,0.06574027240276337
ai_en_120.wav,ai,-167.17616271972656,77.81157684326172,59.24771499633789,59.842613220214844,-11.697747230529785,44.37904357910156,5.791414260864258,27.793617248535156,-9.883989334106445,28.579011917114258,-1.449556589126587,19.26738166809082,-27.54832649230957,15.306550025939941,-11.323050498962402,18.77108383178711,-9.1119966506958,11.670319557189941,-0.4777199923992157,11.676164627075195,-1.936169981956482,13.342174530029297,-10.44629955291748,14.0352783203125,10.487255096435547,8.533592224121094,2369.5644467299935,1427.023512153012,1707.3882261344584,469.0640982350195,4209.883432539683,1797.5615905884567,0.23799835689484128,0.18868889235989225,0.12434063106775284,0.06810468435287476,0.0269058495759964,0.04288977012038231
ai_en_121.wav,ai,-164.3408203125,72.82945251464844,80.60298919677734,98.48094177246094,6.185206890106201,42.620662689208984,23.343088150024414,31.077205657958984,-11.348342895507812,26.380464553833008,1.2677146196365356,15.539441108703613,-24.49317741394043,16.921907424926758,-2.961549997329712,12.899860382080078,-7.238071918487549,10.940861701965332,6.154684543609619,10.517645835876465,-8.442668914794922,9.409341812133789,-3.149117946624756,9.712921142578125,-9.769567489624023,9.562518119812012,2017.4571390642288,1430.5082565679522,1445.4905321282151,492.6621961078721,3370.1636904761904,2043.421603146406,0.2144562251984127,0.1667509810015647,0.13733336329460144,0.059478677809238434,0.029700199142098427,0.0411330871284008
ai_en_122.wav,ai,-142.77249145507812,70.48672485351562,79.33233642578125,85.8742446899414,8.653738975524902,42.351688385009766,7.708568096160889,27.213956832885742,4.85793399810791,22.204479217529297,-13.954577445983887,17.03843116760254,-8.315641403198242,16.35528564453125,-5.864173412322998,16.74859619140625,-3.9087777137756348,13.908562660217285,-16.469589233398438,13.633008003234863,-1.7469130754470825,10.829842567443848,-6.266719818115234,13.451098442077637,-0.8491136431694031,8.478127479553223,2300.170144081658,1722.2258738212008,1712.7860553209157,620.2595990325033,3985.7390873015875,2434.004221336538,0.2476864769345238,0.20023848546660075,0.17911189794540405,0.08065018057823181,0.032776620239019394,0.05606083571910858
ai_en_123.wav,ai,-152.6890869140625,83.77925872802734,58.39440155029297,85.94709014892578,25.96663475036621,38.1385383605957,6.079490661621094,29.537935256958008,5.8990960121154785,19.481246948242188,-1.183470368385315,19.318017959594727,3.0379087924957275,14.975911140441895,-2.536280393600464,11.279062271118164,-10.145716667175293,11.737408638000488,8.65673828125,9.365950584411621,-12.222639083862305,9.908611297607422,3.8370704650878906,11.211267471313477,-5.908547401428223,11.35554313659668,2568.514299796081,1695.4030761677716,1813.3370235171187,439.6088498912773,4257.688492063492,2282.6431741084884,0.25403025793650796,0.2124389099060549,0.14511951804161072,0.06528341770172119,0.03719489648938179,0.05644983798265457
ai_en_124.wav,ai,-141.9778289794922,64.71012878417969,63.35145950317383,68.74808502197266,18.590723037719727,39.5771598815918,-0.7881101965904236,22.089834213256836,-5.9053635597229,20.55250358581543,-18.531696319580078,15.830811500549316,-11.575000762939453,11.898406028747559,-19.70786476135254,12.755041122436523,-8.668591499328613,13.393279075622559,-16.678205490112305,8.442543983459473,-12.444046974182129,9.025005340576172,-14.064247131347656,11.265617370605469,-10.503196716308594,8.14637565612793,2380.0892017185492,1681.479298839485,1858.2612917921435,552.6622090092785,4113.405257936508,2428.5745099298756,0.24166434151785715,0.19719376806195069,0.1943153440952301,0.10189735144376755,0.03855566680431366,0.06095495447516441
ai_en_125.wav,ai,-141.41415405273438,66.49530792236328,87.95366668701172,82.03822326660156,9.508806228637695,45.26705551147461,26.361194610595703,25.41608238220215,1.8400479555130005,22.47275161743164,0.08280403167009354,16.534400939941406,-16.82564353942871,13.892735481262207,-4.912478923797607,17.118906021118164,-9.861467361450195,11.030393600463867,-11.8985013961792,12.57649040222168,-3.4590253829956055,9.031847953796387,-3.549793004989624,8.995182991027832,-3.9897451400756836,10.10684871673584,2164.3496744871404,1605.4928131419656,1597.6810860086503,606.7392578820048,3721.6641865079364,2349.321819104002,0.20042782738095238,0.1691355261784009,0.14906640350818634,0.05662981793284416,0.04179668799042702,0.06562518328428268
ai_en_126.wav,ai,-163.01548767089844,77.8248291015625,59.057884216308594,59.78099822998047,-11.61708927154541,44.40509796142578,5.906631946563721,27.8572940826416,-9.842291831970215,28.70493507385254,-1.3402894735336304,19.515745162963867,-27.54183578491211,15.318374633789062,-11.473349571228027,18.88848114013672,-9.029626846313477,11.865360260009766,-0.6796531081199646,11.802610397338867,-1.8658415079116821,13.330986976623535,-10.183305740356445,13.878274917602539,10.398416519165039,8.51200008392334,2375.339008511805,1428.7578358938008,1709.5896232896828,470.8466070487917,4221.664186507936,1799.2750357261625,0.23797898065476192,0.18852593891150382,0.1294831931591034,0.07082924246788025,0.026349032297730446,0.04174871742725372
ai_en_127.wav,ai,-162.18614196777344,72.71492767333984,80.80460357666016,98.28142547607422,6.305557727813721,42.73366928100586,23.176843643188477,31.17946434020996,-11.266331672668457,26.366714477539062,1.4874505996704102,15.669854164123535,-24.692811965942383,16.954553604125977,-2.8964784145355225,12.981108665466309,-7.257578372955322,10.998307228088379,6.3480610847473145,10.691717147827148,-8.440234184265137,9.402941703796387,-3.1620304584503174,9.607372283935547,-9.805804252624512,9.477445602416992,2014.8307990190735,1429.266156829117,1445.1886765883048,491.88860378183375,3365.9474206349205,2041.1601514767237,0.21374317956349206,0.16652063303161818,0.1405315101146698,0.06089739128947258,0.029410434886813164,0.04089362546801567
ai_en_128.wav,ai,-143.00296020507812,70.38408660888672,79.48904418945312,85.99390411376953,8.525824546813965,42.41555404663086,7.74475622177124,27.225444793701172,4.8252434730529785,22.519569396972656,-13.815109252929688,16.999284744262695,-8.275679588317871,16.506454467773438,-5.816832065582275,16.622291564941406,-3.7346699237823486,13.959863662719727,-16.388750076293945,13.772392272949219,-1.9615511894226074,10.916468620300293,-6.133195877075195,13.472818374633789,-0.8495229482650757,8.57403564453125,2298.2586212900856,1723.8088960549246,1709.9040066178118,620.5283617359415,3978.9186507936506,2432.9801060138757,0.24681842137896826,0.1990255752841748,0.17900583148002625,0.08064600080251694,0.03284233435988426,0.0561332181096077
ai_en_129.wav,ai,-152.9931182861328,83.63280487060547,58.24174880981445,85.83358001708984,26.113529205322266,38.05138397216797,5.991255283355713,29.653461456298828,5.859212398529053,19.59634780883789,-1.0863215923309326,19.29633903503418,3.101215362548828,15.23759937286377,-2.4287109375,11.341076850891113,-10.204763412475586,11.753371238708496,8.760618209838867,9.360920906066895,-12.202947616577148,9.957195281982422,3.8431613445281982,11.282181739807129,-5.742837905883789,11.330137252807617,2569.566751093736,1693.8242976133372,1813.89442252262,438.21350690558273,4254.774305555556,2277.6870798092577,0.2545960441468254,0.2123429619266581,0.14474861323833466,0.06510352343320847,0.0370950810611248,0.056412991136312485
ai_en_130.wav,ai,-141.88250732421875,64.72457885742188,63.01963424682617,68.76776885986328,18.576904296875,39.488433837890625,-0.74986332654953,22.208410263061523,-5.854243278503418,20.57477378845215,-18.5524959564209,15.679464340209961,-11.457926750183105,11.902968406677246,-19.387046813964844,12.877677917480469,-8.42789363861084,13.13364028930664,-16.540809631347656,8.405816078186035,-12.523234367370605,9.147378921508789,-13.640352249145508,11.44479751586914,-10.328394889831543,8.242781639099121,2379.963663956495,1680.3177411055017,1859.1220078198535,551.5867533099754,4115.389384920635,2431.268816836162,0.24153645833333334,0.19694236204616258,0.19446253776550293,0.10184843093156815,0.03834325075149536,0.060287196189165115
ai_gu_001.wav,ai,-136.3144073486328,91.79048156738281,99.5987548828125,61.66570281982422,4.566518783569336,27.99105453491211,23.436187744140625,35.12269973754883,12.784457206726074,21.957918167114258,-5.49959659576416,14.357635498046875,-10.439901351928711,19.44489288330078,-8.09797477722168,11.425848007202148,-18.150876998901367,12.399332046508789,-8.218400955200195,12.887231826782227,-11.179693222045898,10.592214584350586,-3.184140682220459,12.323135375976562,-14.94517707824707,9.59197998046875,1603.110698286375,1106.020029619519,1547.1968160621577,424.9991942155977,2875.8680555555557,1808.4594179598355,0.14536055307539683,0.1460909905414363,0.186811164021492,0.07934923470020294,0.030269885435700417,0.06152034550905228
ai_gu_002.wav,ai,-212.4644012451172,91.54605102539062,77.91486358642578,50.944297790527344,-13.233698844909668,34.459781646728516,18.898324966430664,27.314350128173828,-19.853878021240234,17.654354095458984,-18.108835220336914,23.137985229492188,-16.28299903869629,16.41644287109375,-37.390472412109375,15.008820533752441,-22.179622650146484,15.28958797454834,-20.573774337768555,9.872946739196777,-16.366878509521484,11.628377914428711,-20.4423828125,11.784482955932617,-7.5452985763549805,9.87853717803955,1424.7529448581836,769.50911202222,1471.9588785205115,400.70272786314996,2611.9791666666665,1404.354156357354,0.08265904017857142,0.07870382463550134,0.1489628702402115,0.05623480677604675,0.006987352389842272,0.019869055598974228
ai_gu_003.wav,ai,-129.4692840576172,83.04866027832031,101.84422302246094,61.240848541259766,2.2230873107910156,27.7131404876709,23.640426635742188,36.4163818359375,10.162781715393066,21.385408401489258,-7.147223949432373,14.228456497192383,-11.288545608520508,19.488489151000977,-10.214339256286621,10.756125450134277,-19.005613327026367,12.628905296325684,-7.511805534362793,12.209246635437012,-10.711874961853027,11.601101875305176,-2.360949993133545,11.99036693572998,-15.268877983093262,10.303183555603027,1595.2850095866481,1071.1806590354158,1533.155009213835,415.3332484417528,2858.0729166666665,1777.8811273355393,0.14881339905753968,0.14093057258089206,0.18637558817863464,0.07505660504102707,0.0276571586728096,0.05709308385848999
ai_gu_004.wav,ai,-213.7263946533203,93.5907211303711,77.40861511230469,50.86124801635742,-11.471637725830078,33.68192672729492,18.330312728881836,27.597301483154297,-15.666237831115723,17.815515518188477,-18.91700553894043,23.86856460571289,-11.711599349975586,15.562650680541992,-36.32942199707031,14.758696556091309,-22.424150466918945,14.704655647277832,-19.703641891479492,9.986685752868652,-15.5270357131958,11.086127281188965,-20.86570167541504,11.233245849609375,-9.701763153076172,9.958267211914062,1426.8107538075071,766.4413198734586,1495.4118593483602,391.57057025628086,2596.2301587301586,1395.4392693717048,0.08346121651785714,0.07873351884497376,0.1483544260263443,0.05860867351293564,0.007326330058276653,0.02156396023929119
ai_gu_005.wav,ai,-134.4022216796875,86.13522338867188,99.67223358154297,64.4635238647461,5.832864761352539,28.844505310058594,19.130144119262695,32.393104553222656,16.758596420288086,22.512056350708008,-3.0533435344696045,15.34561538696289,-9.83587646484375,18.557640075683594,-7.023008346557617,11.420490264892578,-17.544864654541016,12.041670799255371,-8.26386547088623,12.760966300964355,-11.35262680053711,10.011366844177246,-2.4698619842529297,13.654423713684082,-15.686932563781738,9.543517112731934,1616.3309145126686,1170.0139449769556,1554.2733226966266,421.56269157803337,2836.433531746032,1928.6740202431154,0.15259564112103174,0.1534634168043762,0.18812832236289978,0.08022766560316086,0.03082454763352871,0.0611860565841198
ai_gu_006.wav,ai,-202.74354553222656,84.03018188476562,74.1034927368164,56.185890197753906,-15.75664234161377,34.98647689819336,16.43120002746582,28.25425910949707,-28.991920471191406,19.79698371887207,-14.305834770202637,21.610721588134766,-25.78279685974121,17.30035400390625,-37.11529541015625,15.072274208068848,-21.96143341064453,14.107699394226074,-19.689603805541992,8.200233459472656,-17.53376579284668,12.075658798217773,-15.878593444824219,9.871073722839355,-7.154853820800781,8.971192359924316,1518.6923540123344,888.6224142761001,1445.1605292537276,391.2006471786066,2757.874503968254,1494.9321398964366,0.09887307787698413,0.09808825164148215,0.15036959946155548,0.05106959864497185,0.009049751795828342,0.02369348518550396
ai_gu_007.wav,ai,-135.17791748046875,88.01995849609375,98.64299774169922,67.51651000976562,7.600793838500977,29.131439208984375,14.64365005493164,27.968711853027344,18.15422821044922,23.081933975219727,-0.4161207675933838,16.027912139892578,-9.261507987976074,16.43082618713379,-6.375644683837891,13.664948463439941,-16.555110931396484,12.004619598388672,-8.00939655303955,11.763384819030762,-11.045649528503418,9.688130378723145,-2.8907604217529297,14.771649360656738,-13.871538162231445,9.8499755859375,1658.8557125161753,1251.6598966136485,1567.7586472492626,410.01072127871896,2876.6741071428573,2017.6263037632484,0.15614536830357142,0.15871058586523834,0.1887912005186081,0.08434683084487915,0.0326169915497303,0.06330413371324539
ai_gu_008.wav,ai,-200.5186309814453,80.8971176147461,73.77352142333984,54.454158782958984,-19.130964279174805,36.362552642822266,13.742538452148438,28.74396514892578,-33.272274017333984,21.644102096557617,-12.414298057556152,21.89809799194336,-32.52164077758789,17.387243270874023,-35.369693756103516,16.01162338256836,-22.19597816467285,13.94974422454834,-18.759498596191406,8.156709671020508,-18.844440460205078,12.167205810546875,-13.824421882629395,9.635016441345215,-9.278032302856445,9.372445106506348,1523.6285939197876,891.3363022375166,1413.7963867213887,376.0945026419686,2746.651785714286,1516.7305777111092,0.10211666046626984,0.09773055583079512,0.1512671560049057,0.04946345463395119,0.008862573653459549,0.024934906512498856
ai_gu_009.wav,ai,-134.30032348632812,90.1963882446289,96.21621704101562,67.87128448486328,10.550217628479004,30.168277740478516,12.46671199798584,27.168926239013672,19.1373233795166,24.035959243774414,1.9262739419937134,17.332721710205078,-6.762757301330566,15.031847953796387,-5.277024745941162,14.789641380310059,-14.76319408416748,12.246498107910156,-9.511012077331543,11.377399444580078,-10.491416931152344,9.659241676330566,-3.0114715099334717,14.24797534942627,-12.419903755187988,10.54025936126709,1683.249663402348,1264.9421002939353,1603.9714508584289,413.5266230334891,2907.4280753968255,2050.9027310628285,0.15266539558531747,0.15647861967078694,0.19767709076404572,0.09294584393501282,0.035172656178474426,0.06581657379865646
ai_gu_010.wav,ai,-206.79400634765625,88.18724060058594,70.77067565917969,58.353919982910156,-14.801592826843262,35.051918029785156,18.416751861572266,26.960718154907227,-23.684772491455078,18.003713607788086,-16.990171432495117,22.690624237060547,-21.318174362182617,16.98874855041504,-37.00788879394531,15.418967247009277,-22.199018478393555,15.209738731384277,-20.287799835205078,8.405484199523926,-17.17390251159668,11.365260124206543,-18.429759979248047,11.32485294342041,-6.98091459274292,9.318774223327637,1539.1583814185458,930.0212853639196,1465.7284387039151,389.4408389143762,2769.779265873016,1550.3341748997248,0.09723772321428571,0.09564487404474274,0.15029749274253845,0.055812034755945206,0.010701089166104794,0.029079021885991096
ai_gu_011.wav,ai,-136.83517456054688,91.59309387207031,99.48773193359375,61.812042236328125,4.615869998931885,27.856473922729492,23.28403091430664,35.15863800048828,12.667287826538086,21.803937911987305,-5.521807670593262,14.578550338745117,-10.215465545654297,19.31662368774414,-8.105683326721191,11.592400550842285,-17.910680770874023,12.599896430969238,-8.289536476135254,12.840282440185547,-11.389938354492188,10.595685005187988,-3.159320116043091,12.324576377868652,-14.876574516296387,9.631669998168945,1605.6768449037208,1112.408362957023,1546.6326058046989,423.62742328038985,2877.9761904761904,1814.1255007971283,0.1454535590277778,0.14692904644494287,0.1855514496564865,0.07878702878952026,0.030396942049264908,0.0616811066865921
ai_gu_012.wav,ai,-211.6360321044922,91.3760757446289,77.75096130371094,51.05010223388672,-12.997671127319336,34.47205352783203,18.86948013305664,27.388032913208008,-19.891143798828125,17.70607566833496,-17.990602493286133,23.221233367919922,-16.233924865722656,16.36208152770996,-37.34566879272461,14.742106437683105,-22.2227725982666,15.2130126953125,-20.67415428161621,9.859208106994629,-16.43779945373535,11.620140075683594,-20.50648307800293,11.913111686706543,-7.442965030670166,9.960212707519531,1426.4298030418843,769.4684437160372,1473.1012370120454,399.43966344675005,2614.0252976190477,1402.011904383623,0.0829070560515873,0.07854205797114865,0.15009140968322754,0.056709371507167816,0.006955667864531279,0.01979389227926731
ai_gu_013.wav,ai,-129.53627014160156,83.12432098388672,102.0682144165039,60.64078903198242,1.9469783306121826,27.38711166381836,23.927879333496094,36.38517761230469,9.875410079956055,21.271150588989258,-6.880579948425293,14.212812423706055,-11.332525253295898,19.54265022277832,-9.922720909118652,11.09915542602539,-19.01838493347168,12.654305458068848,-7.47668981552124,12.27216911315918,-11.099878311157227,11.512269973754883,-2.067274570465088,11.949152946472168,-15.26329231262207,10.29384708404541,1590.9490370118358,1060.8600901168734,1531.6654845445423,413.36047729249276,2854.6626984126983,1767.1670400426653,0.1483096168154762,0.14070392497731252,0.18631567060947418,0.07512766122817993,0.027041973546147346,0.05625374615192413
ai_gu_014.wav,ai,-213.70912170410156,93.58724212646484,77.56194305419922,50.76969909667969,-11.385560035705566,33.668155670166016,18.257049560546875,27.68082046508789,-15.784708976745605,17.804670333862305,-19.001955032348633,24.00420570373535,-11.698051452636719,15.490106582641602,-36.12572479248047,14.94400691986084,-22.474708557128906,14.932305335998535,-19.728723526000977,9.972753524780273,-15.56397533416748,11.417322158813477,-21.025663375854492,11.091835975646973,-9.78466796875,9.961875915527344,1425.9110330965395,766.3248267728455,1494.9553568174372,393.736143036898,2594.8660714285716,1401.740494101781,0.08290318080357142,0.07869533127970763,0.1484164446592331,0.05863277614116669,0.007304633967578411,0.021517938002943993
ai_gu_015.wav,ai,-131.05076599121094,85.83285522460938,99.57421875,64.53784942626953,5.701962947845459,28.799345016479492,19.070911407470703,32.47377395629883,16.68068504333496,22.50041961669922,-3.08776593208313,15.371400833129883,-9.992762565612793,18.659698486328125,-6.839901447296143,11.347762107849121,-17.621931076049805,12.099252700805664,-8.338363647460938,12.727004051208496,-11.360228538513184,10.07829761505127,-2.4017515182495117,13.835259437561035,-15.787501335144043,9.426958084106445,1618.5912548597157,1170.038228531756,1554.8021927411633,420.0174363718387,2840.9598214285716,1924.209937583567,0.1529056609623016,0.15342526701107106,0.19456824660301208,0.08283710479736328,0.030824564397335052,0.06128250062465668
ai_gu_016.wav,ai,-202.3076629638672,84.1713638305664,74.05142974853516,56.430721282958984,-15.274453163146973,34.45098114013672,16.40610122680664,28.0935115814209,-28.641319274902344,19.53950309753418,-14.382829666137695,21.814014434814453,-25.552165985107422,17.36701202392578,-36.98752212524414,15.236526489257812,-21.900657653808594,14.317052841186523,-19.59345817565918,8.367650032043457,-17.512714385986328,11.911858558654785,-15.801215171813965,9.77910327911377,-7.149951934814453,8.980325698852539,1520.4427674587614,889.7280214422922,1446.6433243673255,391.47118221069076,2754.5262896825398,1497.40047656326,0.09948924231150794,0.09868535773484283,0.15040433406829834,0.0508929081261158,0.009152679704129696,0.023848041892051697
ai_gu_017.wav,ai,-137.79071044921875,88.0895767211914,98.58478546142578,67.31756591796875,7.639431953430176,29.186113357543945,14.66524600982666,27.958179473876953,18.34784507751465,23.20331382751465,-0.4567391276359558,16.215045928955078,-9.150877952575684,16.33574867248535,-6.379413604736328,13.59854793548584,-16.58064842224121,12.13791275024414,-7.912005424499512,11.817462921142578,-11.163275718688965,9.614070892333984,-2.830420970916748,14.70187759399414,-13.883708000183105,9.811539649963379,1657.9473903438397,1248.6490313994354,1570.0250911040919,412.2309148307278,2879.8363095238096,2021.5424649086988,0.15660652281746032,0.15919179318013565,0.18467839062213898,0.08282694220542908,0.03240927308797836,0.06358099728822708
ai_gu_018.wav,ai,-199.62277221679688,80.98236083984375,73.77423095703125,54.59121322631836,-18.941871643066406,36.28776550292969,13.743719100952148,28.513534545898438,-33.33368682861328,21.531173706054688,-12.248869895935059,21.92911720275879,-32.376834869384766,17.529178619384766,-35.2466926574707,15.986861228942871,-22.081878662109375,14.233503341674805,-18.532575607299805,8.246553421020508,-18.82106590270996,12.239067077636719,-13.655303001403809,9.694241523742676,-9.002289772033691,9.2683744430542,1525.5663534090247,893.6265996184057,1413.4899434819063,378.4888251255192,2753.472222222222,1520.709922026265,0.10221354166666667,0.09800133180223077,0.1528146117925644,0.04992756247520447,0.008745573461055756,0.024551603943109512
ai_gu_019.wav,ai,-134.23252868652344,90.18758392333984,96.27837371826172,67.76045989990234,10.548659324645996,30.165924072265625,12.42973804473877,27.175525665283203,19.14607810974121,24.136198043823242,1.9932219982147217,17.18440055847168,-6.7397966384887695,14.977527618408203,-5.08173131942749,14.777461051940918,-14.651224136352539,12.073723793029785,-9.601637840270996,11.392370223999023,-10.29089641571045,9.67824649810791,-3.1222198009490967,14.300911903381348,-12.51799488067627,10.444941520690918,1681.9995418849053,1263.6667167073037,1604.576518839879,413.8708383049883,2905.93998015873,2046.965495582233,0.15272352430555555,0.1574255051050047,0.197755366563797,0.09298380464315414,0.03539774939417839,0.0664769634604454
ai_gu_020.wav,ai,-206.8303985595703,88.11832427978516,70.90154266357422,58.29186248779297,-14.715607643127441,35.146484375,18.592172622680664,27.134990692138672,-23.573692321777344,17.99728012084961,-17.0460147857666,22.981571197509766,-21.3203125,16.975187301635742,-37.08794403076172,15.724327087402344,-22.1332950592041,15.250082015991211,-20.509172439575195,8.48442554473877,-16.95889663696289,11.415504455566406,-18.454320907592773,11.486177444458008,-7.045285224914551,9.438244819641113,1539.3847476372114,928.6005964501343,1467.248198561715,388.08667290664613,2766.7410714285716,1546.251613720637,0.09772987971230158,0.09593881104812098,0.1502722054719925,0.055718954652547836,0.010542619042098522,0.028569672256708145
ai_hi_001.wav,ai,-114.98931884765625,76.87816619873047,106.80146026611328,54.47230529785156,-1.1460155248641968,28.662036895751953,22.29250717163086,40.64895248413086,4.02635383605957,23.51532745361328,-6.021622180938721,16.790206909179688,-4.201226234436035,17.31956672668457,-6.042006015777588,10.644071578979492,-21.856184005737305,12.837702751159668,-2.940598726272583,13.597780227661133,-12.720917701721191,12.143391609191895,0.4528201222419739,12.294488906860352,-21.461029052734375,11.55078125,1490.7949882842063,820.2229944877821,1526.1860759901713,394.74376497498815,2736.4211309523807,1535.3333939745573,0.12061321924603174,0.09498290058894367,0.19512999057769775,0.06770390272140503,0.017261823639273643,0.0389256626367569
ai_hi_002.wav,ai,-193.4127960205078,111.9101791381836,74.14743041992188,65.46369171142578,-19.463666915893555,36.57218933105469,1.4526104927062988,26.83085060119629,-18.993383407592773,27.487220764160156,-20.05605697631836,25.01286506652832,-19.615331649780273,16.355491638183594,-32.13263702392578,13.766949653625488,-17.10826301574707,12.58867359161377,-15.88415241241455,12.048727035522461,-15.978021621704102,11.325486183166504,-16.68136215209961,12.635007858276367,-8.324117660522461,8.31827449798584,1768.8763467655626,1292.0846925818405,1482.5609081721254,444.281397784994,3009.7346230158732,1824.9329003090397,0.16457015749007936,0.15343375606806045,0.149301216006279,0.06391656398773193,0.011977781541645527,0.027951626107096672
ai_hi_003.wav,ai,-137.371337890625,88.51729583740234,106.3251724243164,50.702964782714844,7.387650966644287,26.056764602661133,25.063791275024414,38.270729064941406,7.139811992645264,16.386600494384766,-9.487210273742676,15.163267135620117,-6.00599479675293,16.95821762084961,-9.942362785339355,12.484094619750977,-24.354270935058594,13.71962833404541,-7.157895088195801,11.33011531829834,-14.518357276916504,11.428579330444336,-11.677447319030762,14.021475791931152,-14.307709693908691,10.156518936157227,1302.3368626450126,776.9245206361832,1483.6025815322332,333.47906640988043,2401.847718253968,1379.1520469637667,0.09618753100198413,0.10468753282449776,0.22048558294773102,0.09046272188425064,0.012326046824455261,0.032555464655160904
ai_hi_004.wav,ai,-186.96188354492188,90.09857177734375,71.5273208618164,62.30744552612305,-19.02799415588379,35.361228942871094,-3.1545357704162598,37.722694396972656,-18.14307403564453,26.77753448486328,-15.82443904876709,22.79282569885254,-12.776330947875977,17.602489471435547,-35.00463104248047,14.854019165039062,-20.406902313232422,14.412683486938477,-15.54699420928955,12.499258041381836,-17.435565948486328,9.195771217346191,-13.297361373901367,13.840997695922852,-14.64510440826416,11.464102745056152,1752.3580767155386,1112.1612891578725,1563.0750216398799,472.9700186300783,3031.125992063492,1840.2889752258488,0.146728515625,0.135982598930354,0.15464065968990326,0.06964047253131866,0.012092401273548603,0.027689015492796898
ai_hi_005.wav,ai,-123.78646850585938,75.19451904296875,90.37700653076172,58.7252082824707,12.402899742126465,23.566001892089844,31.384992599487305,34.3134651184082,22.3513240814209,19.22782325744629,-5.333763122558594,15.524022102355957,-10.928229331970215,15.738533973693848,-2.6392974853515625,11.422932624816895,-22.069225311279297,12.617119789123535,-11.819894790649414,9.750965118408203,-15.449563026428223,12.739161491394043,-6.526277542114258,11.759912490844727,-16.179832458496094,7.623282432556152,1646.6628192104133,1125.4580718294742,1656.3670160853526,462.40830908650133,3157.9861111111113,1886.0544688594016,0.1513245597718254,0.14693378301323687,0.20550404489040375,0.0784873217344284,0.02433788776397705,0.05034323036670685
ai_hi_006.wav,ai,-188.85073852539062,88.53160858154297,54.214420318603516,58.5121955871582,-24.846830368041992,38.864036560058594,7.326197147369385,34.00307083129883,-30.667722702026367,22.976947784423828,-22.355026245117188,24.493452072143555,-20.895475387573242,17.056325912475586,-31.594505310058594,15.302007675170898,-21.84648895263672,14.548279762268066,-18.650554656982422,9.49757194519043,-14.615395545959473,11.185608863830566,-13.435795783996582,10.341226577758789,-13.23957347869873,11.807433128356934,2011.4946487535885,1222.776063347417,1574.5958551991864,502.3232337617583,3525.5456349206347,1893.5390961586568,0.21666511656746032,0.16477274434998432,0.1542825549840927,0.06705041974782944,0.023865804076194763,0.055522818118333817
ai_hi_007.wav,ai,-137.45339965820312,98.83792877197266,103.91631317138672,55.570526123046875,10.893998146057129,29.387765884399414,15.733186721801758,25.870664596557617,12.535861015319824,21.851905822753906,-2.6868836879730225,17.66738510131836,-6.886842727661133,15.902661323547363,-1.7925573587417603,13.278310775756836,-20.744131088256836,12.667134284973145,-9.285815238952637,13.005929946899414,-8.843352317810059,11.572909355163574,-6.205018520355225,16.259206771850586,-17.365140914916992,9.63803482055664,1475.3385631323702,1073.5476105549674,1558.0467698345246,415.4443308578468,2641.6790674603176,1841.9992258145396,0.12575567336309523,0.13903876870951606,0.20788632333278656,0.0887676551938057,0.018327312543988228,0.041822995990514755
ai_hi_008.wav,ai,-196.14971923828125,133.27357482910156,85.36956787109375,46.91492462158203,-33.1498908996582,34.630619049072266,-5.146300315856934,32.25636672973633,-37.02525329589844,21.85531997680664,-13.87699031829834,23.1842098236084,-25.009897232055664,15.49819564819336,-23.916229248046875,14.36173152923584,-13.205367088317871,12.675165176391602,-20.03820037841797,11.257523536682129,-16.685516357421875,12.412055969238281,-13.998908042907715,9.17326545715332,-17.129919052124023,10.53874397277832,1485.0267517707853,832.1343590502076,1359.9748485203831,442.1174967631949,2637.3387896825398,1582.4967786966868,0.1127658420138889,0.11120828993966411,0.17758625745773315,0.07696077227592468,0.028829893097281456,0.09299911558628082
ai_hi_009.wav,ai,-122.91893005371094,68.53043365478516,109.7706298828125,58.65673828125,1.4082924127578735,22.26074981689453,16.921977996826172,29.569507598876953,20.128219604492188,18.770126342773438,-0.5833608508110046,13.992217063903809,-9.838423728942871,16.83903694152832,-0.32549285888671875,12.769240379333496,-15.003678321838379,10.815052032470703,-12.075161933898926,11.314811706542969,-9.853653907775879,10.992969512939453,-3.4980969429016113,13.671333312988281,-15.343161582946777,9.083205223083496,1394.9621766334108,901.2260895672864,1508.6048566918994,375.50260393050314,2504.21626984127,1636.0378671901617,0.10537186879960317,0.09879068921430835,0.19039176404476166,0.07021135091781616,0.019422106444835663,0.046174127608537674
ai_hi_010.wav,ai,-190.9784698486328,94.74297332763672,76.75032043457031,46.806297302246094,-15.488353729248047,37.566680908203125,9.096122741699219,31.257774353027344,-28.844327926635742,21.196819305419922,-19.08544921875,21.409116744995117,-18.201101303100586,18.75957679748535,-31.572948455810547,15.158992767333984,-18.989166259765625,11.882575988769531,-18.034664154052734,11.137250900268555,-16.2902889251709,10.552726745605469,-19.0700626373291,12.167738914489746,-11.383927345275879,10.12654972076416,1525.24116745959,753.5577373184384,1539.0463817284171,396.0774137675844,2855.902777777778,1375.8035464447469,0.1018647693452381,0.08535919597918286,0.15713690221309662,0.06577987223863602,0.008154639042913914,0.022961193695664406
ai_hi_011.wav,ai,-115.47344970703125,76.70370483398438,107.04179382324219,54.78767395019531,-1.4356926679611206,29.03110122680664,22.40434455871582,40.478919982910156,4.1119585037231445,23.394853591918945,-6.089223861694336,16.618505477905273,-4.029156684875488,17.391000747680664,-6.346128463745117,10.659896850585938,-21.913602828979492,13.037116050720215,-3.0169858932495117,13.59907054901123,-12.740250587463379,12.3152494430542,0.4324386417865753,12.326573371887207,-21.302236557006836,11.765063285827637,1488.9832361111871,821.1422713844422,1523.0307953169513,398.2877942491381,2733.3829365079364,1536.7937436961727,0.12151615203373016,0.09497093430816005,0.1949947029352188,0.06756078451871872,0.017126107588410378,0.03861748054623604
ai_hi_012.wav,ai,-193.49160766601562,111.85538482666016,74.26513671875,65.08952331542969,-19.489118576049805,36.644222259521484,1.6740894317626953,26.803728103637695,-19.09663200378418,27.508663177490234,-19.86551856994629,24.704280853271484,-19.61870002746582,16.244657516479492,-32.28437423706055,14.03132152557373,-17.108537673950195,12.454405784606934,-15.93332576751709,12.176078796386719,-16.052635192871094,11.483968734741211,-16.955677032470703,12.741394996643066,-8.290366172790527,8.405486106872559,1767.1044911346182,1291.79970271558,1480.5075457100347,444.88560166259066,3007.316468253968,1822.3648574979106,0.16467091393849206,0.15353129043941574,0.14931730926036835,0.06389870494604111,0.011944038793444633,0.027934620156884193
ai_hi_013.wav,ai,-137.38031005859375,88.58748626708984,106.38015747070312,50.84193801879883,7.360824108123779,25.94162940979004,25.24827766418457,38.17988586425781,7.216161727905273,16.5670223236084,-9.543601036071777,15.116378784179688,-5.976930141448975,16.929203033447266,-9.893843650817871,12.572607040405273,-24.183086395263672,13.665337562561035,-7.204834938049316,11.373371124267578,-14.488539695739746,11.31525993347168,-11.701272964477539,13.702605247497559,-14.185473442077637,10.223614692687988,1301.8741104922576,777.6403141387702,1482.1103373267156,334.85003072886843,2402.281746031746,1379.993085343855,0.09645879836309523,0.10443247726280792,0.22046123445034027,0.09051847457885742,0.012300665490329266,0.03248879685997963
ai_hi_014.wav,ai,-186.7071990966797,90.24715423583984,71.06340789794922,62.16337203979492,-18.879262924194336,35.244606018066406,-3.1581223011016846,37.74192810058594,-18.3316650390625,27.08734130859375,-15.841730117797852,22.854970932006836,-12.978094100952148,17.57950210571289,-34.85690689086914,14.81715202331543,-20.567224502563477,14.232449531555176,-15.795559883117676,12.528729438781738,-17.415843963623047,9.285426139831543,-13.7892484664917,13.658724784851074,-14.469982147216797,11.292265892028809,1753.2797038311335,1110.4958951725382,1565.8273334407972,471.6279537069081,3039.000496031746,1836.2856116358898,0.14731367807539683,0.13613213905363736,0.15468604862689972,0.06952302902936935,0.012072027660906315,0.027670331299304962
ai_hi_015.wav,ai,-120.24592590332031,75.46583557128906,90.01419067382812,58.31186294555664,12.416894912719727,23.40591812133789,31.14929962158203,34.50251770019531,22.266767501831055,19.033443450927734,-5.591582775115967,15.370858192443848,-10.696189880371094,15.652558326721191,-2.7276501655578613,11.397554397583008,-22.180030822753906,12.626028060913086,-11.919805526733398,9.494585990905762,-15.4989652633667,12.680306434631348,-6.5831098556518555,11.803003311157227,-16.18885040283203,7.635927677154541,1651.7854859065474,1129.3677432497461,1660.1609727761415,461.9090267806713,3162.5744047619046,1888.1995795635667,0.15256851438492064,0.1485388038148124,0.21184729039669037,0.08078822493553162,0.024536320939660072,0.05068808048963547
ai_hi_016.wav,ai,-186.57681274414062,88.74313354492188,54.50859069824219,58.348976135253906,-24.985198974609375,39.160709381103516,7.386204242706299,34.02054977416992,-30.616714477539062,23.202619552612305,-22.536357879638672,24.719200134277344,-20.953720092773438,16.978578567504883,-31.72246742248535,15.312898635864258,-21.777971267700195,14.651257514953613,-18.889925003051758,9.676591873168945,-14.477746963500977,11.082622528076172,-13.548053741455078,10.580120086669922,-13.262271881103516,11.966216087341309,2014.4468372127405,1228.9068631302898,1574.8455556679614,503.8845301449111,3521.7633928571427,1890.3215167287249,0.2180718315972222,0.16690622973782243,0.1578732281923294,0.06856120377779007,0.023732146248221397,0.05459737405180931
ai_hi_017.wav,ai,-137.41848754882812,98.86953735351562,103.76641845703125,55.56362533569336,11.003543853759766,29.302631378173828,15.819021224975586,26.15412139892578,12.634188652038574,21.825891494750977,-2.6384644508361816,17.76129150390625,-6.669506549835205,15.827589988708496,-1.7959232330322266,13.177706718444824,-20.657594680786133,12.642621994018555,-9.220425605773926,12.885624885559082,-8.789380073547363,11.772666931152344,-6.267646789550781,16.348501205444336,-17.263404846191406,9.543511390686035,1477.4652358426715,1075.4658609498113,1558.7914301630317,414.0545293995531,2644.22123015873,1842.253586628645,0.12535652281746032,0.13824426178647253,0.20800404250621796,0.08888984471559525,0.018410421907901764,0.04204357787966728
ai_hi_018.wav,ai,-196.72076416015625,133.36451721191406,85.35421752929688,46.905731201171875,-33.101436614990234,34.59254837036133,-5.028656482696533,32.51494216918945,-37.21580505371094,22.02106285095215,-13.606986999511719,23.183652877807617,-25.298603057861328,15.73411750793457,-23.66582679748535,14.3009672164917,-13.082345962524414,12.522141456604004,-20.18938446044922,11.148207664489746,-16.67177963256836,12.455391883850098,-14.039962768554688,9.181909561157227,-17.138303756713867,10.443857192993164,1486.7418147939625,835.3390502730203,1361.4136201182555,444.16163921409697,2645.2752976190477,1586.8667309627701,0.11325799851190477,0.11297952856357674,0.17650608718395233,0.07648264616727829,0.02894897758960724,0.09322699904441833
ai_hi_019.wav,ai,-122.81888580322266,68.69689178466797,109.70789337158203,58.61339569091797,1.3865188360214233,22.182371139526367,16.860315322875977,29.431129455566406,20.036115646362305,19.15007972717285,-0.4364800453186035,14.077452659606934,-9.852951049804688,16.569622039794922,-0.295227587223053,12.687488555908203,-14.926729202270508,10.648688316345215,-12.172046661376953,11.231478691101074,-9.605859756469727,10.947785377502441,-3.5835418701171875,13.650564193725586,-15.175009727478027,9.24833869934082,1396.2061761707382,901.2842734504704,1508.9004848338338,374.7115616165292,2506.0143849206347,1634.3287164939356,0.10518585689484126,0.09840526006094999,0.1899448186159134,0.0696687251329422,0.019511623308062553,0.046496156603097916
ai_hi_020.wav,ai,-190.13343811035156,94.90975952148438,76.77840423583984,46.67852783203125,-15.623196601867676,37.51411056518555,9.052777290344238,31.37013053894043,-29.00299835205078,21.34697914123535,-19.206192016601562,21.323740005493164,-18.515804290771484,18.652538299560547,-31.659263610839844,15.000566482543945,-19.239683151245117,11.649685859680176,-18.08531379699707,11.10646915435791,-16.630067825317383,10.452082633972168,-19.30705451965332,11.93409252166748,-11.327386856079102,9.856781005859375,1523.164172097912,751.3761764106538,1538.1248424472467,395.61089507251506,2849.5163690476193,1371.3228200073017,0.10139973958333333,0.08526031858993018,0.15850217640399933,0.06635003536939621,0.008269090205430984,0.023549940437078476
ai_hi_021.wav,ai,-115.24190521240234,76.67424011230469,107.1241455078125,54.61460494995117,-1.4687937498092651,28.954809188842773,22.35765838623047,40.47764587402344,3.9178762435913086,23.428730010986328,-6.092109680175781,16.70033073425293,-3.9545698165893555,17.365612030029297,-6.196065425872803,10.728476524353027,-21.961669921875,12.811403274536133,-2.990323066711426,13.368457794189453,-12.716383934020996,12.31053638458252,0.3329424560070038,12.328169822692871,-21.480558395385742,11.498495101928711,1487.9113805007405,818.1319032932558,1523.2399133087388,396.0257813773102,2728.4226190476193,1528.7277234581472,0.12130301339285714,0.09479480278243814,0.19486641883850098,0.06755473464727402,0.017068052664399147,0.03848006948828697
ai_hi_022.wav,ai,-193.28109741210938,111.96798706054688,74.08675384521484,65.19542694091797,-19.450742721557617,36.75629425048828,1.4773838520050049,26.747249603271484,-19.088165283203125,27.52394676208496,-20.15190887451172,24.778926849365234,-19.475841522216797,16.267473220825195,-32.16676330566406,13.742289543151855,-17.04313850402832,12.474381446838379,-15.954060554504395,12.138434410095215,-15.88233470916748,11.447994232177734,-16.844379425048828,12.598103523254395,-8.226112365722656,8.325355529785156,1768.319837056788,1292.2148154244496,1482.1491911207327,445.0083057756668,3009.1145833333335,1823.589042133713,0.1644771515376984,0.1533101312123119,0.14962510764598846,0.06411125510931015,0.011986654251813889,0.027990935370326042
ai_hi_023.wav,ai,-137.42306518554688,88.6280288696289,106.35081481933594,50.81606674194336,7.283993244171143,26.177953720092773,25.121549606323242,38.214027404785156,7.200138568878174,16.510555267333984,-9.437545776367188,15.187782287597656,-6.122674465179443,16.930191040039062,-10.013113021850586,12.445265769958496,-24.3527889251709,13.757000923156738,-7.3626179695129395,11.402629852294922,-14.43315601348877,11.447883605957031,-11.699342727661133,13.826371192932129,-14.178128242492676,10.155970573425293,1301.636528361197,777.5465665244508,1482.2017808228964,334.9184212697558,2401.785714285714,1380.8277994720872,0.09643167162698413,0.10442186151200912,0.22077032923698425,0.0904744565486908,0.012290713377296925,0.032465677708387375
ai_hi_024.wav,ai,-187.012939453125,90.08612823486328,71.46223449707031,62.36655807495117,-19.173511505126953,35.61225128173828,-2.9505088329315186,37.72855758666992,-18.278324127197266,27.100391387939453,-15.654640197753906,22.697235107421875,-13.008810997009277,17.712886810302734,-34.84596633911133,14.933223724365234,-20.471261978149414,14.433186531066895,-15.64193058013916,12.515005111694336,-17.449190139770508,9.235944747924805,-13.475837707519531,13.790918350219727,-14.687482833862305,11.279215812683105,1752.1099536827442,1114.7013832745072,1560.718071985689,473.6475605006699,3029.8859126984125,1842.3454638152518,0.14792984250992064,0.13663699104799354,0.15464237332344055,0.06950263679027557,0.012122666463255882,0.02770569920539856
ai_hi_025.wav,ai,-123.77804565429688,75.33366394042969,90.20048522949219,58.64499282836914,12.436545372009277,23.643430709838867,31.150306701660156,34.51539611816406,22.29481315612793,19.06615447998047,-5.411088466644287,15.455750465393066,-10.844780921936035,15.886394500732422,-2.713064432144165,11.590312004089355,-22.307493209838867,12.5651216506958,-11.817116737365723,9.53833293914795,-15.607998847961426,12.713848114013672,-6.5839643478393555,11.804576873779297,-16.188987731933594,7.7013654708862305,1650.1651406226893,1129.0382130872338,1657.464620243159,462.04787589487904,3161.7063492063494,1890.8256746325317,0.15147956969246032,0.14779852099344687,0.20531325042247772,0.07832426577806473,0.024593695998191833,0.05067741870880127
ai_hi_026.wav,ai,-188.76522827148438,88.29466247558594,54.49977111816406,58.24748992919922,-24.737693786621094,39.351280212402344,7.427547931671143,34.105934143066406,-30.715801239013672,23.146203994750977,-22.497243881225586,24.495336532592773,-21.00434684753418,17.047273635864258,-31.481372833251953,15.349334716796875,-21.911548614501953,14.69803524017334,-18.830949783325195,9.577235221862793,-14.80661392211914,11.381536483764648,-13.549601554870605,10.391997337341309,-13.427128791809082,11.93863582611084,2011.8181857570976,1231.902671167148,1572.7885300788507,505.12670114675075,3523.003472222222,1901.2728438907095,0.21654110863095238,0.16506303128135189,0.15425850450992584,0.06705569475889206,0.023971527814865112,0.055543094873428345
ai_hi_027.wav,ai,-137.13327026367188,98.96561431884766,103.79025268554688,55.53893280029297,11.16036319732666,29.30238914489746,15.526994705200195,26.073158264160156,12.711464881896973,21.840717315673828,-2.6030328273773193,17.606342315673828,-6.9119343757629395,15.85702133178711,-1.7039436101913452,13.225048065185547,-20.601863861083984,12.681757926940918,-9.38720703125,12.705977439880371,-8.666894912719727,11.548321723937988,-6.32700252532959,16.182392120361328,-17.339595794677734,9.414445877075195,1476.1855348323425,1072.3447938951165,1561.0888048278007,416.5854247044915,2646.5153769841268,1841.7513081626832,0.12572079613095238,0.13879091565737478,0.20808908343315125,0.0886850506067276,0.018309468403458595,0.04177892580628395
ai_hi_028.wav,ai,-196.84104919433594,133.34613037109375,85.40827178955078,46.93230438232422,-33.179569244384766,34.756534576416016,-5.034400939941406,32.47876739501953,-37.1241569519043,21.883272171020508,-13.618611335754395,23.247581481933594,-25.115182876586914,15.426535606384277,-23.819833755493164,14.246182441711426,-13.251839637756348,12.587970733642578,-19.969871520996094,11.167020797729492,-16.734699249267578,12.388391494750977,-13.904769897460938,9.20937728881836,-17.256793975830078,10.442688941955566,1484.1214588749824,832.2443372486933,1358.9615935439174,443.4829464150059,2640.625,1580.8986214773195,0.11321924603174603,0.11294153924115745,0.17655162513256073,0.07655668258666992,0.028501585125923157,0.09263482689857483
ai_hi_029.wav,ai,-122.86343383789062,68.67138671875,109.75578308105469,58.56888961791992,1.296358346939087,22.131439208984375,16.87269401550293,29.474313735961914,20.005508422851562,19.049468994140625,-0.5428988933563232,13.989885330200195,-9.863779067993164,16.692411422729492,-0.26386237144470215,12.707490921020508,-14.992871284484863,10.654094696044922,-12.102093696594238,11.138015747070312,-9.694646835327148,10.891127586364746,-3.5182337760925293,13.634876251220703,-15.225736618041992,9.082972526550293,1396.1224311608582,901.8455756866477,1509.3323427015248,374.27080455520905,2505.3943452380954,1635.7559149094425,0.10484483506944445,0.09848351471410242,0.19023025035858154,0.0700344443321228,0.019568195566534996,0.04663941636681557
ai_hi_030.wav,ai,-191.18960571289062,94.87045288085938,76.69474029541016,46.767547607421875,-15.567264556884766,37.46413803100586,9.057180404663086,31.232379913330078,-28.838977813720703,21.256637573242188,-19.099565505981445,21.401229858398438,-18.526399612426758,18.85787582397461,-31.676288604736328,15.330787658691406,-19.15348243713379,11.82528305053711,-18.120363235473633,11.067583084106445,-16.557912826538086,10.729829788208008,-19.259565353393555,12.212930679321289,-11.322068214416504,9.966508865356445,1524.589816237076,753.4767844539454,1538.5855128828737,394.40543380929597,2849.5783730158732,1373.854540872224,0.10182989211309523,0.08544179139575002,0.15708403289318085,0.06567399203777313,0.008141864091157913,0.022963646799325943
ai_hi_031.wav,ai,-114.92338562011719,76.97918701171875,106.88970947265625,54.48398971557617,-1.090269684791565,28.69132423400879,22.172983169555664,40.49563217163086,4.01709508895874,23.462068557739258,-6.003401279449463,16.706008911132812,-4.130028247833252,17.335693359375,-6.184718132019043,10.523475646972656,-21.88387680053711,12.748748779296875,-2.94297194480896,13.492920875549316,-12.493400573730469,12.286602973937988,0.22388812899589539,12.506742477416992,-21.28363800048828,11.677278518676758,1491.3906442926632,821.241392601624,1526.4103928393085,395.69413836544123,2740.0173611111113,1538.348388185352,0.12095424107142858,0.09517341642751621,0.19537128508090973,0.06775426119565964,0.017300890758633614,0.03902930021286011
ai_hi_032.wav,ai,-194.5367431640625,111.88286590576172,74.23843383789062,65.1968994140625,-19.561857223510742,36.7125358581543,1.6619821786880493,26.737695693969727,-19.02678871154785,27.665210723876953,-19.939916610717773,24.862655639648438,-19.76390838623047,16.29503631591797,-32.301605224609375,13.968149185180664,-17.068683624267578,12.414178848266602,-15.996940612792969,12.1421480178833,-15.88209342956543,11.56840705871582,-16.871002197265625,12.703625679016113,-8.235960006713867,8.377063751220703,1766.846994646007,1292.5673477981888,1480.8571074667648,444.5478252394977,3005.0223214285716,1823.516181254676,0.16360909598214285,0.15284290357818534,0.14791613817214966,0.06320296227931976,0.011898351833224297,0.027760615572333336
ai_hi_033.wav,ai,-137.5049285888672,88.49478149414062,106.3740005493164,50.79584884643555,7.233386993408203,26.068925857543945,24.90745735168457,38.25600051879883,7.255641937255859,16.476041793823242,-9.552898406982422,15.163477897644043,-6.114440441131592,16.98272705078125,-9.997970581054688,12.4071626663208,-24.29450225830078,13.736495018005371,-7.292316913604736,11.370492935180664,-14.678360939025879,11.241447448730469,-11.61769962310791,13.955126762390137,-14.32852554321289,10.201416969299316,1301.5123115895208,777.2771986998347,1482.5284469000521,334.09696555721064,2398.375496031746,1380.6043401006546,0.09621465773809523,0.10464132985166504,0.22077913582324982,0.09053941816091537,0.01229933649301529,0.03256159648299217
ai_hi_034.wav,ai,-186.93397521972656,90.09443664550781,71.46226501464844,62.4228401184082,-19.070667266845703,35.359378814697266,-2.9566423892974854,37.64094543457031,-18.204092025756836,26.777759552001953,-15.656208992004395,22.60999870300293,-12.878257751464844,17.717517852783203,-34.916202545166016,14.919235229492188,-20.23247528076172,14.56676959991455,-15.744028091430664,12.45153522491455,-17.368852615356445,9.311858177185059,-13.525490760803223,14.214092254638672,-14.630255699157715,11.748391151428223,1752.857909939061,1112.1189717254083,1563.4566472502906,472.85825694976864,3036.7063492063494,1838.6845345520958,0.14703078497023808,0.1351953536478113,0.15472982823848724,0.06943812221288681,0.012100263498723507,0.02772790566086769
ai_hi_035.wav,ai,-124.06177520751953,75.2601547241211,90.14314270019531,58.6093864440918,12.491178512573242,23.680622100830078,31.312969207763672,34.46107482910156,22.23098373413086,19.081619262695312,-5.384161949157715,15.508255004882812,-10.782957077026367,15.611970901489258,-2.7433841228485107,11.638545036315918,-22.313419342041016,12.653281211853027,-11.695542335510254,9.610794067382812,-15.62771987915039,12.726856231689453,-6.659818649291992,11.894407272338867,-16.233360290527344,7.694939136505127,1648.7093587916438,1125.7966050661998,1658.779525035351,461.9416822772999,3160.280257936508,1889.7743637807291,0.15164233010912698,0.14737462375985455,0.20477497577667236,0.07813932001590729,0.024438701570034027,0.050490137189626694
ai_hi_036.wav,ai,-186.76429748535156,88.71470642089844,54.72003173828125,58.354183197021484,-24.993501663208008,39.1030158996582,7.357855796813965,34.07601547241211,-30.361103057861328,23.223934173583984,-22.760425567626953,24.85550880432129,-20.729591369628906,17.056354522705078,-31.718677520751953,15.307659149169922,-21.85592269897461,14.722086906433105,-18.5793399810791,9.706910133361816,-14.720621109008789,11.300138473510742,-13.392550468444824,10.457026481628418,-13.351546287536621,11.895721435546875,2012.4684231295153,1230.797204136745,1572.7185774621983,503.2503516591505,3516.9270833333335,1891.4551456819852,0.2163977244543651,0.16460845600077892,0.1579533964395523,0.06854932755231857,0.02373649738729,0.05485288426280022
ai_hi_037.wav,ai,-137.39791870117188,98.87203979492188,103.82096862792969,55.532772064208984,11.00129222869873,29.42117691040039,15.7372407913208,26.0422420501709,12.716659545898438,21.815784454345703,-2.5925893783569336,17.660581588745117,-6.810415744781494,15.79516315460205,-1.7229797840118408,13.230451583862305,-20.62818145751953,12.61954116821289,-9.234142303466797,12.969888687133789,-8.712106704711914,11.427799224853516,-6.299007415771484,16.384828567504883,-17.21396827697754,9.535551071166992,1477.6307291709438,1075.4870021766576,1559.4490061118888,415.5885401502635,2642.7951388888887,1843.2054508868507,0.12610832093253968,0.13942880397054216,0.207989901304245,0.08884565532207489,0.01837817393243313,0.04190189391374588
ai_hi_038.wav,ai,-197.6788330078125,133.30673217773438,85.55542755126953,46.90337371826172,-32.957847595214844,34.38735580444336,-5.088894367218018,32.525489807128906,-36.98699951171875,21.856061935424805,-13.699007987976074,23.189455032348633,-25.138872146606445,15.593181610107422,-23.568376541137695,14.362715721130371,-13.148697853088379,12.547438621520996,-20.107711791992188,11.209442138671875,-16.665372848510742,12.506084442138672,-13.737719535827637,9.133013725280762,-17.128528594970703,10.4653959274292,1484.4690253043664,833.1920715514169,1360.2013323432145,443.44555868806606,2638.3928571428573,1581.4506354035605,0.11323862227182539,0.11250018400418188,0.17491348087787628,0.07583580166101456,0.02883928455412388,0.09321324527263641
ai_hi_039.wav,ai,-122.79825592041016,68.54844665527344,109.61795043945312,58.550193786621094,1.5221894979476929,22.142589569091797,16.95041275024414,29.4747257232666,20.048982620239258,18.951122283935547,-0.3945103883743286,13.970956802368164,-9.886959075927734,16.859487533569336,-0.47475680708885193,12.60168743133545,-15.081829071044922,10.755370140075684,-12.009980201721191,11.117361068725586,-9.811731338500977,10.879149436950684,-3.508643388748169,13.855167388916016,-15.305997848510742,9.086871147155762,1395.3918381259134,901.4225845857188,1509.5172021281783,374.5257596847671,2504.402281746032,1635.2171644408418,0.10503084697420635,0.09867053771903872,0.19040095806121826,0.07033713907003403,0.019461896270513535,0.046384308487176895
ai_hi_040.wav,ai,-192.26950073242188,94.83964538574219,76.84552001953125,46.904273986816406,-15.702282905578613,37.53101348876953,9.113960266113281,31.43178939819336,-29.00401496887207,21.087499618530273,-19.40245819091797,21.327125549316406,-18.24958038330078,18.663673400878906,-31.735721588134766,15.058684349060059,-19.136409759521484,11.790284156799316,-18.22149085998535,11.014245986938477,-16.448652267456055,10.364542007446289,-19.211719512939453,11.930037498474121,-11.447331428527832,10.026158332824707,1524.0146822241984,754.0734710191257,1537.777094924599,396.72653970612095,2852.8025793650795,1378.5020804128924,0.10195390004960317,0.0856078685019658,0.1552942395210266,0.06490694731473923,0.008197532035410404,0.023287458345294
ai_hi_041.wav,ai,-115.05545806884766,76.78910064697266,106.77178955078125,54.538299560546875,-1.3223071098327637,28.80422592163086,22.292720794677734,40.51445770263672,3.9629416465759277,23.400150299072266,-6.165995121002197,16.836231231689453,-4.108884811401367,17.343318939208984,-6.131124973297119,10.469869613647461,-21.912559509277344,12.6925630569458,-3.2024760246276855,13.757024765014648,-12.573129653930664,12.331258773803711,0.25002843141555786,12.374967575073242,-21.32189178466797,11.386390686035156,1490.1356036439188,819.0694189573613,1525.8343060467996,395.23081223883423,2738.715277777778,1533.1230684587586,0.12086123511904762,0.0952727703140106,0.19517426192760468,0.06765644252300262,0.017241574823856354,0.03893152251839638
ai_hi_042.wav,ai,-193.28506469726562,111.66133880615234,74.04210662841797,65.1663818359375,-19.398466110229492,36.6739387512207,1.5694572925567627,26.86248779296875,-19.111797332763672,27.558483123779297,-20.062259674072266,24.84173583984375,-19.672880172729492,16.254884719848633,-32.05934143066406,13.765158653259277,-17.13250160217285,12.459535598754883,-15.953617095947266,12.053138732910156,-15.996980667114258,11.395703315734863,-16.800296783447266,12.884971618652344,-8.168502807617188,8.50031566619873,1768.3689364327665,1292.9341396543794,1481.5971607987442,444.01684777272067,3010.2926587301586,1823.8440059395598,0.16497318328373015,0.15347307855891637,0.14951075613498688,0.06406519562005997,0.011952579021453857,0.027857569977641106
ai_hi_043.wav,ai,-137.3031463623047,88.54057312011719,106.27684783935547,50.6707878112793,7.293429374694824,25.906272888183594,25.285465240478516,38.20161437988281,7.154900074005127,16.39985466003418,-9.424188613891602,15.1394681930542,-6.155462265014648,16.97052764892578,-9.883721351623535,12.434361457824707,-24.25473976135254,13.672689437866211,-7.262203216552734,11.366466522216797,-14.551708221435547,11.230477333068848,-11.716317176818848,13.7343168258667,-14.090330123901367,10.13196086883545,1300.952687573176,777.4948960313795,1481.3909062004147,335.48222210497727,2397.1974206349205,1381.1571637176864,0.0965208023313492,0.10458457004792698,0.22086754441261292,0.09054660052061081,0.012341491878032684,0.032572079449892044
ai_hi_044.wav,ai,-186.9352569580078,90.09054565429688,71.52542114257812,62.424957275390625,-19.283702850341797,35.303531646728516,-3.0232510566711426,37.541107177734375,-18.299097061157227,26.926164627075195,-15.871746063232422,22.780675888061523,-12.83984088897705,17.714216232299805,-35.06788635253906,14.811965942382812,-20.282970428466797,14.706245422363281,-15.859733581542969,12.5905122756958,-17.486085891723633,9.255586624145508,-13.583024978637695,13.921810150146484,-14.75007438659668,11.904996871948242,1752.2011517961698,1112.2252533040546,1562.4790774682815,472.6121870218502,3038.628472222222,1837.023252476809,0.14771282862103174,0.13562289082694762,0.15459929406642914,0.06938360631465912,0.012085303664207458,0.02772490493953228
ai_hi_045.wav,ai,-123.16710662841797,75.36495971679688,90.25003051757812,58.60460662841797,12.387691497802734,23.609233856201172,31.283432006835938,34.31937789916992,22.255353927612305,19.236331939697266,-5.394357681274414,15.574100494384766,-10.869758605957031,15.683917045593262,-2.7133188247680664,11.598637580871582,-22.31270408630371,12.623575210571289,-11.809906959533691,9.82947063446045,-15.575886726379395,12.640040397644043,-6.5966925621032715,11.869418144226074,-16.20319938659668,7.5962958335876465,1649.1352938347466,1126.3197244222085,1658.0250216409745,462.7934842958779,3159.784226190476,1886.2498382983633,0.1517275855654762,0.1472271617198194,0.20644386112689972,0.07882928103208542,0.024285374209284782,0.05020250007510185
ai_hi_046.wav,ai,-188.80987548828125,88.40765380859375,54.18364715576172,58.47854995727539,-24.607601165771484,39.164451599121094,7.3886518478393555,34.0449333190918,-30.597593307495117,23.17957305908203,-22.42053985595703,24.454635620117188,-21.087688446044922,16.98304557800293,-31.480613708496094,15.307940483093262,-21.97947120666504,14.770912170410156,-18.820194244384766,9.577021598815918,-14.862895965576172,11.320068359375,-13.510353088378906,10.539505958557129,-13.40981388092041,11.848322868347168,2014.5375544595713,1229.1885895675082,1574.4254231602704,504.6813226917521,3527.219742063492,1897.2595016040814,0.21545603918650794,0.1639072890603713,0.1539599597454071,0.06679846346378326,0.02393968217074871,0.05555102601647377
ai_hi_047.wav,ai,-137.3906707763672,98.83039855957031,103.80445861816406,55.669593811035156,11.044327735900879,29.414783477783203,15.677644729614258,25.9188175201416,12.6850004196167,21.787799835205078,-2.409512996673584,17.588905334472656,-6.981203079223633,16.00398063659668,-1.7822442054748535,13.177815437316895,-20.50189781188965,12.579075813293457,-9.170865058898926,13.056224822998047,-8.788629531860352,11.404447555541992,-6.268530368804932,16.219038009643555,-17.39192008972168,9.510113716125488,1476.8208598426268,1075.3899026827958,1558.8568185510514,416.0109396452868,2642.1130952380954,1845.1783529475285,0.12662760416666666,0.13863379955458602,0.20782484114170074,0.08875076472759247,0.0184020958840847,0.04210873693227768
ai_hi_048.wav,ai,-197.31558227539062,133.26980590820312,85.59590911865234,46.86267852783203,-33.26671600341797,34.59164047241211,-4.88422966003418,32.543914794921875,-37.04888153076172,21.89313507080078,-13.659440994262695,23.205753326416016,-25.207456588745117,15.575298309326172,-23.582578659057617,14.42749309539795,-13.339494705200195,12.629158973693848,-19.86888313293457,11.143102645874023,-16.991289138793945,12.315053939819336,-13.693580627441406,9.28770923614502,-17.188432693481445,10.466216087341309,1482.7320251945332,831.5408462518587,1358.3168301997353,443.87394660060073,2637.5868055555557,1580.1471125954424,0.1132231212797619,0.11205645807000537,0.17601151764392853,0.0763191282749176,0.029160242527723312,0.09416371583938599
ai_hi_049.wav,ai,-122.8082504272461,68.7545394897461,109.79981231689453,58.46952819824219,1.3914350271224976,22.2867431640625,17.0837345123291,29.629756927490234,19.862594604492188,18.998703002929688,-0.37847092747688293,13.993803024291992,-9.930583000183105,16.692075729370117,-0.37010109424591064,12.573674201965332,-14.951254844665527,10.689072608947754,-12.274723052978516,11.294961929321289,-9.567399024963379,11.005884170532227,-3.709994077682495,13.689794540405273,-15.333829879760742,9.084108352661133,1395.5843700877424,900.5185286250813,1509.3966954665639,375.72858160312626,2508.370535714286,1635.8085416375918,0.10518973214285714,0.09868518022132967,0.1903332769870758,0.06996110081672668,0.019492460414767265,0.046364057809114456
ai_hi_050.wav,ai,-190.0654296875,94.87689208984375,76.79888153076172,46.866146087646484,-15.580840110778809,37.51521682739258,9.207189559936523,31.235029220581055,-28.928050994873047,21.16813087463379,-19.12192153930664,21.246612548828125,-18.340543746948242,18.626365661621094,-31.551759719848633,15.056110382080078,-19.095930099487305,11.720054626464844,-18.11155128479004,11.014366149902344,-16.414134979248047,10.427993774414062,-19.244157791137695,11.9347505569458,-11.281696319580078,9.77841567993164,1524.2738468310115,753.7688115817672,1537.842721007463,395.7780875921056,2854.3526785714284,1375.0833027269694,0.10164000496031746,0.08529108216350367,0.1586136668920517,0.06650711596012115,0.008164891973137856,0.023145588114857674
ai_hi_051.wav,ai,-114.08949279785156,76.66368103027344,106.87345123291016,54.688961029052734,-1.3132951259613037,28.865863800048828,22.28589630126953,40.41851043701172,3.940814733505249,23.373945236206055,-6.24181604385376,16.81757164001465,-4.0859761238098145,17.303098678588867,-6.257093906402588,10.714336395263672,-21.954195022583008,12.769451141357422,-2.986701011657715,13.767717361450195,-12.626666069030762,12.117605209350586,0.35611867904663086,12.285199165344238,-21.496179580688477,11.569535255432129,1491.3763094177305,819.8455929376547,1526.274235426861,397.3241134706273,2743.0555555555557,1537.061089844053,0.12107437375992064,0.09514015931280843,0.19705606997013092,0.06823482364416122,0.01734287478029728,0.039160627871751785
ai_hi_052.wav,ai,-193.3629150390625,111.80760192871094,73.97879028320312,65.06937408447266,-19.736675262451172,36.61203384399414,1.2372843027114868,26.81561279296875,-19.099626541137695,27.50246238708496,-20.17751121520996,24.579296112060547,-19.787242889404297,16.19318962097168,-32.24408721923828,14.17238998413086,-17.149742126464844,12.50675106048584,-16.193180084228516,12.090452194213867,-15.988386154174805,11.330352783203125,-16.614215850830078,12.575128555297852,-8.358596801757812,8.335017204284668,1767.9323350512216,1293.3468734791388,1480.6839384147468,443.5381997673763,3005.7663690476193,1824.1423862186755,0.16475616939484128,0.1531300277696985,0.14932307600975037,0.0639130100607872,0.01183859072625637,0.02740773744881153
ai_hi_053.wav,ai,-137.6288299560547,88.31214141845703,106.4930191040039,50.97224044799805,7.418776035308838,26.431617736816406,25.151945114135742,38.21316146850586,7.199724197387695,16.670148849487305,-9.630267143249512,15.173165321350098,-5.807708263397217,17.153793334960938,-9.866761207580566,12.745295524597168,-24.20267105102539,13.839763641357422,-7.226905345916748,11.32535457611084,-14.63043212890625,11.29383659362793,-11.510048866271973,13.7422456741333,-14.371910095214844,10.226042747497559,1301.2026173557176,777.3803701706041,1482.1673225352074,334.94714990486665,2397.8174603174602,1381.0014999610037,0.09583875868055555,0.10459647088153323,0.2203671783208847,0.09061577171087265,0.012278737500309944,0.032495368272066116
ai_hi_054.wav,ai,-186.99635314941406,90.00994110107422,71.56360626220703,62.33989334106445,-19.051109313964844,35.416786193847656,-2.8985047340393066,37.584320068359375,-18.604999542236328,27.13178062438965,-15.507389068603516,22.93501853942871,-13.006669998168945,17.588623046875,-34.734798431396484,14.81800365447998,-20.5112361907959,14.439858436584473,-15.80201244354248,12.637425422668457,-17.331710815429688,9.276091575622559,-13.878190994262695,13.868885040283203,-14.438511848449707,11.298032760620117,1751.6458143930886,1111.9924533069955,1562.4504771232544,472.82658717169244,3033.2961309523807,1838.0144287386993,0.14706566220238096,0.1351716016383706,0.15480047464370728,0.06959889829158783,0.012100143358111382,0.02773793786764145
ai_hi_055.wav,ai,-123.91932678222656,75.39962005615234,90.26187133789062,58.63727951049805,12.458098411560059,23.611417770385742,31.078205108642578,34.45861053466797,22.389606475830078,19.28516387939453,-5.417496681213379,15.638016700744629,-10.71622371673584,15.559274673461914,-2.7599146366119385,11.523980140686035,-22.24076271057129,12.577239036560059,-11.981943130493164,9.4388427734375,-15.434309959411621,12.712553977966309,-6.45457649230957,11.746866226196289,-16.260421752929688,7.52808952331543,1651.825888445383,1130.8313742178088,1658.7898170957028,463.68575657785493,3163.690476190476,1896.556765554699,0.1519988529265873,0.14793460038075207,0.20480403304100037,0.07817020267248154,0.024507537484169006,0.050587717443704605
ai_hi_056.wav,ai,-186.57411193847656,88.4444808959961,54.64003372192383,58.24246597290039,-25.037982940673828,39.148319244384766,7.4674482345581055,34.0536994934082,-30.718936920166016,22.871660232543945,-22.431684494018555,24.574356079101562,-21.12053108215332,16.915348052978516,-31.611736297607422,15.334370613098145,-21.894718170166016,14.93513011932373,-18.838359832763672,9.779823303222656,-14.690407752990723,11.322635650634766,-13.565593719482422,10.498297691345215,-13.354208946228027,11.950419425964355,2004.628551884813,1222.8389820564148,1568.283940247698,498.2946545865018,3505.3943452380954,1880.3849240951713,0.2165798611111111,0.1638403712171702,0.15805688500404358,0.06875243782997131,0.02357100136578083,0.05436915159225464
ai_hi_057.wav,ai,-137.32305908203125,98.9612808227539,103.71227264404297,55.517276763916016,11.137646675109863,29.248422622680664,15.472394943237305,26.04037094116211,12.715478897094727,21.770837783813477,-2.4915406703948975,17.63833999633789,-6.944549560546875,15.82849407196045,-1.7227544784545898,13.18250560760498,-20.639047622680664,12.62879467010498,-9.365592956542969,12.86135482788086,-8.746709823608398,11.566444396972656,-6.353243350982666,16.237613677978516,-17.386428833007812,9.548606872558594,1476.6271678539822,1074.2727852457701,1559.9062258534282,414.8559157962518,2640.749007936508,1842.8267988479251,0.12566654265873015,0.13863993604671468,0.2079351842403412,0.08868047595024109,0.01845495030283928,0.04209601506590843
ai_hi_058.wav,ai,-196.55545043945312,133.25172424316406,85.49031066894531,46.991493225097656,-33.20357894897461,34.55674362182617,-4.957888126373291,32.359657287597656,-36.98883819580078,21.790443420410156,-13.728748321533203,23.106761932373047,-24.95529556274414,15.530867576599121,-23.714609146118164,14.282744407653809,-13.219720840454102,12.519248008728027,-19.948657989501953,11.007906913757324,-16.88758659362793,12.413994789123535,-13.781514167785645,9.300344467163086,-17.30601692199707,10.46540641784668,1482.7236116272227,830.0303134833623,1358.667272850971,442.6896239055543,2636.470734126984,1576.7820385255447,0.11248294890873016,0.11150924075485,0.1770181953907013,0.07671608030796051,0.028988158330321312,0.09400850534439087
ai_hi_059.wav,ai,-122.73922729492188,68.69348907470703,109.9263687133789,58.61909484863281,1.4358223676681519,22.180967330932617,17.092815399169922,29.632328033447266,20.151090621948242,18.933040618896484,-0.30790773034095764,13.979975700378418,-9.9226655960083,16.769500732421875,-0.27572140097618103,12.544951438903809,-15.04340934753418,10.756200790405273,-12.006904602050781,11.116888999938965,-9.668286323547363,10.938063621520996,-3.5042097568511963,13.768784523010254,-15.275895118713379,9.19501781463623,1395.3399051304914,900.8536657689963,1508.3787678802933,376.14497967374547,2507.254464285714,1636.0087107986885,0.10496884300595238,0.09840943474944239,0.1901874542236328,0.06973275542259216,0.019480381160974503,0.04627479985356331
ai_hi_060.wav,ai,-191.12779235839844,94.8810806274414,76.83550262451172,46.870113372802734,-15.542518615722656,37.55086135864258,9.099527359008789,31.15045166015625,-28.881982803344727,21.230764389038086,-18.982133865356445,21.450454711914062,-18.393632888793945,18.73406219482422,-31.633102416992188,15.14261245727539,-18.97150993347168,11.947402000427246,-18.2514705657959,11.070070266723633,-16.389055252075195,10.550392150878906,-19.29521942138672,11.96269702911377,-11.264290809631348,10.037481307983398,1524.5538958551592,753.5618782812348,1538.8187566607965,396.1678939104398,2855.654761904762,1375.4690766374415,0.10167100694444445,0.0854723539243515,0.1571495234966278,0.06575167179107666,0.008192540146410465,0.0232192724943161
ai_hi_061.wav,ai,-113.87659454345703,76.86970520019531,106.93040466308594,54.51924514770508,-1.1313354969024658,28.858474731445312,22.28499412536621,40.58523941040039,4.0557074546813965,23.385404586791992,-6.099176406860352,16.841676712036133,-4.144372940063477,17.416467666625977,-6.075735092163086,10.590341567993164,-21.924972534179688,12.696876525878906,-2.701000690460205,13.50489616394043,-12.710375785827637,12.020913124084473,0.5414196848869324,12.294364929199219,-21.552152633666992,11.574874877929688,1492.5038995882096,820.4187236833715,1527.4721955827674,395.20284026631396,2742.49751984127,1538.0913438959692,0.12120225694444445,0.09500893264992985,0.19714908301830292,0.06846244633197784,0.017232445999979973,0.038866668939590454
ai_hi_062.wav,ai,-193.24256896972656,111.69886016845703,74.00296783447266,65.14501953125,-19.618385314941406,36.635196685791016,1.559770107269287,26.7869873046875,-19.09529685974121,27.56509780883789,-20.110488891601562,24.664600372314453,-19.699325561523438,16.308467864990234,-32.19839859008789,14.098837852478027,-17.22127914428711,12.352354049682617,-16.01288414001465,12.113709449768066,-15.949361801147461,11.432356834411621,-16.757198333740234,12.604183197021484,-8.305522918701172,8.248854637145996,1766.9653750559144,1292.0199678315412,1479.9694456188543,444.55627025973814,3008.4325396825398,1822.356845154523,0.16435314360119047,0.1530336980673991,0.14953157305717468,0.0640978291630745,0.011984070762991905,0.028125230222940445
ai_hi_063.wav,ai,-137.46978759765625,88.58218383789062,106.30069732666016,50.761268615722656,7.380596160888672,25.94492530822754,25.084617614746094,38.149784088134766,7.239174842834473,16.428424835205078,-9.510644912719727,15.254464149475098,-6.008450031280518,16.827085494995117,-10.002649307250977,12.356236457824707,-24.259429931640625,13.728547096252441,-7.129167079925537,11.327757835388184,-14.583168983459473,11.428465843200684,-11.697990417480469,13.850872039794922,-14.220900535583496,10.160423278808594,1301.6346668572673,777.6714593514714,1482.4758592417243,334.54659356323623,2400.7936507936506,1381.512702749777,0.09633866567460317,0.10449731700442542,0.2206268310546875,0.09049190580844879,0.012312851846218109,0.0324951633810997
ai_hi_064.wav,ai,-187.03057861328125,89.96929168701172,71.49685668945312,62.37358856201172,-19.041425704956055,35.31597900390625,-3.0179738998413086,37.59500503540039,-18.34758949279785,26.961877822875977,-15.741520881652832,22.640695571899414,-13.051165580749512,17.678503036499023,-35.0754508972168,14.916680335998535,-20.39183235168457,14.652341842651367,-15.920286178588867,12.630759239196777,-17.437889099121094,9.310219764709473,-13.777070999145508,13.861947059631348,-14.480855941772461,11.625631332397461,1751.7238581859906,1112.0631046501253,1562.0694302622219,472.55906592760374,3025.9796626984125,1839.272877220588,0.14759657118055555,0.1349776510503682,0.1546948403120041,0.06961344927549362,0.012071719393134117,0.027720633894205093
ai_hi_065.wav,ai,-120.30419921875,75.32782745361328,90.1240463256836,58.5672492980957,12.449108123779297,23.6887149810791,31.31000518798828,34.4843635559082,22.44519805908203,18.995656967163086,-5.543513298034668,15.53994083404541,-10.519977569580078,15.917539596557617,-2.494439125061035,11.309301376342773,-22.39397621154785,12.606185913085938,-11.996670722961426,9.630332946777344,-15.300259590148926,12.902515411376953,-6.676949977874756,11.787055015563965,-15.958094596862793,7.736438751220703,1650.0358087206816,1125.7556197427625,1658.8416002210956,462.43178836268953,3162.5744047619046,1890.4481303486834,0.15182059151785715,0.14763496662113157,0.21187596023082733,0.08078513294458389,0.024614367634058,0.050539370626211166
ai_hi_066.wav,ai,-186.6205596923828,88.54721069335938,54.535789489746094,58.315643310546875,-24.94776153564453,39.10982894897461,7.336005687713623,34.13637161254883,-30.329286575317383,23.008180618286133,-22.692113876342773,24.73236083984375,-20.96672821044922,17.163593292236328,-31.686006546020508,15.374788284301758,-21.81756019592285,14.515894889831543,-18.743974685668945,9.587218284606934,-14.747889518737793,11.198473930358887,-13.460151672363281,10.56502628326416,-13.300873756408691,11.972957611083984,2015.2944440227882,1235.346267517684,1573.6800227165554,504.1211948604191,3523.685515873016,1900.8245392627705,0.21753704737103174,0.16489890628389023,0.15795312821865082,0.06854705512523651,0.02368057891726494,0.054774101823568344
ai_hi_067.wav,ai,-137.2863311767578,98.90911102294922,103.77391052246094,55.54155349731445,11.00039291381836,29.408998489379883,15.628840446472168,25.946931838989258,12.668966293334961,21.827634811401367,-2.4809682369232178,17.75513458251953,-6.873746395111084,15.88906192779541,-1.6481420993804932,13.266402244567871,-20.6381778717041,12.676217079162598,-9.325450897216797,12.788423538208008,-8.7543363571167,11.450583457946777,-6.354888916015625,16.159025192260742,-17.354656219482422,9.505754470825195,1477.44354517916,1073.4028465319623,1559.9584072210448,416.1215492029929,2644.345238095238,1841.4006847042037,0.12601143973214285,0.13880950325212715,0.20748786628246307,0.08824365586042404,0.018539685755968094,0.04243646562099457
ai_hi_068.wav,ai,-196.62490844726562,133.23870849609375,85.55812072753906,46.99774169921875,-33.242942810058594,34.50689697265625,-4.909208297729492,32.38740921020508,-37.023250579833984,21.798431396484375,-13.720519065856934,23.23497772216797,-24.98935890197754,15.569775581359863,-23.73308563232422,14.244356155395508,-13.15933895111084,12.5531005859375,-20.023481369018555,11.067588806152344,-16.69524574279785,12.517800331115723,-13.791248321533203,9.095088958740234,-17.182085037231445,10.538581848144531,1484.229553371531,834.3681617160145,1358.6196324709754,443.0776044896888,2636.966765873016,1582.9470932348192,0.11255270337301587,0.11229816250535009,0.1769503951072693,0.0766267478466034,0.028796015307307243,0.09335574507713318
ai_hi_069.wav,ai,-122.90130615234375,68.63099670410156,109.9264907836914,58.58793640136719,1.3815560340881348,22.280378341674805,17.12602424621582,29.500225067138672,20.146350860595703,19.14235496520996,-0.5254720449447632,13.948341369628906,-9.637057304382324,16.996469497680664,-0.29974305629730225,12.628388404846191,-15.029501914978027,10.654340744018555,-12.045480728149414,11.185869216918945,-9.756172180175781,10.9298677444458,-3.4663097858428955,13.584900856018066,-15.234582901000977,9.09237003326416,1393.6274177083726,900.1264969151397,1507.0194136492846,376.20579958133766,2502.3561507936506,1636.0395309041032,0.1053098648313492,0.09867912866848384,0.19021238386631012,0.06980521231889725,0.01939433440566063,0.04616738110780716
ai_hi_070.wav,ai,-190.28013610839844,94.95096588134766,76.79744720458984,46.82671356201172,-15.616471290588379,37.32967758178711,9.0098237991333,31.349336624145508,-28.96665382385254,21.336915969848633,-19.211109161376953,21.196544647216797,-18.276731491088867,18.55165672302246,-31.85888671875,15.151331901550293,-18.975906372070312,11.822219848632812,-18.11756706237793,11.076652526855469,-16.4763126373291,10.589086532592773,-19.202566146850586,12.104122161865234,-11.385509490966797,9.902863502502441,1524.7562209328528,753.8330678205367,1539.2870229730265,394.83742800508907,2852.1825396825398,1374.59959446898,0.10139586433531746,0.08555166678467414,0.1584618240594864,0.06616806983947754,0.008225092664361,0.02334439381957054
ai_hi_071.wav,ai,-115.1500244140625,76.83354949951172,107.10206604003906,54.63309860229492,-1.2262252569198608,28.868532180786133,22.347869873046875,40.66081237792969,3.9782660007476807,23.41402816772461,-6.293519020080566,16.725793838500977,-3.944598913192749,17.316852569580078,-6.096508502960205,10.62708854675293,-21.89612579345703,12.679442405700684,-2.74373722076416,13.557926177978516,-12.755992889404297,12.028620719909668,0.4648817479610443,12.27604866027832,-21.524494171142578,11.55418872833252,1491.1635601627574,820.6606496259919,1525.5780766512182,395.8209099043504,2738.157242063492,1537.4510432208808,0.12098911830357142,0.09555808095379,0.1950570046901703,0.06770158559083939,0.01725984923541546,0.038965776562690735
ai_hi_072.wav,ai,-193.3345489501953,111.68826293945312,73.90636444091797,65.12334442138672,-19.352882385253906,36.54585266113281,1.304532527923584,26.87445640563965,-19.135114669799805,27.422624588012695,-20.132125854492188,24.723464965820312,-19.65983009338379,16.375154495239258,-32.18675994873047,13.95559310913086,-17.098716735839844,12.689311027526855,-16.09992790222168,12.13979434967041,-16.037715911865234,11.352300643920898,-16.804533004760742,12.724088668823242,-8.320528984069824,8.43705940246582,1768.5939837236174,1293.4636891008058,1481.7612407237764,444.5010701787255,3009.1145833333335,1825.7099533304452,0.16463603670634921,0.15321670815202734,0.14954140782356262,0.06411977857351303,0.011944047175347805,0.027759065851569176
ai_hi_073.wav,ai,-137.6466827392578,88.42171478271484,106.5696792602539,50.95185470581055,7.214605808258057,26.063108444213867,25.12455940246582,38.08089828491211,7.199424743652344,16.60511589050293,-9.591291427612305,14.99019718170166,-5.997268199920654,17.014280319213867,-10.05737590789795,12.467016220092773,-24.238037109375,13.835396766662598,-7.288022994995117,11.271249771118164,-14.593870162963867,11.284506797790527,-11.692770004272461,13.669296264648438,-14.394474983215332,10.260793685913086,1299.5255404198258,778.1109473518322,1479.267723948001,335.52276391947424,2395.8953373015875,1382.0986848959112,0.09648980034722222,0.10456298588614461,0.22051556408405304,0.09054113179445267,0.012313761748373508,0.03258287161588669
ai_hi_074.wav,ai,-186.87852478027344,90.1574935913086,71.21597290039062,62.29806900024414,-18.935909271240234,35.219818115234375,-3.202735424041748,37.91560363769531,-18.451337814331055,26.90967559814453,-15.723821640014648,22.517070770263672,-12.955374717712402,17.708663940429688,-34.99324417114258,14.736257553100586,-20.50883674621582,14.28371810913086,-15.933525085449219,12.651618003845215,-17.520496368408203,9.390851974487305,-13.604876518249512,14.237248420715332,-14.527613639831543,11.781189918518066,1753.5611555289163,1111.6897313954698,1565.3489014810832,473.14187426024824,3036.8923611111113,1841.07969896442,0.14691452752976192,0.13625708739684572,0.1547495275735855,0.06954634934663773,0.01212464552372694,0.027709057554602623
ai_hi_075.wav,ai,-120.66388702392578,75.32215881347656,90.25486755371094,58.52952194213867,12.397425651550293,23.56633949279785,31.127904891967773,34.40259552001953,22.573888778686523,19.10393714904785,-5.545770645141602,15.598197937011719,-10.722029685974121,15.778974533081055,-2.764688730239868,11.46543025970459,-22.187658309936523,12.518424034118652,-11.982898712158203,9.64837646484375,-15.557764053344727,12.621575355529785,-6.406914710998535,11.776958465576172,-16.309438705444336,7.612266540527344,1650.0239333536726,1128.4894222746375,1658.894409331957,462.44525798801783,3161.5203373015875,1889.655447297424,0.15175858754960317,0.1478712074716874,0.21212857961654663,0.081013523042202,0.024316521361470222,0.05032924935221672
ai_hi_076.wav,ai,-186.58615112304688,88.61438751220703,54.62279510498047,58.3281364440918,-25.237686157226562,39.154720306396484,7.47125768661499,34.177513122558594,-30.705163955688477,22.976469039916992,-22.552602767944336,24.641613006591797,-20.983356475830078,17.13210105895996,-31.7268009185791,15.40762996673584,-21.777572631835938,14.646698951721191,-18.937761306762695,9.685588836669922,-14.725434303283691,11.262804985046387,-13.688592910766602,10.405477523803711,-13.226259231567383,11.860581398010254,2013.8361047948233,1229.2967095451797,1572.3912858518681,503.9753902136407,3521.1433531746034,1890.815631443827,0.21679299975198413,0.1643596273477461,0.15779224038124084,0.06841950863599777,0.023839060217142105,0.0551510751247406
ai_hi_077.wav,ai,-137.59527587890625,98.81332397460938,103.93272399902344,55.72931671142578,10.943801879882812,29.451345443725586,15.794225692749023,25.993398666381836,12.705738067626953,21.87563133239746,-2.509732246398926,17.703510284423828,-6.930150508880615,15.916295051574707,-1.7800661325454712,13.178360939025879,-20.454763412475586,12.656896591186523,-9.270369529724121,12.87545108795166,-8.666305541992188,11.475469589233398,-6.309883117675781,16.459016799926758,-17.258581161499023,9.491111755371094,1476.7228414141662,1075.789018656104,1558.0731906724325,416.38268864096995,2643.2911706349205,1845.347791706571,0.1264105902777778,0.1390408728861742,0.20771369338035583,0.08870410919189453,0.018501700833439827,0.0423462837934494
ai_hi_078.wav,ai,-196.99954223632812,133.2080078125,85.45397186279297,46.83564376831055,-33.15835189819336,34.52346420288086,-4.988160610198975,32.485130310058594,-37.17274475097656,21.93708038330078,-13.500064849853516,23.35120391845703,-25.16481590270996,15.513354301452637,-23.652324676513672,14.28332233428955,-13.347187995910645,12.587387084960938,-19.920639038085938,11.27926254272461,-16.92733383178711,12.365235328674316,-13.731423377990723,9.346681594848633,-17.26036834716797,10.469671249389648,1484.0045396943262,830.0201533163338,1359.5312991066173,442.6093384904769,2637.276785714286,1578.0256765150746,0.11276196676587301,0.11164038807185347,0.17602521181106567,0.07630618661642075,0.029116280376911163,0.0940949097275734
ai_hi_079.wav,ai,-122.91694641113281,68.60057067871094,109.91360473632812,58.67748260498047,1.4492470026016235,22.1407527923584,16.942991256713867,29.679697036743164,20.171890258789062,18.875452041625977,-0.35715606808662415,13.989327430725098,-10.068644523620605,16.683025360107422,-0.20343126356601715,12.867484092712402,-15.060067176818848,10.69599723815918,-12.238457679748535,11.248529434204102,-9.54452896118164,10.97033405303955,-3.6363494396209717,13.572994232177734,-15.436744689941406,8.941813468933105,1395.4574236447065,900.9296803184454,1508.9086668537097,374.7132462759376,2506.0143849206347,1634.1413844494016,0.10509672619047619,0.09888282186700838,0.19012844562530518,0.07001176476478577,0.019479956477880478,0.04635404422879219
ai_hi_080.wav,ai,-190.99757385253906,94.75289916992188,76.86659240722656,46.86183547973633,-15.62605094909668,37.55991744995117,9.105436325073242,31.321979522705078,-28.949188232421875,21.303142547607422,-19.22466468811035,21.173954010009766,-18.260744094848633,18.548250198364258,-31.762027740478516,15.0452299118042,-18.952495574951172,11.972918510437012,-18.378929138183594,11.08182430267334,-16.2742862701416,10.448526382446289,-19.138395309448242,12.083015441894531,-11.32670783996582,9.878087043762207,1524.8113834397784,753.6832783108339,1539.1046168447067,396.8071868744426,2856.3988095238096,1375.7582323369281,0.10176788814484126,0.08557429447019801,0.15718607604503632,0.06584396213293076,0.008145826868712902,0.022962329909205437
ai_hi_081.wav,ai,-114.95277404785156,76.86224365234375,106.8881607055664,54.56378936767578,-1.1793025732040405,28.756980895996094,22.402124404907227,40.61326217651367,3.934678554534912,23.371631622314453,-6.032838344573975,16.742040634155273,-4.139777183532715,17.33935546875,-6.1804938316345215,10.557682991027832,-21.91959571838379,12.5852689743042,-2.8660454750061035,13.529523849487305,-12.477603912353516,12.186383247375488,0.352319598197937,12.411985397338867,-21.423534393310547,11.657742500305176,1492.0309253479916,820.558190545075,1526.1888587325877,396.21555249652215,2742.683531746032,1537.538319119088,0.12110537574404762,0.09504848932359622,0.19500944018363953,0.06752931326627731,0.01726912148296833,0.03895540162920952
ai_hi_082.wav,ai,-193.33218383789062,111.8309326171875,74.09677124023438,65.17096710205078,-19.584598541259766,36.589969635009766,1.5439245700836182,26.810749053955078,-19.079925537109375,27.499752044677734,-19.9570255279541,24.75578498840332,-19.734697341918945,16.320537567138672,-32.18414306640625,14.15670108795166,-17.182153701782227,12.297818183898926,-15.93131160736084,12.112323760986328,-15.980667114257812,11.436110496520996,-16.873960494995117,12.664231300354004,-8.307610511779785,8.312989234924316,1768.7361168250059,1292.3964460487982,1481.2233367778254,444.2134215739565,3010.4786706349205,1821.7074972204607,0.1650119357638889,0.15379832468341487,0.14932706952095032,0.06396272033452988,0.011952978558838367,0.02794795110821724
ai_hi_083.wav,ai,-137.66612243652344,88.41776275634766,106.61261749267578,50.975616455078125,7.253544330596924,26.049692153930664,25.192901611328125,38.04147720336914,7.333906650543213,16.387073516845703,-9.584097862243652,15.295123100280762,-5.890348434448242,17.135652542114258,-10.1433687210083,12.587571144104004,-24.127582550048828,13.746078491210938,-7.251630783081055,11.441557884216309,-14.521960258483887,11.362078666687012,-11.617639541625977,13.810622215270996,-14.225981712341309,10.220536231994629,1299.9938216323633,778.0157530043516,1480.2713086868882,335.3236200621495,2395.3373015873017,1383.1368720997089,0.09624565972222222,0.10443381108513045,0.22079136967658997,0.09055472910404205,0.01226926501840353,0.032470088452100754
ai_hi_084.wav,ai,-186.90208435058594,90.08234405517578,71.53690338134766,62.538028717041016,-19.052881240844727,35.48500061035156,-2.9576969146728516,37.702213287353516,-18.265785217285156,26.83356475830078,-15.651655197143555,22.380998611450195,-12.834785461425781,17.73484992980957,-34.90139389038086,14.789400100708008,-20.321231842041016,14.607291221618652,-15.777045249938965,12.610472679138184,-17.22471809387207,9.242335319519043,-13.513263702392578,14.159506797790527,-14.557308197021484,11.701913833618164,1751.384726392448,1112.0942260073846,1562.329747131746,473.0501392509006,3034.598214285714,1841.5147757309478,0.14722067212301587,0.1362523537544256,0.15451884269714355,0.06936496496200562,0.01209936197847128,0.027689222246408463
ai_hi_085.wav,ai,-123.80394744873047,75.27965545654297,90.25337219238281,58.648197174072266,12.486112594604492,23.736204147338867,31.321537017822266,34.32267379760742,22.307029724121094,19.167221069335938,-5.315774440765381,15.656037330627441,-10.830421447753906,15.706483840942383,-2.6493074893951416,11.547006607055664,-22.310993194580078,12.63367748260498,-11.700662612915039,9.698710441589355,-15.513835906982422,12.621419906616211,-6.556225776672363,11.771514892578125,-16.015501022338867,7.524615287780762,1648.4440801987207,1126.6945501474058,1657.9631755025587,462.64573196290695,3159.4122023809523,1887.0864833378437,0.15132068452380953,0.14674239981501808,0.20520904660224915,0.078336700797081,0.024380771443247795,0.05029723048210144
ai_hi_086.wav,ai,-189.04615783691406,88.6591796875,54.465362548828125,58.33860778808594,-24.743797302246094,39.1732177734375,7.452314376831055,34.15509796142578,-30.6750545501709,23.067331314086914,-22.479894638061523,24.39873695373535,-20.917621612548828,17.03361701965332,-31.581674575805664,15.411839485168457,-21.903541564941406,14.52907943725586,-18.855945587158203,9.538165092468262,-14.761219024658203,11.208885192871094,-13.482558250427246,10.543725967407227,-13.396744728088379,11.875385284423828,2013.758413251859,1228.113272042693,1574.8568882650814,505.00605728905936,3520.8953373015875,1892.1221948613781,0.2167077442956349,0.16392141261026644,0.15404365956783295,0.06684236973524094,0.023855140432715416,0.05560760945081711
ai_hi_087.wav,ai,-137.34100341796875,98.86813354492188,103.81999969482422,55.598331451416016,11.06895637512207,29.29637336730957,15.543450355529785,26.009822845458984,12.774991035461426,21.797443389892578,-2.6411831378936768,17.55080223083496,-6.731734275817871,15.811727523803711,-1.7504299879074097,13.096148490905762,-20.604341506958008,12.624770164489746,-9.387541770935059,12.766640663146973,-8.688766479492188,11.461899757385254,-6.326593399047852,16.292417526245117,-17.266695022583008,9.490960121154785,1477.9685036582746,1075.7402891144018,1561.0244322601302,414.91971612400005,2644.407242063492,1842.764171317683,0.1263757130456349,0.13899677507702707,0.20765000581741333,0.0885692909359932,0.01849520020186901,0.042366672307252884
ai_hi_088.wav,ai,-196.67547607421875,133.36669921875,85.29277038574219,46.89356994628906,-33.21007537841797,34.437259674072266,-5.167902946472168,32.44893264770508,-37.057865142822266,21.9227352142334,-13.74341869354248,23.108659744262695,-25.13788604736328,15.518781661987305,-23.79790496826172,14.212285995483398,-13.407159805297852,12.632025718688965,-20.06000328063965,11.221224784851074,-16.76919174194336,12.38453483581543,-13.771500587463379,9.21018123626709,-17.283443450927734,10.50723934173584,1484.54963375796,832.2252628321753,1359.587604514863,444.62524993875286,2639.6329365079364,1581.8727060618814,0.11297510540674603,0.11182582717548922,0.17659981548786163,0.07656798511743546,0.02931325137615204,0.09440632164478302
ai_hi_089.wav,ai,-122.79132843017578,68.57962799072266,109.82133483886719,58.59878158569336,1.3576196432113647,22.38766098022461,16.827190399169922,29.572141647338867,20.068687438964844,18.82128143310547,-0.40378811955451965,13.924790382385254,-9.924538612365723,16.6363468170166,-0.2712639570236206,12.693197250366211,-15.132817268371582,10.829320907592773,-12.195460319519043,11.241416931152344,-9.818904876708984,11.233298301696777,-3.4852466583251953,13.567646980285645,-15.246519088745117,9.187811851501465,1396.004205383477,900.2874089593265,1510.1769362343734,375.56615878368376,2509.3005952380954,1636.8717444586746,0.10558888268849206,0.09874056393548977,0.1902332603931427,0.07015360891819,0.01936214230954647,0.045981697738170624
ai_hi_090.wav,ai,-191.14907836914062,94.90166473388672,76.53435516357422,46.70152282714844,-15.384589195251465,37.502681732177734,8.99004077911377,31.22224235534668,-29.01453971862793,21.363309860229492,-19.29404640197754,21.339372634887695,-18.333171844482422,18.6434268951416,-31.8341007232666,15.10728931427002,-19.0379581451416,11.641993522644043,-18.2219295501709,11.04727840423584,-16.677446365356445,10.437718391418457,-19.123394012451172,12.079324722290039,-11.413856506347656,10.090184211730957,1526.7626666925294,753.082876426982,1542.3217021099317,397.34500210318726,2868.0555555555557,1378.8969308325813,0.10139198908730158,0.08523304566279878,0.15703122317790985,0.06568724662065506,0.008202241733670235,0.023220259696245193
ai_hi_091.wav,ai,-115.08928680419922,76.7858657836914,106.92896270751953,54.59305191040039,-1.3022301197052002,28.803499221801758,22.29210662841797,40.36915969848633,4.122941493988037,23.408275604248047,-6.184350967407227,16.760156631469727,-4.166595935821533,17.296531677246094,-6.236270904541016,10.505253791809082,-21.908462524414062,12.879777908325195,-2.8950040340423584,13.790789604187012,-12.663041114807129,12.107009887695312,0.34479910135269165,12.356608390808105,-21.350067138671875,11.600117683410645,1491.2781249098139,821.0556014610995,1526.5019160337977,396.54119084733406,2742.559523809524,1538.1815577224402,0.12079535590277778,0.09509361981421041,0.19508826732635498,0.06766153872013092,0.017272984609007835,0.03898359835147858
ai_hi_092.wav,ai,-193.2763214111328,111.92876434326172,74.08405303955078,65.30558776855469,-19.498321533203125,36.63234329223633,1.4688124656677246,26.852550506591797,-19.089191436767578,27.504039764404297,-19.947954177856445,24.791519165039062,-19.66046714782715,16.277210235595703,-32.163970947265625,13.83579158782959,-17.06479835510254,12.424147605895996,-15.89212703704834,12.275137901306152,-15.901460647583008,11.44593620300293,-16.855737686157227,12.8027982711792,-8.177842140197754,8.398262977600098,1769.1442739727054,1292.4319466200875,1481.9450209664024,445.21181754594363,3009.5486111111113,1823.5920009912907,0.1649111793154762,0.15342160540356856,0.14938484132289886,0.06393834203481674,0.011963458731770515,0.02778877131640911
ai_hi_093.wav,ai,-137.4282684326172,88.40274810791016,106.44432067871094,50.9336051940918,7.320925712585449,26.17259407043457,25.12880516052246,38.14680862426758,7.238758087158203,16.5913028717041,-9.50556755065918,15.076146125793457,-5.9195685386657715,17.1236515045166,-9.984371185302734,12.395395278930664,-24.239788055419922,13.63145923614502,-7.198674201965332,11.393241882324219,-14.61841869354248,11.207908630371094,-11.520899772644043,13.87472915649414,-14.211835861206055,10.268437385559082,1301.5136396134008,777.4828535790797,1481.951425727546,334.8819993872827,2400.3596230158732,1380.3366708456876,0.09636191716269842,0.10447556819966787,0.2206229716539383,0.09056305885314941,0.012293295003473759,0.032491009682416916
ai_hi_094.wav,ai,-186.77224731445312,90.2601547241211,71.2356948852539,62.277748107910156,-19.017189025878906,35.2413330078125,-3.037767171859741,37.83058547973633,-18.418413162231445,27.107208251953125,-15.541918754577637,22.89603042602539,-13.20713996887207,17.487224578857422,-34.74443054199219,14.62145709991455,-20.456266403198242,14.285919189453125,-15.8340482711792,12.595029830932617,-17.27703094482422,9.433029174804688,-13.891901969909668,13.831093788146973,-14.34388256072998,11.32567310333252,1752.6758610282072,1112.2860851619098,1563.638611678661,472.797626170417,3036.9543650793653,1838.7628159085525,0.14781358506944445,0.13670138832475337,0.15481100976467133,0.06962046772241592,0.012115092016756535,0.02769564278423786
ai_hi_095.wav,ai,-120.41143798828125,75.37227630615234,90.26180267333984,58.52629470825195,12.2426176071167,23.560489654541016,31.20111656188965,34.24594497680664,22.39230728149414,19.19927406311035,-5.4175519943237305,15.639351844787598,-10.799546241760254,15.696510314941406,-2.8010997772216797,11.49107551574707,-22.20609474182129,12.566895484924316,-11.855616569519043,9.73813247680664,-15.52371597290039,12.733877182006836,-6.543372631072998,11.822956085205078,-16.230365753173828,7.567409515380859,1648.7792991518384,1125.5050591241566,1657.8931486988183,463.1072750030971,3160.280257936508,1888.750047530643,0.1517275855654762,0.14783582337616777,0.2121766358613968,0.08097078651189804,0.024315856397151947,0.05030656233429909
ai_hi_096.wav,ai,-188.86666870117188,88.66384887695312,54.32678985595703,58.37299728393555,-24.75349998474121,38.934349060058594,7.0996479988098145,34.08651351928711,-30.542028427124023,23.306949615478516,-22.51030921936035,24.479095458984375,-20.9390926361084,17.065078735351562,-31.59983253479004,15.348787307739258,-21.943199157714844,14.731450080871582,-18.62738800048828,9.590361595153809,-14.970237731933594,11.301570892333984,-13.533409118652344,10.607621192932129,-13.68308162689209,11.900873184204102,2018.6866381567206,1234.6548971122506,1576.1584812317212,503.9361689049716,3533.6061507936506,1899.8197796320617,0.21651785714285715,0.16395974409093958,0.15411563217639923,0.06682128459215164,0.023874305188655853,0.055597901344299316
ai_hi_097.wav,ai,-137.5086669921875,98.82371520996094,103.93231201171875,55.685367584228516,10.939634323120117,29.45353889465332,15.607357025146484,26.04686164855957,12.535178184509277,21.795352935791016,-2.358659029006958,17.62931251525879,-6.910229206085205,15.958090782165527,-1.873384952545166,13.158537864685059,-20.580224990844727,12.551063537597656,-9.237549781799316,12.918901443481445,-8.742137908935547,11.391057968139648,-6.381653785705566,16.476266860961914,-17.263246536254883,9.589372634887695,1477.227524985757,1076.6691874916635,1558.2227173338283,415.7235074213593,2641.4310515873017,1845.5737039073783,0.12644159226190477,0.13871845007683042,0.20776508748531342,0.08870629221200943,0.01841113343834877,0.04191267490386963
ai_hi_098.wav,ai,-196.50100708007812,133.37550354003906,85.21940612792969,46.98957443237305,-33.231712341308594,34.45272445678711,-5.016857624053955,32.59519958496094,-37.12582778930664,22.0386962890625,-13.745794296264648,23.059009552001953,-25.16956329345703,15.414523124694824,-23.762216567993164,14.225111961364746,-13.503741264343262,12.687393188476562,-19.903757095336914,11.136780738830566,-16.870677947998047,12.367420196533203,-13.833041191101074,9.203845024108887,-17.304279327392578,10.493856430053711,1485.3582476780916,832.8275311308372,1360.130980670766,444.16176737853965,2641.6170634920636,1583.0209322717196,0.11288209945436507,0.11157327726864007,0.17701739072799683,0.07666342705488205,0.029410144314169884,0.09480365365743637
ai_hi_099.wav,ai,-122.7112808227539,68.59886169433594,109.78799438476562,58.55054473876953,1.4396164417266846,22.314882278442383,16.898357391357422,29.61299705505371,20.090482711791992,18.876935958862305,-0.6175188422203064,13.920430183410645,-9.799790382385254,16.824634552001953,-0.5709957480430603,12.570642471313477,-14.899923324584961,10.657479286193848,-12.05592155456543,11.074045181274414,-9.819231986999512,11.025694847106934,-3.6179463863372803,13.697047233581543,-15.385108947753906,9.025627136230469,1395.4272554374454,899.930478942082,1510.4177113798535,373.96514838599387,2504.154265873016,1633.5061700889462,0.10512772817460317,0.09837392982409052,0.1903025060892105,0.07011350244283676,0.019474564120173454,0.04635097086429596
ai_hi_100.wav,ai,-191.2871856689453,94.7016830444336,76.75328063964844,46.680511474609375,-15.818297386169434,37.48948669433594,8.783992767333984,31.336267471313477,-29.001691818237305,21.314542770385742,-19.33894920349121,21.329288482666016,-18.599224090576172,18.600521087646484,-31.844261169433594,15.153200149536133,-19.08063507080078,11.991911888122559,-18.24860191345215,11.045358657836914,-16.371776580810547,10.649399757385254,-19.355445861816406,11.935501098632812,-11.38103199005127,9.79442310333252,1522.6645479011936,753.5790699960359,1536.8237592529815,396.55800410536585,2845.7961309523807,1377.179395764659,0.10158187624007936,0.08558141526132569,0.1573910117149353,0.06587420403957367,0.008129916153848171,0.023152507841587067
ai_kn_001.wav,ai,-166.60684204101562,92.29063415527344,99.53797149658203,68.88330841064453,10.201295852661133,38.80495834350586,58.05021667480469,27.84623146057129,0.7788260579109192,17.3555850982666,0.11283672600984573,13.959129333496094,-8.305967330932617,13.986695289611816,-8.401642799377441,14.969839096069336,-12.386110305786133,10.21762752532959,-17.301698684692383,12.130399703979492,-4.309224605560303,7.8275275230407715,-12.437376022338867,10.421957015991211,-6.362010955810547,7.136728286743164,1532.5593046895008,1209.7606430613491,1440.6236936897776,537.8176568752656,2961.9915674603176,1929.6326126978615,0.13240947420634921,0.141774788094125,0.16178421676158905,0.07273866981267929,0.024099159985780716,0.0499599426984787
ai_kn_002.wav,ai,-234.7921905517578,89.15929412841797,111.63858032226562,47.255428314208984,-3.5373198986053467,32.68808364868164,10.846100807189941,24.673871994018555,-35.392887115478516,22.903865814208984,3.2706875801086426,13.450983047485352,-26.841522216796875,16.82075309753418,-16.521865844726562,10.453123092651367,-20.109554290771484,13.738668441772461,-22.67674446105957,9.855133056640625,-17.661142349243164,8.196210861206055,-19.411142349243164,9.773822784423828,-3.0778839588165283,9.58067512512207,1132.8951833571164,694.034641811236,1255.3978043004108,373.59272103992555,2089.409722222222,1330.833109246754,0.07226950024801587,0.07208844239041462,0.13256286084651947,0.059351932257413864,0.008881248533725739,0.020109448581933975
ai_kn_003.wav,ai,-165.59115600585938,91.69863891601562,99.22332000732422,66.6051025390625,10.331624031066895,38.77731704711914,56.40660095214844,28.514463424682617,-2.7700283527374268,18.238149642944336,0.15521466732025146,12.748363494873047,-11.503332138061523,14.28139877319336,-8.515130043029785,13.836737632751465,-14.862386703491211,11.863765716552734,-14.710989952087402,13.045516967773438,-5.006489276885986,7.446252346038818,-12.495734214782715,10.700655937194824,-4.120966911315918,6.603791236877441,1552.1544755382104,1183.3800826547529,1460.413209507697,537.1901499459774,2999.627976190476,1908.7099847752474,0.13475399925595238,0.1401435976768539,0.1540924310684204,0.0671880766749382,0.026360252872109413,0.05360664427280426
ai_kn_004.wav,ai,-237.9471893310547,89.9555892944336,112.82586669921875,47.82792663574219,-1.6208866834640503,33.182918548583984,13.360118865966797,24.832792282104492,-34.77402877807617,23.450542449951172,3.4910662174224854,13.262311935424805,-22.266910552978516,15.605938911437988,-17.9787540435791,10.844271659851074,-15.991230010986328,12.320613861083984,-23.451292037963867,11.52855110168457,-16.14101791381836,8.809800148010254,-22.229358673095703,10.337385177612305,-4.490176200866699,9.160573959350586,1107.3088760542314,693.1009045773363,1244.8846166415526,383.76375939075365,2052.8893849206347,1348.3765302196532,0.06967308407738096,0.07029822106767115,0.134399875998497,0.061821047216653824,0.008932835422456264,0.022593792527914047
ai_kn_005.wav,ai,-176.68731689453125,95.42330932617188,98.80730438232422,72.46207427978516,8.87695598602295,38.47100067138672,57.51963806152344,28.2003231048584,4.28242826461792,16.37318229675293,0.4214993119239807,15.62909984588623,-5.778460502624512,14.199114799499512,-8.659608840942383,15.539462089538574,-9.520193099975586,9.912676811218262,-19.139184951782227,11.8970365524292,-4.524284362792969,8.59475040435791,-11.244064331054688,10.031320571899414,-9.541440963745117,8.464686393737793,1562.0175053308467,1255.6769135873492,1434.99839775359,559.6715883561918,2999.2559523809523,1997.6503232584696,0.1357576884920635,0.143467810003169,0.15300828218460083,0.07132236659526825,0.026974964886903763,0.052922118455171585
ai_kn_006.wav,ai,-219.15098571777344,83.67042541503906,106.40029907226562,46.27587890625,-4.054440021514893,31.827672958374023,6.652970790863037,23.797100067138672,-36.287479400634766,20.375850677490234,1.779780626296997,15.79974365234375,-33.54631805419922,16.40411376953125,-13.5631103515625,8.85522174835205,-26.853727340698242,15.216772079467773,-20.278514862060547,7.366031646728516,-19.61691665649414,8.429946899414062,-12.288183212280273,7.897211074829102,-4.996365070343018,10.009469985961914,1221.7528717370662,729.1913327521074,1328.4293633672262,361.2084348385409,2286.1483134920636,1359.537388716412,0.0794464595734127,0.07373683485220853,0.13412034511566162,0.056704986840486526,0.009679918177425861,0.02122640423476696
ai_kn_007.wav,ai,-181.96429443359375,95.74913024902344,95.55860137939453,75.849609375,9.418573379516602,36.73295974731445,58.51316833496094,27.7277889251709,9.125391006469727,15.148348808288574,0.6924039721488953,16.79129981994629,-3.0680978298187256,13.186906814575195,-8.118885040283203,15.915449142456055,-6.663469314575195,10.306960105895996,-20.013538360595703,11.7678804397583,-6.646228790283203,7.96810245513916,-9.51997184753418,9.383084297180176,-12.337898254394531,9.914739608764648,1585.6320110963852,1299.3614778708525,1435.6223409702347,558.3789489988873,3008.6805555555557,2069.5334952076987,0.13767593625992064,0.15007065719505797,0.1517801284790039,0.07493239641189575,0.029293980449438095,0.05592208355665207
ai_kn_008.wav,ai,-216.46693420410156,81.96633911132812,103.17668914794922,44.30056381225586,-2.750491142272949,30.77684783935547,3.1035382747650146,23.70411491394043,-35.80609893798828,19.72391700744629,-0.6387927532196045,16.13153839111328,-34.93632507324219,15.289785385131836,-14.183612823486328,10.004521369934082,-29.400495529174805,15.2360200881958,-18.74387550354004,7.670947074890137,-19.705583572387695,8.287508010864258,-9.0194673538208,7.938922882080078,-8.36736011505127,9.328167915344238,1234.1327830496946,727.1897445641438,1348.5916768362656,360.69414616730194,2328.7450396825398,1343.9275658936192,0.08033389136904762,0.07156538727349504,0.13521374762058258,0.05457787960767746,0.008531290106475353,0.01964019052684307
ai_kn_009.wav,ai,-188.3543701171875,98.5856704711914,96.21375274658203,77.48155212402344,9.476802825927734,35.519805908203125,56.730690002441406,25.889848709106445,12.944731712341309,14.803890228271484,2.126063585281372,17.10544204711914,-0.43975600600242615,12.982267379760742,-8.176712036132812,15.687074661254883,-5.23780632019043,9.655885696411133,-18.047603607177734,11.808008193969727,-8.77891731262207,8.829622268676758,-6.511093616485596,8.31658935546875,-14.642753601074219,10.377273559570312,1554.428816528217,1306.6536934698877,1406.238069887364,556.256327449341,2919.0848214285716,2062.702786289144,0.13617234002976192,0.14760019598404603,0.1453615427017212,0.07189805805683136,0.03073788620531559,0.06006621941924095
ai_kn_010.wav,ai,-227.0401153564453,83.83985900878906,107.16934967041016,47.89921569824219,-2.93822979927063,31.757047653198242,8.28782844543457,24.89081382751465,-36.34964370727539,21.22503662109375,2.1262128353118896,15.083343505859375,-30.817642211914062,16.21809196472168,-15.430065155029297,10.001241683959961,-23.637733459472656,14.72521686553955,-21.878067016601562,8.108208656311035,-18.6118106842041,8.657352447509766,-15.828484535217285,9.236357688903809,-3.5975866317749023,10.608675956726074,1188.5793865514693,738.6861257599073,1283.6225235736933,371.08621243912984,2194.6304563492063,1366.1514710642853,0.07657102554563493,0.07400372941394891,0.12972968816757202,0.05543586239218712,0.009050073102116585,0.021339673548936844
ai_kn_011.wav,ai,-166.47047424316406,92.29837799072266,99.45511627197266,69.10530090332031,10.16096305847168,38.91176986694336,58.106163024902344,27.59455108642578,0.7466216087341309,17.3355770111084,0.07589767873287201,13.812701225280762,-8.171178817749023,14.098417282104492,-8.240477561950684,15.080744743347168,-12.53637409210205,10.23201847076416,-17.336254119873047,12.065868377685547,-4.386621952056885,7.833931922912598,-12.147401809692383,10.535795211791992,-6.283761978149414,7.0710906982421875,1533.9565222221938,1211.3252892395126,1440.215775484064,539.0553465724577,2962.6736111111113,1931.8400935389345,0.13247535342261904,0.1414711533279933,0.16167540848255157,0.07266072928905487,0.02420482411980629,0.05001579225063324
ai_kn_012.wav,ai,-234.82064819335938,89.07933807373047,111.65096282958984,47.259063720703125,-3.4104294776916504,32.651954650878906,10.880936622619629,24.422822952270508,-35.396888732910156,22.938106536865234,3.30342698097229,13.632091522216797,-26.858314514160156,16.699588775634766,-16.41420555114746,10.05431842803955,-19.96518325805664,13.818549156188965,-22.698436737060547,10.00200366973877,-17.733665466308594,8.218722343444824,-19.27835464477539,9.86461353302002,-3.1973185539245605,9.788505554199219,1133.546105889356,697.6287976016048,1255.5280013685224,373.5700833592377,2088.9136904761904,1335.2178633049598,0.07245551215277778,0.07223005750094966,0.13246357440948486,0.05935558304190636,0.008914411067962646,0.020269719883799553
ai_kn_013.wav,ai,-165.66380310058594,91.75403594970703,99.22566986083984,66.47051239013672,10.364026069641113,38.74651336669922,56.24333572387695,28.541412353515625,-2.855900526046753,18.255062103271484,0.1684398353099823,12.832425117492676,-11.538278579711914,14.336665153503418,-8.33366584777832,13.711955070495605,-14.903454780578613,11.663971900939941,-14.820024490356445,12.962227821350098,-4.875638008117676,7.279223918914795,-12.502135276794434,10.610502243041992,-4.0197625160217285,6.505319118499756,1551.217507381847,1180.941086944704,1460.9245829378754,536.1254275788926,2999.3179563492063,1902.6867830409892,0.13621109250992064,0.14205704552240755,0.15406259894371033,0.06733987480401993,0.026660911738872528,0.05487687140703201
ai_kn_014.wav,ai,-237.77696228027344,89.99789428710938,112.77792358398438,47.662784576416016,-1.2961679697036743,33.14751434326172,13.383312225341797,24.968523025512695,-34.69623947143555,23.391061782836914,3.4190971851348877,13.189325332641602,-22.066118240356445,15.61298656463623,-17.772640228271484,10.710962295532227,-15.943832397460938,12.32053279876709,-23.282068252563477,11.56041145324707,-15.98110580444336,8.867112159729004,-22.158571243286133,10.469852447509766,-4.2357988357543945,9.237689018249512,1108.5921703419694,691.7518537240337,1247.305302075374,384.11201451413876,2056.4236111111113,1349.94616487421,0.07028924851190477,0.069895667164448,0.13439927995204926,0.06182270869612694,0.009011001326143742,0.02279411256313324
ai_kn_015.wav,ai,-176.84129333496094,95.3603515625,98.94788360595703,72.36590576171875,8.856027603149414,38.50996017456055,57.44780349731445,28.053529739379883,4.540621757507324,16.546186447143555,0.5391425490379333,15.549077033996582,-5.75443172454834,14.381329536437988,-8.778056144714355,15.744654655456543,-9.554931640625,10.15487289428711,-19.31736183166504,11.911657333374023,-4.530566215515137,8.621706008911133,-11.361472129821777,10.148099899291992,-9.570174217224121,8.45528507232666,1559.864946404955,1254.1117066828049,1436.4573270997892,557.7424878625949,2992.249503968254,1998.1587720057073,0.13491288442460317,0.14297027666276255,0.15313215553760529,0.07135665416717529,0.02684759348630905,0.05308464169502258
ai_kn_016.wav,ai,-219.2468719482422,83.64566802978516,106.47944641113281,46.40290451049805,-4.109373569488525,31.667224884033203,6.517271041870117,23.833309173583984,-36.29462432861328,20.381324768066406,1.635469675064087,15.876790046691895,-33.442710876464844,16.42205810546875,-13.595288276672363,8.881921768188477,-27.128673553466797,15.231837272644043,-20.27040672302246,7.4953508377075195,-19.814672470092773,8.389779090881348,-12.128564834594727,8.054076194763184,-4.999972820281982,10.009716987609863,1221.2038490118769,729.4504172575829,1327.8485837734145,362.78694455815673,2287.1403769841268,1363.0225273086282,0.07975260416666667,0.0730946503028768,0.13409316539764404,0.056626301258802414,0.009680626913905144,0.021196117624640465
ai_kn_017.wav,ai,-181.92311096191406,95.73310089111328,95.65912628173828,75.81973266601562,9.294018745422363,36.556556701660156,58.59376907348633,27.965906143188477,9.080820083618164,15.163947105407715,0.6745568513870239,16.675384521484375,-3.11279559135437,13.434903144836426,-7.877511501312256,15.871722221374512,-6.663597106933594,10.202685356140137,-20.074918746948242,11.710602760314941,-6.530220985412598,7.9271979331970215,-9.576631546020508,9.672231674194336,-12.457300186157227,9.915833473205566,1586.2045313637689,1300.005028881044,1434.3430226161297,555.6731516216474,3008.6185515873017,2064.2710099317815,0.1376526847718254,0.15060417845726765,0.15155480802059174,0.07507053017616272,0.02943289279937744,0.055950164794921875
ai_kn_018.wav,ai,-216.3730926513672,81.92835235595703,103.03904724121094,44.47789001464844,-2.5754709243774414,30.683500289916992,2.8962018489837646,23.527551651000977,-35.75625228881836,19.733409881591797,-0.48247194290161133,16.21695327758789,-35.14729309082031,15.384584426879883,-14.083829879760742,10.037065505981445,-29.398408889770508,15.15955924987793,-18.77472686767578,7.958010196685791,-19.769563674926758,8.329093933105469,-8.887492179870605,7.834460735321045,-8.311986923217773,9.345057487487793,1236.516499287487,728.8258233100762,1351.345422712229,360.2404885359928,2335.1934523809523,1351.161898068088,0.08051602802579365,0.07257636006600102,0.13521480560302734,0.05457233265042305,0.008525052107870579,0.01948929950594902
ai_kn_019.wav,ai,-188.49098205566406,98.7548599243164,96.26255798339844,77.43238830566406,9.586621284484863,35.477203369140625,56.68846130371094,25.937673568725586,13.082180976867676,14.796442031860352,2.1632323265075684,17.14892578125,-0.6071690320968628,13.02817440032959,-8.022965431213379,15.815986633300781,-5.304365158081055,9.773554801940918,-17.86642074584961,11.672645568847656,-9.149250984191895,8.86458969116211,-6.259781360626221,8.322763442993164,-14.744990348815918,10.180501937866211,1554.2556115336167,1308.2664329147892,1405.4749536530571,556.1038197316932,2917.782738095238,2067.8900534234795,0.13604833209325398,0.14807092226010232,0.14536863565444946,0.07196392118930817,0.030499305576086044,0.059720490127801895
ai_kn_020.wav,ai,-227.25112915039062,83.84058380126953,107.1572265625,47.882266998291016,-2.991156816482544,31.738513946533203,8.117478370666504,25.181028366088867,-36.16024398803711,21.285755157470703,2.1338231563568115,15.047463417053223,-31.01140022277832,16.098228454589844,-15.3886079788208,9.913443565368652,-23.88400650024414,14.830455780029297,-21.870254516601562,7.957130432128906,-18.909889221191406,8.436860084533691,-15.771631240844727,9.049203872680664,-3.5312788486480713,10.432698249816895,1188.6533005095384,738.6032855421441,1283.6974404819111,371.10451196955466,2194.6304563492063,1365.4896699322578,0.07641214037698413,0.07315359085406122,0.1297212392091751,0.05542967468500137,0.009012739174067974,0.021280840039253235
ai_ml_001.wav,ai,-163.34246826171875,64.80257415771484,101.83683013916016,73.90606689453125,3.7998459339141846,37.6059455871582,45.482913970947266,29.170856475830078,1.5611051321029663,15.249314308166504,-0.770166277885437,12.52043342590332,-13.039816856384277,12.943716049194336,-12.396169662475586,12.708963394165039,-10.023152351379395,9.619738578796387,-8.65700626373291,13.297321319580078,-5.173660755157471,8.135626792907715,-7.0817365646362305,7.435854911804199,-6.446434497833252,7.477429389953613,1687.7565021525245,1228.3279631426667,1521.700072182324,569.9183443958208,3252.3561507936506,1973.5838862443918,0.14148918030753968,0.1178158847463222,0.11347104609012604,0.046429622918367386,0.03206899017095566,0.0555543377995491
ai_ml_002.wav,ai,-206.71969604492188,80.62007904052734,104.43758392333984,48.353294372558594,14.230768203735352,24.22776985168457,20.758211135864258,35.19146728515625,-29.34542465209961,20.64629364013672,1.5455496311187744,16.955062866210938,-16.891307830810547,15.945341110229492,-17.44308853149414,10.617445945739746,-24.359527587890625,10.904441833496094,-25.405561447143555,10.081886291503906,-15.089437484741211,9.708267211914062,-21.508031845092773,10.23958969116211,-8.017827987670898,9.681385040283203,1094.4030848698706,768.594721119732,1268.61264441112,455.9159164335089,2074.8387896825398,1579.364394137345,0.07331581721230158,0.07574862166384563,0.20887765288352966,0.10295751690864563,0.008282964117825031,0.02422633022069931
ai_ml_003.wav,ai,-160.42276000976562,63.08548355102539,100.05635833740234,71.27645874023438,3.6693105697631836,37.763370513916016,43.41484451293945,28.276222229003906,-2.7328004837036133,15.095484733581543,-1.665663480758667,12.074989318847656,-15.36135482788086,11.942636489868164,-12.038861274719238,12.65534782409668,-10.032840728759766,11.189187049865723,-7.425350189208984,13.191481590270996,-5.548052787780762,8.065431594848633,-7.461527347564697,7.204237937927246,-5.0984978675842285,7.631587982177734,1722.9414999149942,1218.401977779448,1544.4928909735615,547.2583693214368,3325.0868055555557,1914.9432528356078,0.14661613343253968,0.1226806328322141,0.11051680892705917,0.04613855853676796,0.03298451751470566,0.05564127489924431
ai_ml_004.wav,ai,-209.17208862304688,81.58401489257812,103.54456329345703,48.767093658447266,15.067503929138184,23.386499404907227,21.14214324951172,33.982139587402344,-26.308910369873047,21.13045310974121,-0.1955820769071579,17.181032180786133,-13.340421676635742,15.605298042297363,-18.037866592407227,11.716957092285156,-20.885311126708984,9.946918487548828,-27.572294235229492,11.280726432800293,-15.120380401611328,10.867316246032715,-22.096942901611328,10.010503768920898,-10.310633659362793,8.516682624816895,1075.0741721803481,761.9773301135456,1265.7991614895755,468.459524496238,2022.5074404761904,1570.7124231445682,0.07221912202380952,0.07576811268366007,0.21003542840480804,0.10613735020160675,0.00960610806941986,0.030106550082564354
ai_ml_005.wav,ai,-165.0131072998047,66.92406463623047,98.7464828491211,76.19729614257812,3.981294631958008,36.11944580078125,44.899070739746094,29.59568977355957,4.461843490600586,14.497488021850586,-0.5067983865737915,11.434792518615723,-10.94144058227539,13.30295181274414,-11.779901504516602,13.64237117767334,-8.617542266845703,8.794196128845215,-10.129183769226074,12.832146644592285,-6.349457263946533,8.8369140625,-5.9819769859313965,7.376084804534912,-7.345041751861572,8.47553825378418,1741.1412932045341,1282.3283829179727,1533.1417725841984,573.0710458706826,3323.90873015873,2026.69634450576,0.1479763454861111,0.12614687275726325,0.11295796185731888,0.04872177541255951,0.034959323704242706,0.05770410597324371
ai_ml_006.wav,ai,-210.0641632080078,89.76271057128906,99.21940612792969,47.815120697021484,10.031651496887207,25.917139053344727,12.513683319091797,31.77338409423828,-29.825563430786133,22.753185272216797,2.2523691654205322,16.133378982543945,-23.11233901977539,16.363525390625,-16.626073837280273,12.785295486450195,-28.167186737060547,15.500826835632324,-21.22418975830078,10.124723434448242,-18.27138900756836,7.190884113311768,-15.799558639526367,7.745143890380859,-7.041043758392334,9.0336275100708,1115.763657323918,760.0569210358923,1279.57756063699,490.16232390362734,2144.097222222222,1573.4313659531833,0.07242838541666667,0.07564022855172313,0.19478122889995575,0.10785843431949615,0.031321533024311066,0.15294070541858673
ai_ml_007.wav,ai,-170.73025512695312,69.61924743652344,97.0401382446289,79.27477264404297,4.82293701171875,34.70228958129883,45.42792892456055,28.65884017944336,9.147506713867188,14.847611427307129,0.697638213634491,11.578710556030273,-7.962594032287598,13.55997371673584,-12.340849876403809,13.527108192443848,-8.118538856506348,8.283334732055664,-10.310380935668945,12.70161247253418,-6.9427289962768555,8.098322868347168,-5.0441107749938965,7.57943868637085,-9.041481971740723,8.092759132385254,1755.231288868913,1336.7764648414006,1519.4492546645677,570.7983410236911,3318.0183531746034,2069.035308037772,0.14599609375,0.13304266411116966,0.11290421336889267,0.051923081278800964,0.03515045717358589,0.059169601649045944
ai_ml_008.wav,ai,-216.1666717529297,101.16064453125,96.5711669921875,48.91109085083008,8.77768325805664,26.58692741394043,10.276611328125,30.051193237304688,-29.292255401611328,23.88815689086914,2.3729896545410156,16.698062896728516,-25.189035415649414,17.70343017578125,-16.39255142211914,13.769426345825195,-29.78571891784668,16.167949676513672,-18.009862899780273,10.774330139160156,-18.551082611083984,7.835107803344727,-12.666860580444336,8.369266510009766,-7.962622165679932,8.73161506652832,1089.2169873846606,758.8122089938493,1253.9211781325348,528.8838567334077,2103.9186507936506,1565.6736339448664,0.07125418526785714,0.07522852606995396,0.18889090418815613,0.10995900630950928,0.06223771721124649,0.22832649946212769
ai_ml_009.wav,ai,-172.5511016845703,72.07393646240234,96.2554931640625,77.98126220703125,5.488149166107178,32.536277770996094,45.87560272216797,27.73054313659668,13.530913352966309,14.335846900939941,1.8213083744049072,12.102741241455078,-5.774171829223633,13.609057426452637,-12.42814826965332,13.773364067077637,-7.580803871154785,9.272329330444336,-11.394201278686523,11.695369720458984,-8.435335159301758,8.873922348022461,-4.2635393142700195,7.697943687438965,-9.742110252380371,7.579535484313965,1726.5822045817174,1326.5983255169826,1519.02508235519,563.1996099127491,3244.2956349206347,2075.696664945738,0.1415279327876984,0.12957897956770395,0.11390918493270874,0.0512431338429451,0.03652358800172806,0.06163381412625313
ai_ml_010.wav,ai,-203.1024169921875,78.17977142333984,102.88272094726562,45.92485809326172,11.22739315032959,26.327754974365234,16.97026252746582,33.67986297607422,-30.20879364013672,22.075477600097656,2.0388741493225098,16.27006721496582,-20.3226375579834,16.601093292236328,-16.907278060913086,11.486069679260254,-26.799428939819336,13.22262954711914,-22.916946411132812,9.960367202758789,-17.07378387451172,7.950830936431885,-19.109594345092773,8.280914306640625,-6.87773323059082,9.477437019348145,1117.0270402032309,747.9005046474336,1291.380765025797,444.88164003797704,2118.6135912698414,1543.6309204241902,0.07579985119047619,0.07761284034687177,0.20320720970630646,0.10444702208042145,0.008128736168146133,0.02557600475847721
ai_ml_011.wav,ai,-163.1214141845703,64.8090591430664,101.6886215209961,73.90178680419922,3.831629753112793,37.5042839050293,45.44552230834961,29.140012741088867,1.3565492630004883,15.234742164611816,-0.7974148988723755,12.447834014892578,-13.100164413452148,12.836929321289062,-12.266548156738281,12.82436466217041,-9.986335754394531,9.672562599182129,-8.842877388000488,13.147192001342773,-5.010119915008545,8.08267879486084,-7.1056647300720215,7.450808048248291,-6.230914115905762,7.327950954437256,1690.5809526664962,1231.8731823538521,1522.7628730425834,569.2367297061164,3257.936507936508,1972.6349436337048,0.14040411086309523,0.11668971033855276,0.11347779631614685,0.0462828055024147,0.03198770061135292,0.05512304976582527
ai_ml_012.wav,ai,-206.8069610595703,80.75068664550781,104.37115478515625,48.24262619018555,14.189401626586914,24.13129997253418,20.7424259185791,35.019371032714844,-29.43387222290039,20.65062141418457,1.401766300201416,16.911760330200195,-17.066829681396484,15.87787914276123,-17.41840934753418,10.68908405303955,-24.380037307739258,10.876543998718262,-25.442138671875,10.08474349975586,-15.247739791870117,9.710996627807617,-21.559906005859375,10.211791038513184,-7.8659586906433105,9.444221496582031,1093.5850714953406,765.8163895280684,1267.8353777563655,455.89450983528917,2073.4126984126983,1577.355005066675,0.07334681919642858,0.07502545543247123,0.2089579701423645,0.1032063290476799,0.00833706371486187,0.02415607124567032
ai_ml_013.wav,ai,-160.6839141845703,63.0533332824707,100.27777099609375,71.31684875488281,3.6129071712493896,37.98865509033203,43.68610382080078,28.300716400146484,-2.806492328643799,15.165436744689941,-1.6361922025680542,12.0442476272583,-15.259596824645996,11.993165016174316,-11.96701717376709,12.748882293701172,-10.163189888000488,10.958749771118164,-7.42135763168335,13.20119571685791,-5.520993709564209,8.088735580444336,-7.448657035827637,7.282084941864014,-4.997964859008789,7.636647701263428,1720.6376995335822,1216.5238168623614,1543.1273177925382,548.1123751503922,3322.7926587301586,1913.2918888269157,0.14649600074404762,0.12282557871378837,0.11046626418828964,0.04610850661993027,0.03299633786082268,0.05589238554239273
ai_ml_014.wav,ai,-209.10874938964844,81.6367416381836,103.58226013183594,48.845428466796875,15.054454803466797,23.507741928100586,21.093332290649414,33.982601165771484,-26.252506256103516,20.943767547607422,-0.12768393754959106,17.028364181518555,-13.320230484008789,15.656749725341797,-18.059755325317383,11.750115394592285,-20.73922348022461,9.796870231628418,-27.6944580078125,11.27979564666748,-15.205475807189941,10.573270797729492,-22.113365173339844,9.917740821838379,-10.32055950164795,8.50781536102295,1074.7650076688965,763.5158740120884,1265.0251316022056,468.1672743666165,2018.7251984126983,1570.9885615302198,0.07209511408730158,0.07574820324539558,0.2102620005607605,0.10646986961364746,0.009595668874680996,0.03006276860833168
ai_ml_015.wav,ai,-164.98153686523438,66.8744125366211,98.71585845947266,76.23308563232422,3.98960280418396,36.188297271728516,45.01128005981445,29.613426208496094,4.408750534057617,14.41463851928711,-0.42289504408836365,11.508992195129395,-10.951142311096191,13.333412170410156,-12.04181957244873,13.673992156982422,-8.53441333770752,8.711060523986816,-10.0911865234375,12.897505760192871,-6.333243370056152,8.73106861114502,-5.956312656402588,7.405777454376221,-7.369904041290283,8.619562149047852,1741.9785034390918,1282.182718654336,1533.5234390823782,572.9953426146219,3324.8387896825398,2028.2258550135655,0.14791046626984128,0.12652145762601985,0.11303170770406723,0.04873292148113251,0.035038482397794724,0.057742636650800705
ai_ml_016.wav,ai,-210.13336181640625,89.63443756103516,99.07750701904297,47.90126419067383,9.965291023254395,25.911970138549805,12.519253730773926,31.672292709350586,-29.856582641601562,22.794750213623047,2.287445068359375,16.207393646240234,-23.126535415649414,16.510866165161133,-16.65998077392578,12.667546272277832,-28.219919204711914,15.559774398803711,-21.172266006469727,9.94992446899414,-18.162931442260742,7.1946234703063965,-15.911447525024414,7.866366386413574,-7.044459819793701,8.977062225341797,1115.9342071187455,759.7571381119498,1279.6573901497893,488.85052610024553,2141.9890873015875,1570.6622989549955,0.07236250620039683,0.07557535993235141,0.1948004812002182,0.10787801444530487,0.031214334070682526,0.15289278328418732
ai_ml_017.wav,ai,-171.0470733642578,69.57129669189453,96.95588684082031,79.19834899902344,4.647122859954834,35.005455017089844,45.521087646484375,28.412479400634766,9.03430461883545,14.667516708374023,0.4727894961833954,11.867419242858887,-7.909744739532471,13.563084602355957,-12.669742584228516,13.50001335144043,-8.11815357208252,8.246376991271973,-10.389663696289062,12.535218238830566,-6.960211277008057,8.479866981506348,-5.052523612976074,7.657651901245117,-8.952836990356445,8.166095733642578,1755.754129185937,1336.8278833969202,1519.4081240730197,570.7029214026278,3317.0262896825398,2069.7851307706073,0.14642624627976192,0.13377955234781327,0.11279717832803726,0.05186567083001137,0.03504079580307007,0.05913541838526726
ai_ml_018.wav,ai,-216.1477813720703,101.06645965576172,96.57251739501953,48.96781921386719,8.731863975524902,26.6679744720459,10.061662673950195,29.674840927124023,-29.309659957885742,24.15765953063965,2.3222994804382324,16.814462661743164,-25.197235107421875,17.748796463012695,-16.268814086914062,13.496845245361328,-29.858280181884766,16.247962951660156,-17.930477142333984,10.659188270568848,-18.491477966308594,7.876223087310791,-12.67410945892334,8.311153411865234,-7.921418190002441,8.672408103942871,1089.685855959664,759.3375706724198,1254.4532931069994,529.4195082524466,2106.9568452380954,1569.1813574776102,0.07127743675595238,0.0755688610551874,0.18885594606399536,0.11009380221366882,0.06222963333129883,0.22832299768924713
ai_ml_019.wav,ai,-172.58084106445312,72.11703491210938,96.3443603515625,78.04381561279297,5.4594197273254395,32.30281448364258,45.78644561767578,27.740201950073242,13.361811637878418,14.339980125427246,1.7750545740127563,12.356717109680176,-5.606050968170166,13.532171249389648,-12.368907928466797,13.693414688110352,-7.731025695800781,9.11631965637207,-11.346763610839844,12.019532203674316,-8.554841041564941,8.650711059570312,-4.200936317443848,7.570289134979248,-9.74781608581543,7.636188507080078,1724.7523590262272,1323.211134120576,1518.4392894985742,562.7010626680642,3241.629464285714,2073.6110988375763,0.14165194072420634,0.1297740535739279,0.11366919428110123,0.05096470192074776,0.036734919995069504,0.062193531543016434
ai_ml_020.wav,ai,-202.8083953857422,78.24285125732422,102.75184631347656,45.78327560424805,11.319493293762207,26.582307815551758,16.9713077545166,33.5669059753418,-30.08432960510254,22.229888916015625,2.104785203933716,16.19808006286621,-20.33629608154297,16.684816360473633,-16.99237823486328,11.378003120422363,-26.55002212524414,12.928129196166992,-22.952619552612305,9.856405258178711,-16.9736385345459,8.05673599243164,-19.15700340270996,8.247176170349121,-6.776946544647217,9.470499038696289,1117.930059405071,745.6640784901889,1293.475248618125,444.79137451655276,2120.4737103174602,1541.9196953583871,0.07555571056547619,0.07604038012415765,0.2033158391714096,0.10453593730926514,0.008245711214840412,0.026023337617516518
ai_mr_001.wav,ai,-130.91452026367188,82.60980224609375,106.37730407714844,55.05648422241211,4.639779567718506,29.629091262817383,19.023296356201172,35.95370101928711,10.82812786102295,24.225080490112305,-6.607248783111572,16.990678787231445,-4.907375812530518,16.730873107910156,-12.666990280151367,12.590936660766602,-21.641483306884766,13.349379539489746,-8.990168571472168,15.250901222229004,-12.895681381225586,12.954692840576172,-5.1700029373168945,10.644031524658203,-18.420961380004883,8.728215217590332,1440.8290921369728,881.8646074356724,1541.2737707324295,399.4280821295935,2585.503472222222,1676.5252930327856,0.11966765873015874,0.09702265714579603,0.19914977252483368,0.07353881001472473,0.021056722849607468,0.05138317495584488
ai_mr_002.wav,ai,-178.68698120117188,92.26901245117188,81.7391128540039,50.556793212890625,-16.552194595336914,34.81521987915039,8.070945739746094,31.151639938354492,-18.598478317260742,21.318696975708008,-18.497753143310547,19.846229553222656,-19.907697677612305,15.075942039489746,-32.36465835571289,13.270790100097656,-18.733434677124023,13.106273651123047,-20.533737182617188,9.612197875976562,-17.693241119384766,13.129459381103516,-14.805523872375488,10.33897590637207,-10.382862091064453,7.891496181488037,1558.695735932328,1119.5912460403738,1443.6698941859374,525.2244721859097,2767.4851190476193,1848.6133744508872,0.12658497643849206,0.14366976111077814,0.1874963343143463,0.064580537378788,0.008520754054188728,0.020705241709947586
ai_mr_003.wav,ai,-119.26441192626953,73.0468521118164,117.76918029785156,43.204200744628906,-0.4203203022480011,24.79572105407715,21.441377639770508,32.370845794677734,12.618404388427734,17.546966552734375,-7.740729808807373,15.640380859375,-5.358391284942627,13.265347480773926,-9.584903717041016,10.475947380065918,-21.017578125,14.380351066589355,-6.199831008911133,12.523100852966309,-13.189736366271973,8.932347297668457,-6.127011299133301,12.127492904663086,-16.58744239807129,9.514419555664062,1224.610998036495,661.8340958534318,1439.8367846411088,374.22783631149457,2269.593253968254,1345.9442110209034,0.08546859499007936,0.08183735997172759,0.22327663004398346,0.0736575573682785,0.011388068087399006,0.032413505017757416
ai_mr_004.wav,ai,-213.32215881347656,102.30390167236328,92.82889556884766,44.26315689086914,-22.48446273803711,34.26775360107422,3.9868173599243164,28.722740173339844,-12.580343246459961,17.811609268188477,-17.365015029907227,23.224550247192383,-12.272566795349121,15.33297348022461,-34.47081756591797,15.345695495605469,-15.95374584197998,13.376535415649414,-18.58301544189453,10.402400970458984,-16.131616592407227,9.70639705657959,-18.173702239990234,11.520727157592773,-11.493898391723633,11.533035278320312,1245.6883582043906,642.103155236808,1354.2784459840523,329.685644017663,2131.1383928571427,1171.5358335010628,0.07856290302579365,0.06907470750214967,0.15313832461833954,0.05861745774745941,0.005644731689244509,0.020157495513558388
ai_mr_005.wav,ai,-132.5847625732422,82.11713409423828,106.52047729492188,55.3525276184082,6.067204475402832,30.343870162963867,20.14948844909668,35.136051177978516,13.97169303894043,25.164514541625977,-6.308908939361572,15.792402267456055,-3.976982831954956,17.56795883178711,-9.530430793762207,13.060182571411133,-22.017379760742188,11.769827842712402,-8.11685848236084,16.042890548706055,-13.278478622436523,13.15411376953125,-3.038029432296753,11.027814865112305,-17.920166015625,8.623001098632812,1430.4527888435548,885.4897322825994,1548.9365958360029,405.58782072749744,2567.3983134920636,1692.988968874586,0.1159939236111111,0.09794486963521729,0.19896958768367767,0.07459399849176407,0.019710425287485123,0.04907790943980217
ai_mr_006.wav,ai,-182.02041625976562,88.13030242919922,80.8524169921875,47.17317581176758,-21.328895568847656,34.709232330322266,9.64117431640625,32.0422477722168,-25.927507400512695,20.11513328552246,-19.849014282226562,20.86050796508789,-27.568359375,14.40913200378418,-30.295700073242188,12.995396614074707,-18.78409194946289,15.16688060760498,-21.43092155456543,7.725259780883789,-17.45003890991211,12.006640434265137,-13.184355735778809,11.159284591674805,-11.98891830444336,8.215349197387695,1558.801969228328,953.5431223328661,1459.682144584651,554.4582535142937,2904.1418650793653,1811.7160716347187,0.13488963293650794,0.1368572882477039,0.16948293149471283,0.052982427179813385,0.007353258319199085,0.017279984429478645
ai_mr_007.wav,ai,-131.8591766357422,79.14988708496094,117.74040985107422,44.529563903808594,6.5530900955200195,22.49980354309082,19.685823440551758,30.794034957885742,19.018569946289062,21.110065460205078,-2.7650909423828125,16.042724609375,-3.6659486293792725,13.487268447875977,-1.2461527585983276,11.62534236907959,-20.187868118286133,11.57909870147705,-9.991907119750977,11.898118019104004,-12.38839054107666,11.299806594848633,-4.223191261291504,12.047064781188965,-15.99446964263916,9.785298347473145,1154.1789869616985,618.5388675690937,1445.7573940137006,327.30110414739784,2118.0555555555557,1290.6241375823972,0.07240125868055555,0.06555440480282126,0.2258223444223404,0.07859580218791962,0.010912607423961163,0.03714919462800026
ai_mr_008.wav,ai,-199.20419311523438,87.19720458984375,90.90029907226562,41.32304382324219,-29.454734802246094,38.5950927734375,6.954228401184082,28.624353408813477,-26.380809783935547,19.19803810119629,-16.40237808227539,21.027469635009766,-30.543560028076172,17.568572998046875,-31.036203384399414,13.871217727661133,-16.976938247680664,12.75484561920166,-20.726171493530273,7.033092021942139,-19.401710510253906,10.197648048400879,-14.263814926147461,11.670557975769043,-10.408058166503906,9.452817916870117,1297.1541222311766,655.8203356270387,1305.8450675694837,373.43598973966846,2328.000992063492,1283.6330402630915,0.08287992931547619,0.06867748963042353,0.15691125392913818,0.05473687872290611,0.005063245072960854,0.017845075577497482
ai_mr_009.wav,ai,-128.23239135742188,75.84268951416016,103.35171508789062,56.92158508300781,9.515226364135742,31.026344299316406,18.384906768798828,34.3149528503418,18.933944702148438,26.223024368286133,-3.883247137069702,17.910734176635742,-3.1798126697540283,16.04697036743164,-3.46712327003479,13.169401168823242,-18.760311126708984,10.977459907531738,-10.097270965576172,14.816231727600098,-13.279921531677246,12.037409782409668,-4.564258575439453,12.437926292419434,-12.439656257629395,9.484729766845703,1477.9249282801582,937.3034266253968,1604.7183314836752,398.4668405526514,2677.4553571428573,1771.6608538788503,0.11804780505952381,0.10289834080491503,0.20307768881320953,0.07848235964775085,0.022748896852135658,0.05489080026745796
ai_mr_010.wav,ai,-185.7511749267578,92.08049774169922,81.82362365722656,48.60639190673828,-20.657472610473633,33.801700592041016,8.733222007751465,31.30250358581543,-23.33988380432129,20.51519203186035,-18.93236541748047,20.685523986816406,-25.011093139648438,14.092761993408203,-31.472461700439453,11.89279842376709,-18.9158935546875,14.55659294128418,-20.87593650817871,7.842547416687012,-17.86237907409668,12.309785842895508,-14.108874320983887,10.649813652038574,-11.203479766845703,7.605423450469971,1528.1429126664773,1010.4104931307648,1428.638356559023,523.7625217233161,2777.901785714286,1813.319343857918,0.1252170138888889,0.13478340722140322,0.1682097315788269,0.05461530014872551,0.007598913740366697,0.01936410553753376
ai_mr_011.wav,ai,-123.10425567626953,76.56502532958984,118.27928161621094,43.9671516418457,1.4214228391647339,24.88233757019043,21.072511672973633,30.964262008666992,15.564251899719238,18.65055274963379,-6.103572845458984,15.936751365661621,-4.699541091918945,13.803445816040039,-6.868307590484619,10.41170883178711,-21.72162628173828,13.463648796081543,-6.800014972686768,12.134218215942383,-12.875594139099121,9.590890884399414,-5.3714189529418945,12.051448822021484,-17.658763885498047,9.624998092651367,1200.592863011369,640.6697164541274,1441.5058994586955,375.60960674937854,2230.15873015873,1356.0550345073657,0.0745481460813492,0.0625605465325261,0.22688496112823486,0.07540836185216904,0.011350557208061218,0.03505147248506546
ai_mr_012.wav,ai,-212.5626983642578,98.01241302490234,94.12596893310547,43.44646453857422,-23.828357696533203,36.27651596069336,4.883578300476074,29.29935646057129,-15.489081382751465,17.112146377563477,-16.612295150756836,22.592479705810547,-16.3691463470459,16.041969299316406,-35.49345016479492,14.203279495239258,-14.535294532775879,12.948972702026367,-19.626272201538086,9.1019868850708,-16.944400787353516,10.758975982666016,-17.972591400146484,11.214977264404297,-10.140806198120117,10.946398735046387,1227.6954229184762,636.7845955708908,1317.2935425703595,326.0565157929461,2087.5496031746034,1142.899601600088,0.07826063368055555,0.06835870067276335,0.15122362971305847,0.05613444000482559,0.0051018185913562775,0.019260795786976814
ai_mr_013.wav,ai,-129.8482208251953,78.26844787597656,107.56072998046875,53.91075897216797,3.93619441986084,29.87761878967285,21.926528930664062,37.54104995727539,8.169055938720703,23.074251174926758,-7.744805335998535,16.66108512878418,-6.372504711151123,16.06977081298828,-14.233136177062988,11.728052139282227,-22.317045211791992,14.776527404785156,-7.838218688964844,14.662952423095703,-13.2229642868042,11.49985408782959,-6.315529823303223,10.735089302062988,-16.94680404663086,8.595327377319336,1418.1935314617233,851.1362527765684,1514.2033851071387,406.82845141224885,2581.783234126984,1653.2262094450768,0.11783079117063493,0.09439427946666304,0.19862276315689087,0.06879938393831253,0.01909303478896618,0.04535878077149391
ai_mr_014.wav,ai,-183.04086303710938,95.90233612060547,82.76939392089844,52.752593994140625,-13.010398864746094,34.64985275268555,5.168432712554932,27.719268798828125,-15.09327507019043,22.095905303955078,-17.79438018798828,18.9290771484375,-16.709875106811523,16.010963439941406,-32.61810302734375,14.284564018249512,-19.091100692749023,12.298407554626465,-19.199573516845703,9.12164306640625,-19.159515380859375,11.159759521484375,-15.228586196899414,9.587844848632812,-11.242088317871094,8.681514739990234,1566.4999190295657,1180.8192246501756,1456.8681807704002,520.0927950287421,2754.6502976190477,1905.4422979858332,0.12843734499007936,0.14989366396300666,0.18349236249923706,0.06711533665657043,0.008286031894385815,0.018712013959884644
ai_mr_015.wav,ai,-126.04399871826172,74.03860473632812,120.05426025390625,43.6451530456543,3.2872936725616455,22.258323669433594,19.931503295898438,30.594106674194336,16.9666748046875,19.985435485839844,-3.8670551776885986,16.237001419067383,-4.033144950866699,13.640106201171875,-4.234052658081055,10.610513687133789,-21.78234100341797,12.19967269897461,-8.128384590148926,11.628360748291016,-12.7427339553833,10.472222328186035,-4.729191780090332,12.46192455291748,-17.75090217590332,9.763649940490723,1157.2933847066556,595.9262875750591,1431.346177233724,339.06179207550787,2131.5104166666665,1295.6746116464788,0.07064577132936507,0.06203468070739542,0.2268877774477005,0.07419043779373169,0.009982828050851822,0.032945770770311356
ai_mr_016.wav,ai,-203.89613342285156,90.21925354003906,92.5446548461914,42.499088287353516,-26.907257080078125,38.959075927734375,6.395089626312256,28.00307846069336,-22.29267120361328,18.220365524291992,-16.346540451049805,22.335615158081055,-25.318647384643555,17.31795883178711,-33.03756332397461,13.735896110534668,-15.60973072052002,12.442770004272461,-20.829944610595703,7.256381034851074,-18.15273666381836,10.515955924987793,-15.929265975952148,12.282325744628906,-9.709918975830078,9.032148361206055,1300.8801057477626,685.6201592275717,1329.851192601908,395.6640498365115,2324.032738095238,1338.0587137289808,0.08273266989087301,0.06910501653329049,0.15340717136859894,0.05415735021233559,0.00553190428763628,0.018920790404081345
ai_mr_017.wav,ai,-131.18460083007812,80.7463150024414,103.95637512207031,56.05045700073242,8.448600769042969,31.286643981933594,19.150197982788086,35.14983367919922,17.300128936767578,24.794475555419922,-5.282768726348877,17.030120849609375,-3.2877919673919678,17.356653213500977,-6.370339393615723,12.543022155761719,-20.921157836914062,11.003425598144531,-10.22754192352295,15.665742874145508,-13.532879829406738,12.662476539611816,-4.125414848327637,11.828795433044434,-15.429088592529297,8.430354118347168,1448.3022313254778,905.4712661245011,1582.1220797640008,403.6238202675209,2645.6473214285716,1740.8767113116085,0.1141725570436508,0.10273997405339622,0.20435525476932526,0.07836204767227173,0.020090406760573387,0.04779818654060364
ai_mr_018.wav,ai,-179.73550415039062,86.343994140625,79.61583709716797,46.200401306152344,-21.9876766204834,35.22035598754883,9.047530174255371,31.47125816345215,-28.440834045410156,20.948789596557617,-19.653526306152344,20.64383888244629,-30.1922664642334,14.745702743530273,-28.246646881103516,12.51754093170166,-20.15378189086914,14.827503204345703,-20.65609359741211,9.268529891967773,-16.96955108642578,10.633739471435547,-11.55832290649414,9.011576652526855,-13.250116348266602,8.630393981933594,1563.9641858520836,952.6574714155337,1457.1329255547694,526.8452121881633,2897.5074404761904,1751.2633197224804,0.13363017733134921,0.13253649828658706,0.17114385962486267,0.05516171082854271,0.007896756753325462,0.019813144579529762
ai_mr_019.wav,ai,-136.6640625,83.20149993896484,116.77375793457031,45.1510009765625,10.685393333435059,22.083398818969727,19.837656021118164,29.749284744262695,20.807968139648438,22.305089950561523,-0.6377260088920593,16.4783935546875,-3.301957607269287,14.106100082397461,1.555623173713684,12.17392635345459,-18.570341110229492,10.795305252075195,-11.346414566040039,11.568283081054688,-11.778345108032227,12.322003364562988,-4.978421211242676,11.129434585571289,-13.860879898071289,10.256448745727539,1154.563639633281,631.9068981467123,1470.6347692415973,337.89778904990385,2106.5848214285716,1352.6829326742584,0.07079690600198413,0.06819402013493121,0.2271573841571808,0.08287228643894196,0.011754024773836136,0.03870214894413948
ai_mr_020.wav,ai,-206.93955993652344,92.44696807861328,93.55464935302734,43.37514114379883,-27.12116813659668,35.47003173828125,6.989321231842041,29.04142189025879,-19.398801803588867,16.72499656677246,-16.60548210144043,22.662031173706055,-20.85511016845703,17.048839569091797,-34.82421875,13.851255416870117,-15.388710021972656,12.333683967590332,-20.34286880493164,8.08603286743164,-17.877010345458984,10.5236234664917,-18.569629669189453,12.221713066101074,-9.920236587524414,9.752635955810547,1233.6376221556793,634.2750520939367,1297.179180665958,314.5928414379299,2117.9315476190477,1149.6320067824472,0.07780335441468254,0.06961393853934486,0.15626181662082672,0.05528015270829201,0.0046947067603468895,0.01927269622683525
ai_mr_021.wav,ai,-131.1257781982422,82.76358032226562,106.72856903076172,55.250755310058594,4.55509090423584,29.748428344726562,19.325481414794922,35.891300201416016,10.87013053894043,24.31633186340332,-6.4905595779418945,16.999622344970703,-4.70314884185791,16.70124053955078,-12.81062126159668,12.664717674255371,-21.45387077331543,13.523512840270996,-8.898152351379395,14.909936904907227,-12.674863815307617,13.219826698303223,-5.102762699127197,10.763933181762695,-18.412261962890625,8.761286735534668,1437.5445488169573,883.4281361616034,1535.3264850847809,401.075786243667,2577.690972222222,1677.0926643911066,0.11860584077380952,0.09738923745414849,0.19939574599266052,0.07384145259857178,0.02086726203560829,0.05125468224287033
ai_mr_022.wav,ai,-180.4750518798828,95.79179382324219,81.76239776611328,50.67790603637695,-16.076568603515625,35.22922897338867,7.699889183044434,30.711896896362305,-18.58226203918457,21.590364456176758,-18.282461166381836,20.0510311126709,-20.012554168701172,14.940425872802734,-32.43831253051758,13.33616828918457,-18.742347717285156,13.105018615722656,-20.571197509765625,9.76756477355957,-18.148544311523438,12.54106330871582,-14.781973838806152,10.553108215332031,-10.658971786499023,7.883990287780762,1553.4225262097511,1129.360416104302,1436.5658666788509,527.6665903871415,2753.410218253968,1866.0496778168472,0.12854197668650794,0.1431142891142418,0.1860397309064865,0.06564311683177948,0.00856282189488411,0.020772017538547516
ai_mr_023.wav,ai,-119.2630386352539,73.08135986328125,117.580078125,43.091243743896484,-0.514555811882019,24.681194305419922,21.455886840820312,32.43709182739258,12.578897476196289,17.587722778320312,-7.58542537689209,15.764093399047852,-5.494994163513184,13.203654289245605,-9.60739803314209,10.38946533203125,-21.204063415527344,14.315522193908691,-6.26545524597168,12.519551277160645,-13.09416675567627,9.203651428222656,-6.3031206130981445,11.995319366455078,-16.47037696838379,9.48630142211914,1224.7029791501393,662.2467092450122,1439.3491975567117,373.4454067300842,2271.7013888888887,1346.7002010851315,0.08519345238095238,0.08183963310568795,0.22316893935203552,0.07370638102293015,0.011501277796924114,0.032590702176094055
ai_mr_024.wav,ai,-213.1333770751953,102.34691619873047,92.88121032714844,44.37681579589844,-22.44422149658203,33.946861267089844,3.974029064178467,28.745262145996094,-12.421013832092285,17.80712890625,-17.522069931030273,23.22410774230957,-12.407941818237305,15.345596313476562,-34.59187698364258,15.131881713867188,-15.875144958496094,13.36001205444336,-18.567066192626953,10.547223091125488,-16.248228073120117,9.90263557434082,-18.1958065032959,11.506911277770996,-11.433578491210938,11.560860633850098,1245.7946724205083,642.7163064832138,1353.3247963720123,331.6382419112899,2133.184523809524,1173.218829831926,0.07859778025793651,0.06912917500680528,0.1533716768026352,0.05866582691669464,0.005632479675114155,0.02014884166419506
ai_mr_025.wav,ai,-131.8057861328125,82.07988739013672,106.5772705078125,55.48830795288086,6.147925853729248,30.362369537353516,20.0721435546875,35.467960357666016,13.90615177154541,25.013458251953125,-6.178359508514404,15.849493026733398,-3.8573644161224365,17.50465965270996,-9.498034477233887,12.666244506835938,-21.85176658630371,11.75906753540039,-8.17709732055664,16.121278762817383,-13.157188415527344,13.254521369934082,-3.1486921310424805,10.979293823242188,-17.762453079223633,8.52389907836914,1430.1891021771278,885.7530088334031,1547.9853561739837,405.7540715389123,2565.910218253968,1694.0626724901317,0.1155366443452381,0.09799642468589884,0.20047298073768616,0.0752510353922844,0.01978398859500885,0.0493251197040081
ai_mr_026.wav,ai,-182.14173889160156,88.28890991210938,80.94331359863281,47.091556549072266,-21.347862243652344,34.452484130859375,9.527650833129883,32.15885925292969,-25.910486221313477,20.121078491210938,-19.77751350402832,20.760467529296875,-27.861032485961914,14.600582122802734,-30.294885635375977,13.098953247070312,-18.72187614440918,15.082182884216309,-21.60453987121582,7.938098430633545,-17.249692916870117,11.902080535888672,-13.38923168182373,11.130840301513672,-12.04122543334961,8.193753242492676,1557.8425008975908,954.0300577471395,1458.77674519032,554.9493464956607,2896.5773809523807,1812.941838958907,0.13477337549603174,0.13593254037333613,0.16945861279964447,0.05280027538537979,0.007195536978542805,0.01692878268659115
ai_mr_027.wav,ai,-130.7224578857422,79.19596862792969,117.73456573486328,44.6556396484375,6.621877670288086,22.312713623046875,19.532978057861328,30.962108612060547,19.195579528808594,21.044292449951172,-2.903583288192749,15.933804512023926,-3.5956504344940186,13.538615226745605,-1.3963613510131836,11.777758598327637,-20.253820419311523,11.202392578125,-9.809054374694824,11.948004722595215,-12.58862018585205,11.106256484985352,-4.325396537780762,11.898368835449219,-16.150856018066406,9.860160827636719,1154.695702604597,619.5589995391588,1445.933939180238,328.5618124556866,2120.2876984126983,1297.120781120036,0.0718781001984127,0.06509795582412951,0.22838079929351807,0.07958568632602692,0.010867031291127205,0.036900244653224945
ai_mr_028.wav,ai,-200.19500732421875,87.2830810546875,91.03630828857422,40.61857223510742,-29.447256088256836,38.49898910522461,6.91287088394165,28.433801651000977,-26.33702278137207,19.2470760345459,-16.244909286499023,21.019390106201172,-30.423742294311523,17.65689468383789,-31.001527786254883,14.050529479980469,-16.93520736694336,12.872068405151367,-20.8584041595459,7.094235897064209,-19.13731575012207,10.129629135131836,-14.241171836853027,11.770750999450684,-10.475523948669434,9.461791038513184,1296.3077402427282,652.6905558627566,1305.9928225025249,372.8691035607171,2327.1949404761904,1281.5621017377823,0.08263966393849206,0.06763002909283825,0.15502342581748962,0.05392030254006386,0.005148530937731266,0.01833341270685196
ai_mr_029.wav,ai,-130.04855346679688,75.85487365722656,103.5941390991211,57.102760314941406,9.324104309082031,31.161415100097656,18.1970272064209,34.419010162353516,18.844093322753906,26.4554386138916,-3.8947300910949707,17.728954315185547,-3.0854270458221436,16.153879165649414,-3.3753535747528076,13.113078117370605,-18.946386337280273,11.005861282348633,-10.230539321899414,14.575529098510742,-13.45121955871582,11.91040325164795,-4.449524402618408,12.254499435424805,-12.591803550720215,9.489127159118652,1477.490038666951,936.9159657229712,1604.0475111639148,400.9973706234533,2676.339285714286,1773.1977793443998,0.11755177331349206,0.10379875125636888,0.19970431923866272,0.07725643366575241,0.022671714425086975,0.05481943115592003
ai_mr_030.wav,ai,-185.67782592773438,92.00857543945312,81.98442077636719,48.56800079345703,-20.332460403442383,33.912837982177734,8.678565979003906,31.251811981201172,-23.358646392822266,20.429126739501953,-18.982999801635742,20.713415145874023,-24.897846221923828,13.883437156677246,-31.48537826538086,11.782740592956543,-18.890777587890625,14.48509407043457,-20.88414192199707,7.835671901702881,-17.873144149780273,12.458061218261719,-14.020940780639648,10.919898986816406,-11.168694496154785,7.637567043304443,1534.4598866496178,1026.5250283563303,1430.979574887319,526.232096490394,2782.3040674603176,1819.3727118515417,0.12626720610119047,0.13733930760233704,0.16828931868076324,0.054609525948762894,0.007664457429200411,0.019437966868281364
ai_mr_031.wav,ai,-123.23554229736328,76.59398651123047,118.46011352539062,43.9249267578125,1.3985787630081177,24.884571075439453,21.057552337646484,31.068115234375,15.726905822753906,18.74264907836914,-6.146036624908447,15.990220069885254,-4.471940040588379,13.624593734741211,-7.066535472869873,10.413517951965332,-21.65633201599121,13.43699836730957,-6.775876998901367,11.966742515563965,-12.84840202331543,9.550664901733398,-5.3623247146606445,12.01195240020752,-17.632915496826172,9.585598945617676,1198.047519052429,640.7845963247531,1438.8993053129132,373.79033324397585,2223.8343253968255,1355.0729272952556,0.07520306299603174,0.06328217407625283,0.22709783911705017,0.07562456279993057,0.011307595297694206,0.03494737669825554
ai_mr_032.wav,ai,-216.69891357421875,97.93562316894531,94.11274719238281,43.65320587158203,-23.953706741333008,36.105430603027344,5.022997856140137,29.21345329284668,-15.576998710632324,17.104999542236328,-16.46588897705078,22.889129638671875,-16.495819091796875,15.858736991882324,-35.30502700805664,14.08803653717041,-14.828030586242676,12.859951972961426,-19.492950439453125,9.143007278442383,-17.077564239501953,10.572094917297363,-17.958677291870117,11.190869331359863,-10.100690841674805,10.875732421875,1227.3199477378112,636.4463220766247,1315.636826927325,325.892415604505,2087.5496031746034,1142.277659821735,0.07823350694444445,0.06852188381657111,0.14505848288536072,0.0539226159453392,0.005108357407152653,0.01924763061106205
ai_mr_033.wav,ai,-130.5662384033203,78.19681549072266,107.46597290039062,53.87105178833008,3.897134304046631,29.80990219116211,21.839786529541016,37.594261169433594,8.123547554016113,23.13629150390625,-8.000072479248047,16.734750747680664,-6.186548233032227,16.023582458496094,-14.247488021850586,11.845934867858887,-22.382963180541992,14.855401992797852,-7.856419086456299,14.436973571777344,-13.215514183044434,11.614124298095703,-6.270953178405762,10.703943252563477,-16.89702033996582,8.531353950500488,1419.9278450962881,850.9386575889002,1515.6570578082283,406.42412804315546,2586.9915674603176,1651.8252401788268,0.11707899305555555,0.09448624975921478,0.196865051984787,0.06814219802618027,0.019031114876270294,0.04496925324201584
ai_mr_034.wav,ai,-183.07363891601562,95.84617614746094,82.84911346435547,52.803707122802734,-13.094141006469727,34.71337890625,5.29442024230957,27.7734432220459,-14.87847900390625,22.210784912109375,-17.485546112060547,18.91753578186035,-16.74626350402832,15.987568855285645,-32.48997497558594,14.336869239807129,-18.888532638549805,12.306706428527832,-19.118297576904297,9.247477531433105,-18.91202735900879,11.44610595703125,-15.343223571777344,9.81677532196045,-11.024312019348145,8.634471893310547,1565.3509917855183,1179.3396068351205,1456.1845173222446,518.5073942121932,2750.9300595238096,1900.9309754402814,0.12781730530753968,0.1491577110166885,0.18362857401371002,0.06693302094936371,0.00840474758297205,0.019196944311261177
ai_mr_035.wav,ai,-124.7347640991211,74.0576171875,119.97344970703125,43.58363342285156,3.318445920944214,22.225351333618164,19.878387451171875,30.7067928314209,17.127412796020508,19.96681785583496,-3.913170337677002,16.294864654541016,-3.9340572357177734,13.437211990356445,-4.103841304779053,10.63876724243164,-21.682897567749023,12.190608024597168,-8.12074089050293,11.620025634765625,-12.67297077178955,10.415318489074707,-4.701459884643555,12.382979393005371,-17.639930725097656,9.662752151489258,1158.5318866745276,597.8835918217856,1432.0801708043448,339.3933833374356,2135.2306547619046,1300.5792891792419,0.07097516741071429,0.06204114120553042,0.2296259105205536,0.07524338364601135,0.010178816504776478,0.033486735075712204
ai_mr_036.wav,ai,-203.433837890625,90.30706787109375,92.46092987060547,42.500492095947266,-26.910449981689453,38.87447738647461,6.325265884399414,28.146278381347656,-22.36793327331543,18.16802215576172,-16.43910026550293,22.327411651611328,-25.4219970703125,17.066593170166016,-33.03850173950195,13.655529022216797,-15.686406135559082,12.516170501708984,-20.87432289123535,7.281476974487305,-17.892004013061523,10.487186431884766,-16.061351776123047,12.161477088928223,-9.544675827026367,8.943968772888184,1300.9241980308213,685.7189742803927,1329.2554467341793,396.48806556194836,2323.4126984126983,1336.7984176028622,0.08325970362103174,0.06905037501308471,0.15400128066539764,0.05426934361457825,0.005539473611861467,0.01895618811249733
ai_mr_037.wav,ai,-130.7838897705078,80.76188659667969,104.16788482666016,56.22316360473633,8.384020805358887,31.346736907958984,19.245288848876953,35.25703811645508,17.417551040649414,24.78101348876953,-5.370760917663574,17.199199676513672,-3.0662245750427246,17.315929412841797,-6.302839279174805,12.50655460357666,-21.143522262573242,11.105406761169434,-10.015788078308105,15.803937911987305,-13.656954765319824,12.594709396362305,-3.952120780944824,11.972452163696289,-15.505249977111816,8.580833435058594,1446.9063664643995,905.8182774410948,1580.5075289590027,403.45753768497775,2642.2371031746034,1741.5026295558218,0.11422681051587301,0.10279835314261286,0.20556820929050446,0.07898354530334473,0.020039523020386696,0.04758671671152115
ai_mr_038.wav,ai,-179.71249389648438,86.30034637451172,79.7049789428711,46.3309440612793,-22.099205017089844,35.29206085205078,9.039753913879395,31.408245086669922,-28.36005973815918,21.106447219848633,-19.486312866210938,20.580917358398438,-30.45861053466797,14.669761657714844,-28.174489974975586,12.520148277282715,-20.24469566345215,14.763879776000977,-20.62378692626953,9.353704452514648,-16.9481258392334,10.760512351989746,-11.679498672485352,9.027997970581055,-13.317363739013672,8.749358177185059,1564.3932701325787,956.606134695645,1455.1840995265104,527.2799607873897,2895.2752976190477,1753.6738035583658,0.1333162822420635,0.13272366636860872,0.17103566229343414,0.05507970601320267,0.008065220899879932,0.02027825452387333
ai_mr_039.wav,ai,-137.34878540039062,83.12963104248047,116.69420623779297,45.07954788208008,10.721831321716309,22.079814910888672,19.720552444458008,29.87285804748535,20.8201847076416,22.248159408569336,-0.7317489385604858,16.403438568115234,-3.3010196685791016,14.069618225097656,1.4626268148422241,12.149518013000488,-18.581329345703125,10.784943580627441,-11.495074272155762,11.528531074523926,-11.709806442260742,12.08044719696045,-4.9431352615356445,11.068286895751953,-14.031485557556152,10.444025993347168,1155.9107182764412,630.2014399812826,1472.2987515883306,336.9799670541965,2107.5148809523807,1347.6528994708426,0.07033187624007936,0.06748745843793572,0.2251473367214203,0.08198653906583786,0.011647424660623074,0.038302622735500336
ai_mr_040.wav,ai,-206.95140075683594,92.38800048828125,93.47428894042969,43.29243087768555,-27.30912208557129,35.89628982543945,7.258294105529785,29.16020393371582,-19.507638931274414,16.867490768432617,-16.56689453125,22.76875114440918,-21.162887573242188,17.15810775756836,-34.78969192504883,13.799208641052246,-15.591843605041504,12.265499114990234,-20.315446853637695,8.075852394104004,-17.92525863647461,10.468008041381836,-18.538002014160156,12.290997505187988,-9.743178367614746,9.608718872070312,1234.2090070066836,634.2471774698956,1296.7931215418905,316.50167858270953,2122.0238095238096,1151.2945044667972,0.07795836433531746,0.06973799307519175,0.15626251697540283,0.055362820625305176,0.0046897283755242825,0.019270790740847588
ai_mr_041.wav,ai,-130.0550994873047,82.48078155517578,106.71649169921875,55.24201583862305,4.519231796264648,29.91640281677246,19.34103012084961,35.992164611816406,10.879693984985352,24.485979080200195,-6.4403815269470215,16.786901473999023,-4.875332832336426,16.614582061767578,-12.652654647827148,12.839618682861328,-21.47113609313965,13.555594444274902,-8.860860824584961,15.018877983093262,-12.897833824157715,13.002025604248047,-4.977734088897705,10.699234962463379,-18.65162467956543,8.65477180480957,1439.6254825063688,883.4624309261947,1537.9782029811904,401.49301704234676,2584.8214285714284,1678.1972192958501,0.11870659722222222,0.09723571761530103,0.20119652152061462,0.07449167966842651,0.021110016852617264,0.05175947770476341
ai_mr_042.wav,ai,-178.51748657226562,92.17864227294922,81.67758178710938,50.5689697265625,-16.658599853515625,34.83894729614258,7.74935245513916,31.021087646484375,-18.590299606323242,21.373964309692383,-18.550565719604492,19.93871307373047,-20.012645721435547,15.037038803100586,-32.31566619873047,13.312087059020996,-18.916973114013672,13.431278228759766,-20.39499282836914,9.374311447143555,-17.651172637939453,12.976517677307129,-14.684966087341309,10.287355422973633,-10.603094100952148,7.970572471618652,1560.3569533480302,1123.8505860641976,1442.4451121682507,525.5791885500631,2768.7251984126983,1852.7535557008555,0.12744528149801587,0.145182636998188,0.18752627074718475,0.06481066346168518,0.008606928400695324,0.020731383934617043
ai_mr_043.wav,ai,-119.34565734863281,72.98715209960938,117.64775848388672,43.19118881225586,-0.6248928308486938,24.75284194946289,21.42976188659668,32.38922119140625,12.493666648864746,17.621408462524414,-7.645694255828857,15.752500534057617,-5.377139091491699,13.254368782043457,-9.637210845947266,10.45327377319336,-21.194631576538086,14.452044486999512,-6.26931095123291,12.583959579467773,-13.114273071289062,9.213993072509766,-6.286917686462402,11.972816467285156,-16.60149574279785,9.513737678527832,1224.9938698183582,663.2863279602082,1438.488149888792,373.17146264749795,2270.8953373015875,1348.9324168734322,0.08522057911706349,0.0815022263852922,0.22286128997802734,0.07362068444490433,0.011586759239435196,0.032939761877059937
ai_mr_044.wav,ai,-209.48983764648438,102.41614532470703,92.97777557373047,44.307228088378906,-22.456472396850586,34.238746643066406,3.864513874053955,28.838411331176758,-12.657090187072754,17.85972785949707,-17.532989501953125,23.117338180541992,-12.259204864501953,15.364487648010254,-34.54558563232422,15.499316215515137,-15.880596160888672,13.437593460083008,-18.560800552368164,10.397384643554688,-16.25993537902832,9.806327819824219,-18.206127166748047,11.567778587341309,-11.494942665100098,11.618463516235352,1245.4637869574776,642.6773499395059,1353.2573290607652,330.35056871204307,2132.378472222222,1175.625737700121,0.07881091889880952,0.06910492569561814,0.15930594503879547,0.06101062521338463,0.0056305574253201485,0.020166827365756035
ai_mr_045.wav,ai,-131.93553161621094,82.11753845214844,106.48600006103516,55.399757385253906,6.047381401062012,30.467941284179688,20.24748992919922,35.45362854003906,13.685468673706055,25.0228328704834,-5.9782395362854,15.812326431274414,-4.058326721191406,17.57564353942871,-9.397977828979492,12.68658447265625,-21.87858009338379,11.795814514160156,-8.086507797241211,16.212493896484375,-13.200082778930664,13.139659881591797,-3.1041364669799805,11.074394226074219,-17.81783103942871,8.866862297058105,1430.8752012996129,885.9219753592985,1546.727887611361,406.21651772349384,2569.3204365079364,1694.1325807993603,0.11559864831349206,0.09793428953307541,0.2001735419034958,0.07519635558128357,0.019811144098639488,0.049244366586208344
ai_mr_046.wav,ai,-181.83877563476562,88.2643051147461,80.83516693115234,47.12360763549805,-21.494386672973633,34.74135208129883,9.88354206085205,32.026485443115234,-26.255889892578125,19.863847732543945,-19.691747665405273,20.8317813873291,-27.51205062866211,14.438655853271484,-30.274137496948242,13.087573051452637,-18.768144607543945,15.042444229125977,-21.202348709106445,7.575742244720459,-17.296449661254883,12.183656692504883,-13.400935173034668,11.04304027557373,-11.95557975769043,8.114665985107422,1555.1243330647292,944.0571487032364,1457.3456629308985,551.8453637681167,2893.7872023809523,1798.0659384106798,0.13461449032738096,0.13584912542201322,0.16949933767318726,0.052945543080568314,0.007285804953426123,0.01709705963730812
ai_mr_047.wav,ai,-130.2957000732422,79.27264404296875,117.72428894042969,44.55202102661133,6.619889736175537,22.45326042175293,19.420833587646484,30.91370391845703,19.019737243652344,21.0447940826416,-2.7950782775878906,15.979010581970215,-3.6241674423217773,13.627338409423828,-1.3844819068908691,11.630855560302734,-20.173686981201172,11.306220054626465,-9.923022270202637,12.00529670715332,-12.409669876098633,11.327625274658203,-4.449985980987549,11.934313774108887,-16.06520652770996,9.807835578918457,1155.467137360993,619.2489663316788,1446.5572386303686,328.06097545611465,2120.0396825396824,1296.1799222516954,0.07221912202380952,0.06490810637664444,0.22903093695640564,0.07970430701971054,0.010892522521317005,0.03698115050792694
ai_mr_048.wav,ai,-200.02117919921875,87.30370330810547,90.97986602783203,40.67142868041992,-29.371639251708984,38.57716751098633,6.846028804779053,28.6298770904541,-26.299495697021484,19.031482696533203,-16.332921981811523,21.135656356811523,-30.405010223388672,17.71426010131836,-31.01642608642578,14.154672622680664,-16.913122177124023,12.791945457458496,-20.785606384277344,7.151683330535889,-19.34147834777832,10.247350692749023,-14.207167625427246,11.773707389831543,-10.46008586883545,9.46452808380127,1296.902574858536,652.648893856877,1307.0079167562444,373.7541267781418,2326.8229166666665,1283.2332536674041,0.08291480654761904,0.06789990705290155,0.1553221493959427,0.054034363478422165,0.0051357802003622055,0.018284499645233154
ai_mr_049.wav,ai,-128.24853515625,75.75469207763672,103.33182525634766,56.91120147705078,9.53266429901123,31.290876388549805,18.06290054321289,34.54374313354492,18.897197723388672,26.5238094329834,-3.9951794147491455,17.811803817749023,-3.059936761856079,16.01481056213379,-3.3872134685516357,13.214028358459473,-18.66212272644043,10.905540466308594,-10.358176231384277,14.516275405883789,-13.291624069213867,11.980571746826172,-4.468155860900879,12.351226806640625,-12.454124450683594,9.49234390258789,1479.0421135450836,936.1487590841945,1606.6651296832695,399.07445884795646,2679.37748015873,1772.9609070007793,0.11717587425595238,0.10392803768690292,0.20291657745838165,0.07837127894163132,0.02265465445816517,0.05480734258890152
ai_mr_050.wav,ai,-185.78506469726562,92.13740539550781,82.0942611694336,48.5302848815918,-20.587614059448242,33.70273208618164,8.695067405700684,31.461841583251953,-23.14964485168457,20.702056884765625,-19.036584854125977,20.717891693115234,-24.747705459594727,14.179006576538086,-31.41299819946289,11.942730903625488,-18.76651382446289,14.526686668395996,-20.950950622558594,7.783026695251465,-17.70172882080078,12.41816520690918,-14.12911319732666,10.822925567626953,-11.122893333435059,7.83654260635376,1533.6957246452596,1023.9706165234372,1430.7391570182722,525.6556198182018,2783.6681547619046,1820.3871332282413,0.12608119419642858,0.13728044283243052,0.16820470988750458,0.054511189460754395,0.00776199484243989,0.019835183396935463
ai_or_001.wav,ai,-173.29620361328125,59.81733703613281,88.63505554199219,66.08011627197266,9.281376838684082,38.793392181396484,9.75036334991455,27.166866302490234,-14.280495643615723,23.887544631958008,-3.3095602989196777,15.310976028442383,-13.740403175354004,16.722867965698242,-12.365238189697266,11.456992149353027,-11.898323059082031,14.9653902053833,-5.590653419494629,12.117147445678711,-11.784992218017578,11.119725227355957,-11.320388793945312,12.114620208740234,-1.2387847900390625,9.454418182373047,1797.8512804599625,1574.7449586361959,1503.68305980853,670.8917274830173,3117.435515873016,2438.3541808550262,0.18189251612103174,0.18286370793736942,0.22166632115840912,0.09427142888307571,0.01922142319381237,0.04413347318768501
ai_or_002.wav,ai,-88.73797607421875,138.53871154785156,84.48777770996094,8.430685043334961,-27.64016342163086,11.178228378295898,36.410770416259766,10.753802299499512,4.766725540161133,5.681118011474609,2.529431104660034,7.347929000854492,8.940618515014648,3.7647833824157715,-5.5251359939575195,8.462336540222168,3.021315097808838,6.654289722442627,1.4799529314041138,7.263452053070068,-12.730769157409668,5.9042582511901855,-5.117248058319092,3.300710678100586,5.4843244552612305,3.641498565673828,1883.6528396152967,201.95418720656818,1703.7515600573995,118.20948860024967,3355.902777777778,172.4308841787713,0.2217339409722222,0.026481347891228215,0.12079603970050812,0.06919412314891815,0.04882271960377693,0.02384624257683754
ai_or_003.wav,ai,-173.29620361328125,59.81733703613281,88.63505554199219,66.08011627197266,9.281376838684082,38.793392181396484,9.75036334991455,27.166866302490234,-14.280495643615723,23.887544631958008,-3.3095602989196777,15.310976028442383,-13.740403175354004,16.722867965698242,-12.365238189697266,11.456992149353027,-11.898323059082031,14.9653902053833,-5.590653419494629,12.117147445678711,-11.784992218017578,11.119725227355957,-11.320388793945312,12.114620208740234,-1.2387847900390625,9.454418182373047,1797.8512804599625,1574.7449586361959,1503.68305980853,670.8917274830173,3117.435515873016,2438.3541808550262,0.18189251612103174,0.18286370793736942,0.22166632115840912,0.09427142888307571,0.01922142319381237,0.04413347318768501
ai_or_004.wav,ai,-1131.3712158203125,0.0003662109375,0.0,0.0,0.0,0.0,0.0,0.0,0.0,0.0,0.0,0.0,0.0,0.0,0.0,0.0,0.0,0.0,0.0,0.0,0.0,0.0,0.0,0.0,0.0,0.0,0.0,0.0,0.0,0.0,0.0,0.0,0.0,0.0,0.0,0.0,1.0000008344650269,1.1920928955078125e-07
ai_or_005.wav,ai,-173.34999084472656,59.58180236816406,88.59577178955078,66.02311706542969,9.156784057617188,38.35310363769531,9.731362342834473,27.11475372314453,-14.036001205444336,24.087966918945312,-3.4538941383361816,15.359768867492676,-13.76519775390625,16.724946975708008,-12.108049392700195,11.360466003417969,-11.806611061096191,14.874749183654785,-5.891805171966553,12.185497283935547,-11.711236000061035,11.44594955444336,-11.032660484313965,12.031356811523438,-1.1295260190963745,8.988580703735352,1797.2595094775581,1574.769541365365,1504.3406902601723,670.9003699416662,3116.5674603174602,2439.4659657298084,0.1814856150793651,0.1822104204299902,0.22138412296772003,0.09422378242015839,0.019199620932340622,0.043657783418893814
ai_or_006.wav,ai,-1131.3712158203125,0.0003662109375,0.0,0.0,0.0,0.0,0.0,0.0,0.0,0.0,0.0,0.0,0.0,0.0,0.0,0.0,0.0,0.0,0.0,0.0,0.0,0.0,0.0,0.0,0.0,0.0,0.0,0.0,0.0,0.0,0.0,0.0,0.0,0.0,0.0,0.0,1.0000008344650269,1.1920928955078125e-07
ai_or_007.wav,ai,-173.29620361328125,59.81733703613281,88.63505554199219,66.08011627197266,9.281376838684082,38.793392181396484,9.75036334991455,27.166866302490234,-14.280495643615723,23.887544631958008,-3.3095602989196777,15.310976028442383,-13.740403175354004,16.722867965698242,-12.365238189697266,11.456992149353027,-11.898323059082031,14.9653902053833,-5.590653419494629,12.117147445678711,-11.784992218017578,11.119725227355957,-11.320388793945312,12.114620208740234,-1.2387847900390625,9.454418182373047,1797.8512804599625,1574.7449586361959,1503.68305980853,670.8917274830173,3117.435515873016,2438.3541808550262,0.18189251612103174,0.18286370793736942,0.22166632115840912,0.09427142888307571,0.01922142319381237,0.04413347318768501
ai_or_008.wav,ai,-1131.3712158203125,0.0003662109375,0.0,0.0,0.0,0.0,0.0,0.0,0.0,0.0,0.0,0.0,0.0,0.0,0.0,0.0,0.0,0.0,0.0,0.0,0.0,0.0,0.0,0.0,0.0,0.0,0.0,0.0,0.0,0.0,0.0,0.0,0.0,0.0,0.0,0.0,1.0000008344650269,1.1920928955078125e-07
ai_or_009.wav,ai,-173.34999084472656,59.58180236816406,88.59577178955078,66.02311706542969,9.156784057617188,38.35310363769531,9.731362342834473,27.11475372314453,-14.036001205444336,24.087966918945312,-3.4538941383361816,15.359768867492676,-13.76519775390625,16.724946975708008,-12.108049392700195,11.360466003417969,-11.806611061096191,14.874749183654785,-5.891805171966553,12.185497283935547,-11.711236000061035,11.44594955444336,-11.032660484313965,12.031356811523438,-1.1295260190963745,8.988580703735352,1797.2595094775581,1574.769541365365,1504.3406902601723,670.9003699416662,3116.5674603174602,2439.4659657298084,0.1814856150793651,0.1822104204299902,0.22138412296772003,0.09422378242015839,0.019199620932340622,0.043657783418893814
ai_or_010.wav,ai,-54.798789978027344,102.02425384521484,33.55817413330078,16.874170303344727,-24.776796340942383,10.635396957397461,25.959440231323242,5.825970649719238,12.800732612609863,3.0861732959747314,14.961479187011719,1.2378157377243042,21.729690551757812,2.2008891105651855,3.4054675102233887,3.165703773498535,-7.491397380828857,9.518171310424805,10.59345531463623,3.3850905895233154,0.6580274105072021,2.3540680408477783,1.520707368850708,1.3993598222732544,5.6733574867248535,2.7584915161132812,2506.83611615515,207.38717822962306,2031.627802224009,137.25398217515013,4901.599702380952,474.12814463066144,0.2996148003472222,0.0482596485383154,0.1653466671705246,0.04724898561835289,0.0868387520313263,0.03097396343946457
ai_or_011.wav,ai,-173.29620361328125,59.81733703613281,88.63505554199219,66.08011627197266,9.281376838684082,38.793392181396484,9.75036334991455,27.166866302490234,-14.280495643615723,23.887544631958008,-3.3095602989196777,15.310976028442383,-13.740403175354004,16.722867965698242,-12.365238189697266,11.456992149353027,-11.898323059082031,14.9653902053833,-5.590653419494629,12.117147445678711,-11.784992218017578,11.119725227355957,-11.320388793945312,12.114620208740234,-1.2387847900390625,9.454418182373047,1797.8512804599625,1574.7449586361959,1503.68305980853,670.8917274830173,3117.435515873016,2438.3541808550262,0.18189251612103174,0.18286370793736942,0.22166632115840912,0.09427142888307571,0.01922142319381237,0.04413347318768501
ai_or_012.wav,ai,-1131.3712158203125,0.0003662109375,0.0,0.0,0.0,0.0,0.0,0.0,0.0,0.0,0.0,0.0,0.0,0.0,0.0,0.0,0.0,0.0,0.0,0.0,0.0,0.0,0.0,0.0,0.0,0.0,0.0,0.0,0.0,0.0,0.0,0.0,0.0,0.0,0.0,0.0,1.0000008344650269,1.1920928955078125e-07
ai_or_013.wav,ai,-173.15151977539062,59.71784973144531,88.63056182861328,66.03501892089844,9.231022834777832,38.59421920776367,9.743261337280273,27.014745712280273,-14.379311561584473,23.917970657348633,-3.5767154693603516,15.244046211242676,-13.583663940429688,16.77591896057129,-12.222809791564941,11.488739013671875,-11.705642700195312,15.081753730773926,-5.944814205169678,12.371901512145996,-11.880152702331543,10.874770164489746,-11.285969734191895,11.843192100524902,-0.9683724641799927,9.206530570983887,1797.5054310892788,1573.650526028098,1504.8965242153818,669.8263676180187,3116.629464285714,2439.200378186283,0.18082294766865079,0.18249991664487544,0.22183716297149658,0.09438318014144897,0.019262442365288734,0.043746862560510635
ai_or_014.wav,ai,-1131.3712158203125,0.0003662109375,0.0,0.0,0.0,0.0,0.0,0.0,0.0,0.0,0.0,0.0,0.0,0.0,0.0,0.0,0.0,0.0,0.0,0.0,0.0,0.0,0.0,0.0,0.0,0.0,0.0,0.0,0.0,0.0,0.0,0.0,0.0,0.0,0.0,0.0,1.0000008344650269,1.1920928955078125e-07
ai_or_015.wav,ai,-173.29620361328125,59.81733703613281,88.63505554199219,66.08011627197266,9.281376838684082,38.793392181396484,9.75036334991455,27.166866302490234,-14.280495643615723,23.887544631958008,-3.3095602989196777,15.310976028442383,-13.740403175354004,16.722867965698242,-12.365238189697266,11.456992149353027,-11.898323059082031,14.9653902053833,-5.590653419494629,12.117147445678711,-11.784992218017578,11.119725227355957,-11.320388793945312,12.114620208740234,-1.2387847900390625,9.454418182373047,1797.8512804599625,1574.7449586361959,1503.68305980853,670.8917274830173,3117.435515873016,2438.3541808550262,0.18189251612103174,0.18286370793736942,0.22166632115840912,0.09427142888307571,0.01922142319381237,0.04413347318768501
ai_or_016.wav,ai,-102.98377227783203,176.66209411621094,73.42294311523438,8.835460662841797,-37.13841247558594,16.618532180786133,35.937095642089844,6.178955554962158,-2.3237125873565674,4.791450500488281,9.745525360107422,4.465634822845459,9.713085174560547,5.185274600982666,-4.614508628845215,3.8038604259490967,2.325857162475586,1.9652100801467896,3.233823299407959,6.3653082847595215,-9.694356918334961,5.747119903564453,3.709336996078491,5.039697647094727,0.269066721200943,4.338967323303223,2055.9734869028193,162.91356908498574,1668.399059059779,206.47894441785164,3631.1383928571427,521.9348537347373,0.17730422247023808,0.03161508393202076,0.14208178222179413,0.05984578654170036,0.058163758367300034,0.023343224078416824
ai_or_017.wav,ai,-173.15151977539062,59.71784973144531,88.63056182861328,66.03501892089844,9.231022834777832,38.59421920776367,9.743261337280273,27.014745712280273,-14.379311561584473,23.917970657348633,-3.5767154693603516,15.244046211242676,-13.583663940429688,16.77591896057129,-12.222809791564941,11.488739013671875,-11.705642700195312,15.081753730773926,-5.944814205169678,12.371901512145996,-11.880152702331543,10.874770164489746,-11.285969734191895,11.843192100524902,-0.9683724641799927,9.206530570983887,1797.5054310892788,1573.650526028098,1504.8965242153818,669.8263676180187,3116.629464285714,2439.200378186283,0.18082294766865079,0.18249991664487544,0.22183716297149658,0.09438318014144897,0.019262442365288734,0.043746862560510635
ai_or_018.wav,ai,-1131.3712158203125,0.0003662109375,0.0,0.0,0.0,0.0,0.0,0.0,0.0,0.0,0.0,0.0,0.0,0.0,0.0,0.0,0.0,0.0,0.0,0.0,0.0,0.0,0.0,0.0,0.0,0.0,0.0,0.0,0.0,0.0,0.0,0.0,0.0,0.0,0.0,0.0,1.0000008344650269,1.1920928955078125e-07
ai_or_019.wav,ai,-173.15151977539062,59.71784973144531,88.63056182861328,66.03501892089844,9.231022834777832,38.59421920776367,9.743261337280273,27.014745712280273,-14.379311561584473,23.917970657348633,-3.5767154693603516,15.244046211242676,-13.583663940429688,16.77591896057129,-12.222809791564941,11.488739013671875,-11.705642700195312,15.081753730773926,-5.944814205169678,12.371901512145996,-11.880152702331543,10.874770164489746,-11.285969734191895,11.843192100524902,-0.9683724641799927,9.206530570983887,1797.5054310892788,1573.650526028098,1504.8965242153818,669.8263676180187,3116.629464285714,2439.200378186283,0.18082294766865079,0.18249991664487544,0.22183716297149658,0.09438318014144897,0.019262442365288734,0.043746862560510635
ai_or_020.wav,ai,-1131.3712158203125,0.0003662109375,0.0,0.0,0.0,0.0,0.0,0.0,0.0,0.0,0.0,0.0,0.0,0.0,0.0,0.0,0.0,0.0,0.0,0.0,0.0,0.0,0.0,0.0,0.0,0.0,0.0,0.0,0.0,0.0,0.0,0.0,0.0,0.0,0.0,0.0,1.0000008344650269,1.1920928955078125e-07
ai_pa_001.wav,ai,-181.66587829589844,70.37284088134766,71.26546478271484,63.753273010253906,-26.844982147216797,45.33831024169922,27.28780174255371,36.00064468383789,-20.205108642578125,21.691923141479492,-3.4254066944122314,21.11644744873047,-17.42463493347168,12.756854057312012,-20.676559448242188,14.459485054016113,-10.607773780822754,17.55049705505371,-21.129148483276367,10.863906860351562,-9.234651565551758,8.76539421081543,-6.852085113525391,11.027420997619629,1.679514765739441,8.766205787658691,1813.370728360792,1226.833246307009,1440.0593117677556,491.5811499944864,3271.3293650793653,1850.524993518783,0.16108630952380953,0.14636172926305901,0.16751663386821747,0.06506699323654175,0.024396399036049843,0.05174379423260689
ai_pa_002.wav,ai,-48.64769744873047,83.91971588134766,86.64028930664062,10.313061714172363,-31.549482345581055,7.065884113311768,37.878570556640625,10.107043266296387,1.5383250713348389,4.039811611175537,0.5194948315620422,5.473747253417969,8.739607810974121,2.620558023452759,-7.246298313140869,6.3188605308532715,-0.9226946830749512,5.4225172996521,1.062249779701233,6.070094585418701,-11.063409805297852,4.419619560241699,-4.70631217956543,3.0786852836608887,5.625920295715332,4.0501251220703125,1880.0406741995064,201.88523142005064,1656.2799638209594,108.38653263535097,3274.9875992063494,172.43780689933993,0.22257486979166666,0.04174695907191116,0.13473758101463318,0.06259741634130478,0.05115576460957527,0.025746257975697517
ai_pa_003.wav,ai,-181.6873321533203,70.35150909423828,71.2844467163086,63.68980407714844,-26.734907150268555,45.38703918457031,27.476036071777344,36.08401870727539,-20.090190887451172,21.612213134765625,-3.653144598007202,21.11612892150879,-17.44072914123535,12.759116172790527,-20.68928337097168,14.247349739074707,-10.348191261291504,17.397205352783203,-21.25508689880371,10.795147895812988,-9.026241302490234,8.912505149841309,-6.9942426681518555,11.042828559875488,1.5610346794128418,8.829329490661621,1812.0890942795616,1224.6145397028206,1439.9021694367914,492.06515955169954,3271.5773809523807,1849.956614668313,0.16016787574404762,0.14567433291026005,0.16751502454280853,0.06507407128810883,0.024653365835547447,0.0525541678071022
ai_pa_004.wav,ai,-1131.3712158203125,0.0003662109375,0.0,0.0,0.0,0.0,0.0,0.0,0.0,0.0,0.0,0.0,0.0,0.0,0.0,0.0,0.0,0.0,0.0,0.0,0.0,0.0,0.0,0.0,0.0,0.0,0.0,0.0,0.0,0.0,0.0,0.0,0.0,0.0,0.0,0.0,1.0000008344650269,1.1920928955078125e-07
ai_pa_005.wav,ai,-181.66587829589844,70.37284088134766,71.26546478271484,63.753273010253906,-26.844982147216797,45.33831024169922,27.28780174255371,36.00064468383789,-20.205108642578125,21.691923141479492,-3.4254066944122314,21.11644744873047,-17.42463493347168,12.756854057312012,-20.676559448242188,14.459485054016113,-10.607773780822754,17.55049705505371,-21.129148483276367,10.863906860351562,-9.234651565551758,8.76539421081543,-6.852085113525391,11.027420997619629,1.679514765739441,8.766205787658691,1813.370728360792,1226.833246307009,1440.0593117677556,491.5811499944864,3271.3293650793653,1850.524993518783,0.16108630952380953,0.14636172926305901,0.16751663386821747,0.06506699323654175,0.024396399036049843,0.05174379423260689
ai_pa_006.wav,ai,-41.69158935546875,112.56285858154297,50.124393463134766,4.594189643859863,-44.90848159790039,7.562124729156494,37.873470306396484,4.569180965423584,-0.26434439420700073,5.386809825897217,8.79693603515625,4.126790523529053,14.798097610473633,4.264045238494873,1.9936977624893188,8.232782363891602,3.3907594680786133,9.925286293029785,1.544256329536438,6.3199615478515625,-7.329600811004639,4.122603893280029,5.05778169631958,3.736480474472046,5.321515083312988,3.8272151947021484,2231.339995586659,168.23622465044403,1679.4600336449632,59.52679620200686,3690.6622023809523,171.20907976566855,0.22771344866071427,0.03209615279575087,0.19792526960372925,0.049367114901542664,0.06347356736660004,0.034625597298145294
ai_pa_007.wav,ai,-181.66587829589844,70.37284088134766,71.26546478271484,63.753273010253906,-26.844982147216797,45.33831024169922,27.28780174255371,36.00064468383789,-20.205108642578125,21.691923141479492,-3.4254066944122314,21.11644744873047,-17.42463493347168,12.756854057312012,-20.676559448242188,14.459485054016113,-10.607773780822754,17.55049705505371,-21.129148483276367,10.863906860351562,-9.234651565551758,8.76539421081543,-6.852085113525391,11.027420997619629,1.679514765739441,8.766205787658691,1813.370728360792,1226.833246307009,1440.0593117677556,491.5811499944864,3271.3293650793653,1850.524993518783,0.16108630952380953,0.14636172926305901,0.16751663386821747,0.06506699323654175,0.024396399036049843,0.05174379423260689
ai_pa_008.wav,ai,-1131.3712158203125,0.0003662109375,0.0,0.0,0.0,0.0,0.0,0.0,0.0,0.0,0.0,0.0,0.0,0.0,0.0,0.0,0.0,0.0,0.0,0.0,0.0,0.0,0.0,0.0,0.0,0.0,0.0,0.0,0.0,0.0,0.0,0.0,0.0,0.0,0.0,0.0,1.0000008344650269,1.1920928955078125e-07
ai_pa_009.wav,ai,-181.6873321533203,70.35150909423828,71.2844467163086,63.68980407714844,-26.734907150268555,45.38703918457031,27.476036071777344,36.08401870727539,-20.090190887451172,21.612213134765625,-3.653144598007202,21.11612892150879,-17.44072914123535,12.759116172790527,-20.68928337097168,14.247349739074707,-10.348191261291504,17.397205352783203,-21.25508689880371,10.795147895812988,-9.026241302490234,8.912505149841309,-6.9942426681518555,11.042828559875488,1.5610346794128418,8.829329490661621,1812.0890942795616,1224.6145397028206,1439.9021694367914,492.06515955169954,3271.5773809523807,1849.956614668313,0.16016787574404762,0.14567433291026005,0.16751502454280853,0.06507407128810883,0.024653365835547447,0.0525541678071022
ai_pa_010.wav,ai,-1131.3712158203125,0.0003662109375,0.0,0.0,0.0,0.0,0.0,0.0,0.0,0.0,0.0,0.0,0.0,0.0,0.0,0.0,0.0,0.0,0.0,0.0,0.0,0.0,0.0,0.0,0.0,0.0,0.0,0.0,0.0,0.0,0.0,0.0,0.0,0.0,0.0,0.0,1.0000008344650269,1.1920928955078125e-07
ai_pa_011.wav,ai,-180.93630981445312,70.331298828125,71.46763610839844,63.812259674072266,-26.755517959594727,45.39241409301758,27.501501083374023,35.9854621887207,-20.25704002380371,21.53114128112793,-3.3764898777008057,21.42234230041504,-17.137493133544922,12.700762748718262,-20.691673278808594,14.397557258605957,-10.502272605895996,17.588623046875,-21.156442642211914,10.883424758911133,-8.90835952758789,9.00076961517334,-7.034603118896484,11.120477676391602,1.6636054515838623,8.855048179626465,1811.5827983655074,1224.8984602006751,1439.0537825706565,491.17323733369324,3268.6631944444443,1849.9062198213442,0.15949358258928573,0.1448544778564375,0.16889232397079468,0.06557945907115936,0.024568425491452217,0.05226083844900131
ai_pa_012.wav,ai,-1131.3712158203125,0.0003662109375,0.0,0.0,0.0,0.0,0.0,0.0,0.0,0.0,0.0,0.0,0.0,0.0,0.0,0.0,0.0,0.0,0.0,0.0,0.0,0.0,0.0,0.0,0.0,0.0,0.0,0.0,0.0,0.0,0.0,0.0,0.0,0.0,0.0,0.0,1.0000008344650269,1.1920928955078125e-07
ai_pa_013.wav,ai,-181.6873321533203,70.35150909423828,71.2844467163086,63.68980407714844,-26.734907150268555,45.38703918457031,27.476036071777344,36.08401870727539,-20.090190887451172,21.612213134765625,-3.653144598007202,21.11612892150879,-17.44072914123535,12.759116172790527,-20.68928337097168,14.247349739074707,-10.348191261291504,17.397205352783203,-21.25508689880371,10.795147895812988,-9.026241302490234,8.912505149841309,-6.9942426681518555,11.042828559875488,1.5610346794128418,8.829329490661621,1812.0890942795616,1224.6145397028206,1439.9021694367914,492.06515955169954,3271.5773809523807,1849.956614668313,0.16016787574404762,0.14567433291026005,0.16751502454280853,0.06507407128810883,0.024653365835547447,0.0525541678071022
ai_pa_014.wav,ai,-1131.3712158203125,0.0003662109375,0.0,0.0,0.0,0.0,0.0,0.0,0.0,0.0,0.0,0.0,0.0,0.0,0.0,0.0,0.0,0.0,0.0,0.0,0.0,0.0,0.0,0.0,0.0,0.0,0.0,0.0,0.0,0.0,0.0,0.0,0.0,0.0,0.0,0.0,1.0000008344650269,1.1920928955078125e-07
ai_pa_015.wav,ai,-181.66587829589844,70.37284088134766,71.26546478271484,63.753273010253906,-26.844982147216797,45.33831024169922,27.28780174255371,36.00064468383789,-20.205108642578125,21.691923141479492,-3.4254066944122314,21.11644744873047,-17.42463493347168,12.756854057312012,-20.676559448242188,14.459485054016113,-10.607773780822754,17.55049705505371,-21.129148483276367,10.863906860351562,-9.234651565551758,8.76539421081543,-6.852085113525391,11.027420997619629,1.679514765739441,8.766205787658691,1813.370728360792,1226.833246307009,1440.0593117677556,491.5811499944864,3271.3293650793653,1850.524993518783,0.16108630952380953,0.14636172926305901,0.16751663386821747,0.06506699323654175,0.024396399036049843,0.05174379423260689
ai_pa_016.wav,ai,-1131.3712158203125,0.0003662109375,0.0,0.0,0.0,0.0,0.0,0.0,0.0,0.0,0.0,0.0,0.0,0.0,0.0,0.0,0.0,0.0,0.0,0.0,0.0,0.0,0.0,0.0,0.0,0.0,0.0,0.0,0.0,0.0,0.0,0.0,0.0,0.0,0.0,0.0,1.0000008344650269,1.1920928955078125e-07
ai_pa_017.wav,ai,-180.93630981445312,70.331298828125,71.46763610839844,63.812259674072266,-26.755517959594727,45.39241409301758,27.501501083374023,35.9854621887207,-20.25704002380371,21.53114128112793,-3.3764898777008057,21.42234230041504,-17.137493133544922,12.700762748718262,-20.691673278808594,14.397557258605957,-10.502272605895996,17.588623046875,-21.156442642211914,10.883424758911133,-8.90835952758789,9.00076961517334,-7.034603118896484,11.120477676391602,1.6636054515838623,8.855048179626465,1811.5827983655074,1224.8984602006751,1439.0537825706565,491.17323733369324,3268.6631944444443,1849.9062198213442,0.15949358258928573,0.1448544778564375,0.16889232397079468,0.06557945907115936,0.024568425491452217,0.05226083844900131
ai_pa_018.wav,ai,-1131.3712158203125,0.0003662109375,0.0,0.0,0.0,0.0,0.0,0.0,0.0,0.0,0.0,0.0,0.0,0.0,0.0,0.0,0.0,0.0,0.0,0.0,0.0,0.0,0.0,0.0,0.0,0.0,0.0,0.0,0.0,0.0,0.0,0.0,0.0,0.0,0.0,0.0,1.0000008344650269,1.1920928955078125e-07
ai_pa_019.wav,ai,-180.93630981445312,70.331298828125,71.46763610839844,63.812259674072266,-26.755517959594727,45.39241409301758,27.501501083374023,35.9854621887207,-20.25704002380371,21.53114128112793,-3.3764898777008057,21.42234230041504,-17.137493133544922,12.700762748718262,-20.691673278808594,14.397557258605957,-10.502272605895996,17.588623046875,-21.156442642211914,10.883424758911133,-8.90835952758789,9.00076961517334,-7.034603118896484,11.120477676391602,1.6636054515838623,8.855048179626465,1811.5827983655074,1224.8984602006751,1439.0537825706565,491.17323733369324,3268.6631944444443,1849.9062198213442,0.15949358258928573,0.1448544778564375,0.16889232397079468,0.06557945907115936,0.024568425491452217,0.05226083844900131
ai_pa_020.wav,ai,-1131.3712158203125,0.0003662109375,0.0,0.0,0.0,0.0,0.0,0.0,0.0,0.0,0.0,0.0,0.0,0.0,0.0,0.0,0.0,0.0,0.0,0.0,0.0,0.0,0.0,0.0,0.0,0.0,0.0,0.0,0.0,0.0,0.0,0.0,0.0,0.0,0.0,0.0,1.0000008344650269,1.1920928955078125e-07
ai_ta_001.wav,ai,-180.53099060058594,89.91242218017578,120.02139282226562,34.99668502807617,1.2188847064971924,28.00417137145996,25.702402114868164,30.389339447021484,-6.1220383644104,20.521120071411133,-1.0762523412704468,19.377880096435547,-0.28164786100387573,14.300593376159668,-21.761672973632812,15.853509902954102,-7.454990386962891,15.804121017456055,-14.048091888427734,10.118725776672363,-9.408726692199707,10.862409591674805,-12.758477210998535,8.791670799255371,-1.5144505500793457,9.386220932006836,1143.5186335536705,431.10698734481514,1422.6962111483908,356.69535669396436,2253.720238095238,1150.1224826055202,0.06784009176587301,0.06023648917305276,0.15426893532276154,0.058595579117536545,0.004591544158756733,0.013473376631736755
ai_ta_002.wav,ai,-215.36944580078125,91.63355255126953,88.21562957763672,45.13432312011719,-26.719375610351562,32.789146423339844,9.223806381225586,22.81344223022461,-22.76253890991211,24.08674430847168,-18.622718811035156,23.743967056274414,-22.928939819335938,13.604117393493652,-36.201725006103516,14.238338470458984,-16.488508224487305,11.325418472290039,-21.669898986816406,8.465716361999512,-15.425025939941406,10.825935363769531,-17.19700813293457,9.543657302856445,-7.667112350463867,9.257105827331543,1346.408224027183,804.1116898107567,1383.6268989207397,435.60515497461773,2480.902777777778,1435.0823582542023,0.07708255828373016,0.07247668415913112,0.15219898521900177,0.05193430185317993,0.006708062253892422,0.024981077760457993
ai_ta_003.wav,ai,-178.37474060058594,91.22795867919922,120.5650863647461,33.70237731933594,-0.28163644671440125,28.122224807739258,25.227956771850586,30.40841293334961,-7.6528520584106445,19.692873001098633,-0.5155246257781982,19.479265213012695,-4.398210525512695,14.034967422485352,-21.595964431762695,15.571877479553223,-7.110352516174316,16.237279891967773,-14.971991539001465,9.440959930419922,-8.688260078430176,9.990059852600098,-12.844815254211426,9.615962982177734,1.7468434572219849,10.157084465026855,1139.9955745198602,389.58723759996064,1411.8838997837474,334.31711092337304,2267.9811507936506,1107.374340815379,0.06770833333333333,0.059384933316386807,0.15256483852863312,0.05665470287203789,0.004579787142574787,0.012986985966563225
ai_ta_004.wav,ai,-219.41233825683594,91.07994842529297,86.92406463623047,46.49468231201172,-23.62845802307129,32.25616455078125,10.144975662231445,22.123638153076172,-17.34233283996582,22.953580856323242,-20.424406051635742,23.180402755737305,-18.32906723022461,13.637472152709961,-36.9873046875,14.001227378845215,-16.830228805541992,10.727143287658691,-21.22327995300293,8.7722806930542,-15.267688751220703,11.57525634765625,-18.51970672607422,8.993041038513184,-6.332708358764648,8.765177726745605,1359.7295354358178,864.7174929048424,1413.2731521503285,425.4101758292767,2465.9598214285716,1440.850195433609,0.0791868179563492,0.08296882471719931,0.15019932389259338,0.05309079587459564,0.007053382229059935,0.028394820168614388
ai_ta_005.wav,ai,-190.1653289794922,95.04596710205078,118.0571060180664,35.24029541015625,3.465806484222412,27.022123336791992,27.95383644104004,28.34785270690918,-0.8680958151817322,20.717853546142578,-2.911027669906616,18.48255729675293,2.1341443061828613,14.41690731048584,-19.991235733032227,15.587838172912598,-9.201858520507812,14.881579399108887,-12.458332061767578,11.260941505432129,-10.245096206665039,11.380425453186035,-12.069015502929688,8.888731956481934,-5.966244220733643,9.395389556884766,1156.1726236602249,484.6974657591279,1451.848654742871,366.00000570239746,2312.065972222222,1208.5166476123316,0.06647600446428571,0.06839216043573615,0.14646777510643005,0.05922481417655945,0.005945984274148941,0.01723693311214447
ai_ta_006.wav,ai,-207.46029663085938,86.43301391601562,89.63179779052734,39.555328369140625,-32.653106689453125,33.98601531982422,10.203208923339844,23.787694931030273,-32.57548522949219,23.307559967041016,-16.294193267822266,22.994510650634766,-33.60842514038086,13.738438606262207,-31.927366256713867,13.883153915405273,-19.180130004882812,11.91080093383789,-19.604816436767578,8.56724739074707,-16.374937057495117,10.088068962097168,-13.82359790802002,8.452742576599121,-12.039159774780273,9.85859489440918,1305.1751310345849,632.066737510675,1319.0936819277006,408.23375800793804,2442.3983134920636,1283.8393513279757,0.0765593998015873,0.04881220743853328,0.15510986745357513,0.046433910727500916,0.00575984176248312,0.023130809888243675
ai_ta_007.wav,ai,-195.2999267578125,100.03082275390625,118.04668426513672,36.37690353393555,6.4855546951293945,28.0761661529541,25.602357864379883,27.817392349243164,1.5769532918930054,22.146207809448242,-2.8975720405578613,17.4494686126709,5.482390403747559,14.261545181274414,-18.39850616455078,15.732292175292969,-8.659713745117188,14.049602508544922,-11.800766944885254,12.715927124023438,-9.855781555175781,11.425230979919434,-11.507850646972656,9.24886417388916,-9.592607498168945,8.999943733215332,1159.7599421393297,538.1020109450782,1469.2000882002255,373.87221290948156,2276.6617063492063,1215.0955357160312,0.06813461061507936,0.07078871753177608,0.14438176155090332,0.061838239431381226,0.00586705980822444,0.01490124873816967
ai_ta_008.wav,ai,-204.36399841308594,84.70672607421875,87.37883758544922,36.49026107788086,-35.28752136230469,34.60411834716797,9.627668380737305,23.657583236694336,-36.47658920288086,23.704490661621094,-15.523144721984863,21.815589904785156,-38.31818389892578,13.31029987335205,-29.030717849731445,13.937545776367188,-20.177248001098633,12.070497512817383,-18.038110733032227,8.330545425415039,-17.31153678894043,9.23898983001709,-11.7865629196167,8.366744995117188,-14.044607162475586,10.358226776123047,1310.9336284389142,563.3740150089128,1320.8878472977137,393.150688861659,2462.0535714285716,1208.3071608083587,0.07724531870039683,0.04553636477949288,0.15407951176166534,0.044838156551122665,0.005059371702373028,0.022156987339258194
ai_ta_009.wav,ai,-197.90545654296875,104.02774047851562,117.08790588378906,37.276981353759766,9.073423385620117,27.260066986083984,23.591930389404297,27.422874450683594,5.624537944793701,22.95301055908203,-4.754585266113281,17.250202178955078,7.2649736404418945,14.61543083190918,-15.454044342041016,15.242069244384766,-8.365080833435059,13.147480964660645,-11.018624305725098,13.59615707397461,-10.027503967285156,10.790687561035156,-9.514289855957031,9.81505012512207,-13.333745956420898,9.596685409545898,1171.0486222181366,563.5786512026972,1504.3749992498092,377.86838466410694,2278.7698412698414,1311.0419680136217,0.06792534722222222,0.06910040876129454,0.14277078211307526,0.06421328336000443,0.006275788880884647,0.015343286097049713
ai_ta_010.wav,ai,-208.1533660888672,84.50154113769531,89.38526916503906,39.228179931640625,-30.81438446044922,33.27782440185547,11.433113098144531,23.17270278930664,-28.270917892456055,23.03408432006836,-16.783872604370117,24.261215209960938,-28.330806732177734,13.18451976776123,-34.41783142089844,13.987475395202637,-18.18699836730957,10.9638090133667,-20.073163986206055,7.941619873046875,-15.917803764343262,10.156557083129883,-15.005675315856934,8.902837753295898,-9.196422576904297,10.103418350219727,1280.7697554244323,570.0935567701421,1339.9574904225417,417.5743487587856,2417.906746031746,1245.2825735969698,0.07333131820436507,0.04170522271932392,0.1573285460472107,0.04872078448534012,0.004586425144225359,0.01911228708922863
ai_ta_011.wav,ai,-180.69223022460938,89.84367370605469,120.05010223388672,34.916969299316406,1.2376049757003784,28.080257415771484,25.622556686401367,30.454763412475586,-5.961923599243164,20.467220306396484,-1.1745026111602783,19.45207405090332,-0.13278637826442719,14.127050399780273,-21.889558792114258,15.80597972869873,-7.190028190612793,16.03071403503418,-14.156986236572266,10.210592269897461,-9.344364166259766,11.029825210571289,-12.671469688415527,8.885485649108887,-1.5815974473953247,9.39284896850586,1143.5732447563507,430.76682826976656,1423.800370457834,356.52504210220235,2253.90625,1149.5482890395276,0.06783234126984126,0.06017488363394002,0.15430928766727448,0.058676790446043015,0.004608453251421452,0.01349286176264286
ai_ta_012.wav,ai,-215.5060272216797,91.5824203491211,88.07073974609375,45.09648513793945,-26.736825942993164,32.77069854736328,9.336111068725586,22.813232421875,-22.762096405029297,24.06791877746582,-18.598854064941406,23.691511154174805,-23.043304443359375,13.580684661865234,-36.17790985107422,14.117362976074219,-16.5687198638916,11.368584632873535,-21.59451675415039,8.476778984069824,-15.055209159851074,10.934137344360352,-17.21913719177246,9.762728691101074,-7.356896877288818,9.220662117004395,1345.9521398169852,802.4285731743075,1384.8518878906364,435.1315606339117,2477.8025793650795,1432.6482283108217,0.07735770089285714,0.07249960520206784,0.1521868258714676,0.05201655253767967,0.006528825499117374,0.02400854416191578
ai_ta_013.wav,ai,-178.52867126464844,91.03211975097656,120.5681381225586,33.67704772949219,-0.3172690272331238,28.08840560913086,25.313934326171875,30.35286521911621,-7.578372001647949,19.628215789794922,-0.5833122134208679,19.42014503479004,-4.302821636199951,13.958138465881348,-21.697521209716797,15.630961418151855,-7.028885364532471,16.591222763061523,-15.067605018615723,9.732316017150879,-8.688199996948242,10.0149507522583,-12.913240432739258,9.685708999633789,1.866517186164856,10.363612174987793,1140.3104728899427,389.41946865462126,1412.2523517411094,334.09812040004283,2265.811011904762,1106.6003301288983,0.06802610367063493,0.05945914959763815,0.1525205373764038,0.0566062405705452,0.004555926658213139,0.012957851402461529
ai_ta_014.wav,ai,-219.6072540283203,91.0921401977539,87.01915740966797,46.418914794921875,-23.76620101928711,32.43535614013672,10.178271293640137,22.231645584106445,-17.42940902709961,22.955707550048828,-20.365253448486328,23.087177276611328,-18.423870086669922,13.602538108825684,-36.95225524902344,14.002260208129883,-16.803640365600586,10.807409286499023,-21.234771728515625,8.726682662963867,-15.230997085571289,11.516762733459473,-18.648622512817383,8.97851848602295,-6.496184825897217,8.849597930908203,1357.8585200092507,865.2340218515196,1410.5203121584439,425.54506549046056,2463.1076388888887,1441.194140120886,0.07912481398809523,0.08302130312855029,0.15025310218334198,0.053136665374040604,0.007009133230894804,0.028178490698337555
ai_ta_015.wav,ai,-190.0598907470703,94.99580383300781,117.9757308959961,35.307273864746094,3.657649517059326,27.017274856567383,27.945568084716797,28.424842834472656,-0.6900061368942261,20.68257713317871,-2.9733760356903076,18.570775985717773,2.262721300125122,14.47944164276123,-20.1300048828125,15.6334228515625,-9.112531661987305,14.831899642944336,-12.386139869689941,11.32230281829834,-10.316228866577148,11.328359603881836,-11.883367538452148,8.771059036254883,-5.897425651550293,9.321328163146973,1157.2019750326306,483.9314230819109,1452.7613810743796,365.5180513862796,2309.7098214285716,1206.6257338334556,0.06662713913690477,0.06830254043543436,0.14642317593097687,0.05924824997782707,0.005939889699220657,0.01718987710773945
ai_ta_016.wav,ai,-207.4480438232422,86.42920684814453,89.27000427246094,39.414398193359375,-32.59550857543945,34.01066970825195,10.213171005249023,23.918546676635742,-32.79418182373047,23.395538330078125,-16.06851577758789,23.212446212768555,-33.670066833496094,13.493078231811523,-32.111549377441406,14.020842552185059,-19.049591064453125,12.001927375793457,-19.450685501098633,8.618617057800293,-16.492958068847656,10.108978271484375,-13.776548385620117,8.425762176513672,-11.904379844665527,9.662127494812012,1307.5812054034654,632.0669648836747,1321.291756790531,407.2748303144497,2448.1026785714284,1282.1700748041314,0.07689654637896826,0.049068794518820444,0.15495222806930542,0.04639890044927597,0.00566304475069046,0.022507337853312492
ai_ta_017.wav,ai,-195.29373168945312,99.96005249023438,118.37754821777344,36.161197662353516,6.269235134124756,28.241012573242188,25.729473114013672,27.89417266845703,1.6704095602035522,22.237401962280273,-3.0621838569641113,17.564462661743164,5.616621971130371,14.114307403564453,-18.372467041015625,15.834622383117676,-8.438909530639648,14.143994331359863,-11.969759941101074,12.674077987670898,-9.635576248168945,11.629819869995117,-11.277799606323242,9.282261848449707,-9.72760009765625,8.989084243774414,1159.2847898217956,537.4169479073391,1467.6355885198564,374.3336481433995,2276.6617063492063,1213.3936743316656,0.06816948784722222,0.07076207089670339,0.14427103102207184,0.061871275305747986,0.0058584194630384445,0.014847165904939175
ai_ta_018.wav,ai,-204.53668212890625,84.63314056396484,87.23661804199219,36.590553283691406,-35.33290100097656,34.59074020385742,9.444252014160156,23.817520141601562,-36.32280731201172,23.7349853515625,-15.609036445617676,21.793010711669922,-38.465763092041016,13.134971618652344,-29.3045654296875,14.092375755310059,-20.094675064086914,11.980205535888672,-18.089046478271484,8.31791877746582,-17.267807006835938,9.164664268493652,-11.602787017822266,8.26418399810791,-14.048006057739258,10.449654579162598,1310.988496051566,559.8816865138239,1321.7169423045825,393.4114767544064,2466.3938492063494,1204.4920429076903,0.07690817212301587,0.04438999694551732,0.15393532812595367,0.04468853026628494,0.005119937472045422,0.0223910640925169
ai_ta_019.wav,ai,-197.8953857421875,103.86268615722656,117.10967254638672,37.202003479003906,9.011143684387207,27.40387535095215,23.63993263244629,27.283950805664062,5.503297805786133,22.9362735748291,-4.465677738189697,16.978961944580078,7.1407036781311035,14.675215721130371,-15.39656925201416,15.317599296569824,-8.331626892089844,13.109477043151855,-10.922183990478516,13.59664535522461,-10.122873306274414,10.93105411529541,-9.547257423400879,9.848381042480469,-13.295557022094727,9.716276168823242,1170.0469265491001,563.3909068649755,1502.2493197910956,377.9509655375508,2280.1959325396824,1309.9466262364915,0.06770833333333333,0.06920995936456628,0.14260898530483246,0.06415979564189911,0.0062646567821502686,0.0153031712397933
ai_ta_020.wav,ai,-207.986572265625,84.27369689941406,89.62759399414062,38.5865364074707,-30.735496520996094,33.60038757324219,11.637474060058594,23.51667022705078,-28.276073455810547,23.216903686523438,-16.840198516845703,23.893444061279297,-28.068408966064453,13.374150276184082,-34.325035095214844,13.84284782409668,-17.941524505615234,11.05910587310791,-20.110877990722656,7.869758605957031,-15.694252967834473,10.486209869384766,-15.267975807189941,8.87724494934082,-9.027798652648926,10.08200740814209,1278.0118444642178,557.317175383298,1340.9878221464294,416.1102877584033,2411.3963293650795,1229.1308677989737,0.07386222718253968,0.042357682580378316,0.15737150609493256,0.04864392802119255,0.004239059519022703,0.01652533933520317
ai_te_001.wav,ai,-128.0066375732422,83.97956848144531,73.72386169433594,58.44808578491211,10.268552780151367,30.47716522216797,20.60477638244629,28.16456413269043,15.26266098022461,15.216702461242676,-7.7354207038879395,12.473407745361328,-18.264801025390625,15.79964542388916,-5.0591230392456055,11.829689979553223,-26.027423858642578,12.360931396484375,-11.458847999572754,11.96082878112793,-12.526250839233398,8.90449047088623,-13.876200675964355,9.671104431152344,-17.076295852661133,8.798319816589355,1880.743623943698,1212.5436844932713,1737.0342742084893,465.5319219590413,3501.9221230158732,1903.6121642466887,0.17027064732142858,0.15381331603189233,0.19833441078662872,0.07306339591741562,0.025885451585054398,0.04688676446676254
ai_te_002.wav,ai,-199.92103576660156,85.881103515625,78.15093994140625,51.19422912597656,-19.312776565551758,36.58448791503906,5.822418689727783,34.87678527832031,-20.63751792907715,20.238454818725586,-16.495561599731445,23.46055030822754,-19.209842681884766,15.214035034179688,-32.21650695800781,11.665218353271484,-17.04315948486328,12.367368698120117,-23.84556770324707,10.002856254577637,-18.218122482299805,13.05954647064209,-18.630712509155273,11.277323722839355,-11.251256942749023,11.710832595825195,1579.9095783060943,1079.3080106229265,1472.5264310669584,466.21699336078416,2785.8382936507937,1697.817458324812,0.1254340277777778,0.1436358368033793,0.15329194068908691,0.056653667241334915,0.007991036400198936,0.020570380613207817
ai_te_003.wav,ai,-125.4154052734375,79.57063293457031,74.33440399169922,56.37668991088867,8.436026573181152,31.478185653686523,21.4942569732666,29.047040939331055,12.904458045959473,15.493059158325195,-10.466238021850586,12.547186851501465,-18.851369857788086,14.602250099182129,-7.352896690368652,12.049970626831055,-27.93605613708496,12.461648941040039,-9.253870964050293,12.023181915283203,-14.482810974121094,8.754129409790039,-14.414873123168945,9.196968078613281,-14.66407585144043,8.838129043579102,1884.3067958658778,1194.8605292438046,1734.5163806300388,464.3477886805445,3534.660218253968,1856.2433758014724,0.1765873015873016,0.15153696962171953,0.19474348425865173,0.070836640894413,0.02623344026505947,0.04795439913868904
ai_te_004.wav,ai,-194.84701538085938,82.1510009765625,80.1187515258789,52.48561096191406,-18.038923263549805,35.794986724853516,7.19730281829834,34.65999221801758,-17.419328689575195,20.511091232299805,-17.70224952697754,22.85152816772461,-15.075104713439941,15.282060623168945,-31.639848709106445,12.020076751708984,-17.25442123413086,12.06264591217041,-23.395360946655273,11.333636283874512,-18.968303680419922,12.99510669708252,-18.72115135192871,12.033905029296875,-11.426101684570312,11.004033088684082,1568.0970398948273,1080.30063773645,1483.0622847135576,458.85595446714035,2756.6344246031745,1669.4133302054572,0.12033807663690477,0.14235899988911474,0.1595127135515213,0.05843404307961464,0.0075037055648863316,0.020606227219104767
ai_te_005.wav,ai,-132.3312225341797,83.64534759521484,71.3615493774414,60.3328857421875,11.931912422180176,29.22099494934082,19.80745506286621,28.613229751586914,18.74045181274414,15.782764434814453,-4.948472499847412,11.818163871765137,-17.72334098815918,15.662774085998535,-3.757633924484253,12.26462459564209,-23.408632278442383,11.945794105529785,-13.797150611877441,10.426161766052246,-10.951045989990234,10.640899658203125,-12.724359512329102,10.347838401794434,-18.999340057373047,8.958595275878906,1931.6057724382033,1259.0134070803117,1758.9855509928498,444.002500490926,3558.717757936508,1947.2619673537415,0.1759362599206349,0.1607965086722114,0.18677188456058502,0.06905598938465118,0.027103165164589882,0.04729650914669037
ai_te_006.wav,ai,-190.62881469726562,74.88818359375,81.01643371582031,48.14642333984375,-25.132251739501953,37.775455474853516,7.274022102355957,34.98369216918945,-28.248695373535156,19.418195724487305,-15.05191707611084,21.9156494140625,-29.397340774536133,15.772268295288086,-29.627769470214844,12.421439170837402,-18.60787582397461,13.42484188079834,-23.687719345092773,8.155322074890137,-18.112279891967773,10.845331192016602,-16.14244842529297,9.484681129455566,-12.393535614013672,11.062897682189941,1575.8953093495347,1010.8883709635634,1440.9009163801018,473.75951070261965,2829.7371031746034,1633.3797281303584,0.1273871527777778,0.13695250749870255,0.15245777368545532,0.05181897059082985,0.007009137887507677,0.01815253496170044
ai_te_007.wav,ai,-136.4404296875,88.74848937988281,68.37439727783203,62.11542892456055,12.929375648498535,30.16360855102539,21.32419776916504,28.46792984008789,20.226669311523438,16.041460037231445,-0.610394299030304,11.880972862243652,-16.193212509155273,14.54744815826416,-2.2185842990875244,13.231806755065918,-19.300243377685547,12.047314643859863,-15.52353286743164,9.642313003540039,-9.825793266296387,11.316316604614258,-10.482544898986816,10.526333808898926,-19.63957977294922,8.293643951416016,1985.8159280967968,1328.847469393671,1761.7954650620027,443.1215057944206,3623.9459325396824,2016.1059187465166,0.18257843501984128,0.16838969634576512,0.18629363179206848,0.07448358088731766,0.029644818976521492,0.05102802440524101
ai_te_008.wav,ai,-189.197509765625,73.2859878540039,79.41673278808594,46.53449249267578,-27.077556610107422,37.69355392456055,6.354935646057129,34.80195617675781,-30.91404914855957,21.12956428527832,-15.163775444030762,20.590471267700195,-34.1479606628418,15.841527938842773,-27.031517028808594,12.64437484741211,-20.674219131469727,14.276859283447266,-22.188936233520508,9.399704933166504,-19.819149017333984,9.901768684387207,-13.888590812683105,9.66955280303955,-14.45877456665039,9.98271656036377,1559.8994259049205,935.6455817745986,1436.1962533669887,474.86741843643205,2846.5401785714284,1592.8112947983884,0.12691824776785715,0.12686517378036882,0.1548803597688675,0.05228860303759575,0.007551517337560654,0.02028585970401764
ai_te_009.wav,ai,-137.23097229003906,93.31990051269531,70.01883697509766,62.52463150024414,13.816973686218262,28.727352142333984,19.166275024414062,28.839582443237305,21.551546096801758,15.719121932983398,1.5167075395584106,13.070548057556152,-14.975510597229004,15.013957023620605,-2.463165760040283,13.029729843139648,-17.249433517456055,12.130071640014648,-16.749897003173828,9.935538291931152,-9.20920467376709,11.258482933044434,-9.333014488220215,10.121963500976562,-19.300031661987305,8.759835243225098,1931.8868091303718,1312.6631274880358,1756.8315839355967,431.0284358746899,3530.1959325396824,2001.0352354410852,0.17525421626984128,0.16807560755245465,0.19006791710853577,0.0763084813952446,0.02779495343565941,0.047909654676914215
ai_te_010.wav,ai,-193.92208862304688,76.72091674804688,82.81481170654297,50.018436431884766,-24.943761825561523,36.542972564697266,5.289315700531006,35.05355453491211,-24.903310775756836,19.1346435546875,-16.369869232177734,22.713985443115234,-24.249961853027344,15.537607192993164,-32.793357849121094,11.501803398132324,-17.900493621826172,12.967514991760254,-23.650705337524414,8.822673797607422,-18.171293258666992,12.052789688110352,-17.79022979736328,10.802910804748535,-11.287115097045898,12.558326721191406,1543.1468738885485,1022.2904350013018,1430.8262589928802,473.4867477638354,2722.594246031746,1625.821567284506,0.12134951636904762,0.13727979648117614,0.15428894758224487,0.05404007434844971,0.0068672033958137035,0.01881667785346508
ai_te_011.wav,ai,-131.70880126953125,84.13414764404297,73.47465515136719,58.24494171142578,10.156181335449219,30.18755531311035,20.3068790435791,28.169677734375,15.584602355957031,15.250678062438965,-8.133694648742676,12.287796020507812,-18.227859497070312,15.852612495422363,-5.049866199493408,11.792976379394531,-25.974964141845703,12.220026016235352,-11.722640991210938,11.850020408630371,-12.434481620788574,8.891849517822266,-14.081880569458008,9.712878227233887,-16.895700454711914,8.7568359375,1881.93784615536,1211.806423095625,1739.7469472945104,464.18349565165397,3508.6805555555557,1905.399599251107,0.1705806671626984,0.15494917836567826,0.19064712524414062,0.07047057151794434,0.02638479322195053,0.04793218895792961
ai_te_012.wav,ai,-199.93975830078125,85.79280090332031,78.07864379882812,51.01705551147461,-19.38797378540039,36.56768798828125,5.983597755432129,35.24405288696289,-20.507404327392578,20.66217613220215,-16.418609619140625,23.175949096679688,-19.128610610961914,15.452995300292969,-32.280418395996094,12.173312187194824,-17.19586944580078,12.414852142333984,-23.99362564086914,9.719884872436523,-18.607534408569336,12.515888214111328,-18.774181365966797,11.213850975036621,-11.461835861206055,11.571611404418945,1581.0020564397685,1080.8712444121156,1472.6631715407416,466.30917581360853,2786.8303571428573,1700.717902565186,0.12564716641865079,0.1446727821256494,0.15347620844841003,0.056834738701581955,0.00800770428031683,0.020551322028040886
ai_te_013.wav,ai,-125.43085479736328,79.62579345703125,74.27164459228516,56.371402740478516,8.467991828918457,31.745485305786133,21.66373062133789,28.95785903930664,12.651928901672363,15.683505058288574,-10.25086784362793,12.7152099609375,-19.27312469482422,14.843147277832031,-7.085133075714111,11.988492965698242,-27.756811141967773,12.443656921386719,-9.320090293884277,12.041171073913574,-14.578437805175781,8.689018249511719,-14.39889907836914,9.056400299072266,-14.671252250671387,8.776801109313965,1883.497749895782,1192.9266971139343,1733.8829326850391,465.67898136852324,3533.2961309523807,1858.303736604657,0.1773894779265873,0.15212479102150883,0.19458770751953125,0.07069658488035202,0.026261290535330772,0.04789275303483009
ai_te_014.wav,ai,-194.69688415527344,82.11955261230469,80.38423919677734,52.29275894165039,-17.87696647644043,35.892181396484375,7.166573524475098,34.79134750366211,-17.29052734375,20.419658660888672,-17.817623138427734,22.74468231201172,-15.072909355163574,15.295999526977539,-31.649974822998047,11.872031211853027,-17.102092742919922,12.199946403503418,-23.264144897460938,11.509798049926758,-18.82880973815918,13.058175086975098,-18.606792449951172,12.130854606628418,-11.472294807434082,10.900458335876465,1568.6282357546588,1082.150331786887,1484.3960447176296,459.2660985497828,2756.7584325396824,1673.0875066276142,0.12088836185515874,0.14239919860913797,0.15964262187480927,0.05842319503426552,0.007466467097401619,0.02075754478573799
ai_te_015.wav,ai,-132.19512939453125,83.7735366821289,71.37747192382812,60.35744094848633,12.056417465209961,29.31892204284668,19.83110809326172,28.723073959350586,18.63997459411621,15.64916706085205,-4.857270240783691,11.748689651489258,-17.811708450317383,15.863395690917969,-3.7476632595062256,12.168931007385254,-23.296764373779297,11.946990013122559,-13.824790954589844,10.414385795593262,-10.912522315979004,10.661420822143555,-12.716116905212402,10.372207641601562,-18.89681625366211,8.988956451416016,1932.902156033638,1260.7776118151046,1758.830876519543,444.9198684495931,3564.3601190476193,1951.9216105671085,0.17585875496031747,0.16161268052795835,0.18675704300403595,0.06908074766397476,0.027099773287773132,0.04725920781493187
ai_te_016.wav,ai,-190.31686401367188,74.8016357421875,80.91935729980469,48.18537521362305,-24.838661193847656,37.82292938232422,7.194328784942627,35.00929260253906,-28.326858520507812,19.545291900634766,-14.991057395935059,21.78261375427246,-29.54712677001953,15.752796173095703,-29.57085609436035,12.425009727478027,-18.464616775512695,13.371061325073242,-23.723857879638672,8.149227142333984,-18.275737762451172,10.716975212097168,-16.109251022338867,9.543994903564453,-12.444396018981934,10.92119312286377,1578.3670595001036,1010.387545269254,1443.0857233608035,472.42413471823767,2833.0853174603176,1632.6349641388515,0.12589518229166666,0.1335595152474996,0.15245193243026733,0.05183474346995354,0.007110885810106993,0.01852218061685562
ai_te_017.wav,ai,-135.2972412109375,88.79472351074219,68.17411041259766,62.133541107177734,13.094243049621582,30.031484603881836,21.34539031982422,28.513870239257812,20.191896438598633,16.007139205932617,-0.5625839829444885,11.701876640319824,-16.435148239135742,14.70431137084961,-2.1124234199523926,13.015680313110352,-19.270421981811523,11.951525688171387,-15.543707847595215,9.493266105651855,-9.83573055267334,11.526606559753418,-10.383813858032227,10.591361999511719,-19.521148681640625,8.289718627929688,1988.930832699563,1330.8394641086027,1761.7396642742847,443.02490621617267,3627.8521825396824,2019.4062435345413,0.1836363777281746,0.17070252575260134,0.18802833557128906,0.07511777430772781,0.029493262991309166,0.05075983703136444
ai_te_018.wav,ai,-189.22923278808594,73.5040054321289,79.20413970947266,46.626888275146484,-27.100433349609375,37.58409118652344,6.112809181213379,34.95521545410156,-30.786792755126953,21.133787155151367,-15.177517890930176,20.60248565673828,-33.945098876953125,15.633561134338379,-27.092660903930664,12.343047142028809,-20.583036422729492,14.086081504821777,-22.284706115722656,9.328357696533203,-19.76389503479004,9.954785346984863,-13.856672286987305,9.739256858825684,-14.563069343566895,9.745850563049316,1561.5713465925621,941.8827193878623,1434.7245240559464,475.3226760311497,2845.1140873015875,1600.0616271745314,0.12760029141865079,0.1293360797371648,0.15467426180839539,0.0521542988717556,0.007660574745386839,0.020437639206647873
ai_te_019.wav,ai,-137.1626739501953,93.32909393310547,70.08110809326172,62.56949234008789,13.800775527954102,28.895708084106445,19.13570785522461,28.858945846557617,21.51412010192871,15.757291793823242,1.5152643918991089,13.192421913146973,-14.830141067504883,14.931602478027344,-2.2710940837860107,12.99621295928955,-17.1447811126709,12.107084274291992,-16.875892639160156,9.9510498046875,-9.184174537658691,11.282633781433105,-9.216214179992676,9.986495971679688,-19.239360809326172,8.725119590759277,1931.670969963182,1311.3526254805686,1757.3470412326033,431.2478316210964,3533.7301587301586,2002.1289576996776,0.17362273685515872,0.16668333643671385,0.18999868631362915,0.07628729939460754,0.0280190147459507,0.04828113690018654
ai_te_020.wav,ai,-193.8249053955078,76.72381591796875,82.71499633789062,50.20824432373047,-25.05522346496582,36.288326263427734,5.488221168518066,35.04486083984375,-24.990182876586914,19.101123809814453,-16.18509292602539,22.720857620239258,-24.175493240356445,15.737579345703125,-32.764530181884766,11.478079795837402,-18.06795883178711,12.951809883117676,-23.55795669555664,8.830409049987793,-18.181196212768555,12.031378746032715,-17.562698364257812,10.876604080200195,-11.245257377624512,12.488008499145508,1541.4638259507838,1020.0197031628943,1429.3228965908845,469.2533620606981,2722.284226190476,1618.871695313084,0.12114025297619048,0.13728975773041693,0.15445196628570557,0.05417632684111595,0.006844671908766031,0.018650081008672714
ai_ur_001.wav,ai,-150.568603515625,79.2870101928711,91.70423889160156,64.17282104492188,28.393022537231445,40.27321243286133,4.408548831939697,31.687898635864258,2.1667511463165283,33.231666564941406,-0.5027983784675598,16.137760162353516,6.876263618469238,16.75200080871582,-17.188579559326172,12.299727439880371,-6.324854850769043,11.117711067199707,-3.0825071334838867,11.668071746826172,-10.093664169311523,10.912556648254395,-3.9681780338287354,10.539159774780273,-4.699770450592041,8.624281883239746,2083.7306150408317,1540.9601390207504,1839.2515571879812,540.275834146488,3715.8978174603176,2263.241854166625,0.19245256696428573,0.1788690085683432,0.13667282462120056,0.058520473539829254,0.019286757335066795,0.03226907178759575
ai_ur_002.wav,ai,-162.3994903564453,65.50082397460938,68.77557373046875,51.602088928222656,10.614168167114258,35.73593521118164,33.10814666748047,28.641965866088867,-17.022005081176758,22.248769760131836,-9.170308113098145,14.360644340515137,-20.35764503479004,17.159900665283203,-17.85988426208496,12.222644805908203,-16.34383773803711,13.557517051696777,-11.62276840209961,9.073482513427734,-16.92154312133789,8.149195671081543,-11.902857780456543,10.010388374328613,-6.832361221313477,8.27853012084961,1758.0322437839857,1172.614743799734,1690.5965697149811,549.8700447723683,3499.503968253968,1940.419423998554,0.11497860863095238,0.11431232976939618,0.1977214217185974,0.08068765699863434,0.012455476447939873,0.02578507922589779
ai_ur_003.wav,ai,-160.8675994873047,53.56661605834961,76.28828430175781,51.04929733276367,-0.061387259513139725,40.7762451171875,4.115302085876465,28.67969512939453,-7.742194652557373,22.836139678955078,-2.5665154457092285,19.840429306030273,-21.976655960083008,13.861590385437012,-10.112292289733887,10.838815689086914,-8.12208080291748,14.81143856048584,-5.573439598083496,10.274577140808105,-18.67599868774414,12.516437530517578,-2.5597083568573,8.297041893005371,-3.6706743240356445,10.04293155670166,2072.6431955316543,1298.991979710166,1768.9472692777904,548.0293885780854,3802.0833333333335,2042.215138307165,0.16036938864087302,0.13748313029720233,0.1276928335428238,0.06945682317018509,0.023572806268930435,0.04106809198856354
ai_ur_004.wav,ai,-165.67913818359375,78.13607025146484,102.10028839111328,61.74314880371094,28.31402015686035,28.337440490722656,32.09160614013672,30.964752197265625,11.854520797729492,28.32306671142578,-0.8136431574821472,15.5804443359375,16.77030372619629,15.119340896606445,-5.08382511138916,15.556693077087402,-11.604351997375488,10.096360206604004,-4.50562858581543,12.815120697021484,-12.440133094787598,10.424210548400879,-3.4902455806732178,9.49738597869873,-15.894759178161621,11.817584991455078,1442.6438025281573,1199.8111153888476,1593.7525473451376,486.2128260064976,2693.3283730158732,1985.5034288108081,0.09428478422619048,0.13677630509010028,0.17700611054897308,0.05389711633324623,0.009612268768250942,0.021919449791312218
ai_ur_005.wav,ai,-146.0049591064453,58.571407318115234,69.62881469726562,53.43257522583008,1.820001244544983,41.94508361816406,3.7693848609924316,27.737079620361328,-14.580408096313477,27.147438049316406,-4.725214004516602,19.5989990234375,-23.361963272094727,14.48934555053711,-13.420916557312012,10.732803344726562,-12.91550350189209,14.333856582641602,-8.2658052444458,8.732281684875488,-18.421035766601562,9.386950492858887,-1.705580234527588,7.067187309265137,-9.104183197021484,8.328603744506836,2125.2563349870493,1349.9284758528402,1775.8097023103935,528.4945855893754,3889.4469246031745,2074.2375069820832,0.18855794270833334,0.15945608496613708,0.1485205441713333,0.07379810512065887,0.03321909159421921,0.060148537158966064
ai_ur_006.wav,ai,-168.7198486328125,65.4869613647461,69.2601089477539,48.81319808959961,5.265335559844971,31.998615264892578,36.52779769897461,35.412330627441406,-16.067049026489258,21.47048568725586,-2.9032962322235107,16.14409637451172,-17.433292388916016,15.200713157653809,-16.938457489013672,10.732155799865723,-11.748507499694824,13.736650466918945,-8.847879409790039,10.11453914642334,-16.327579498291016,9.42887020111084,-15.700654029846191,12.58082389831543,-4.150310039520264,9.880303382873535,1782.144167191255,1079.045182068711,1667.5939493533567,508.1446961304013,3544.7048611111113,1773.12189053457,0.11200629340277778,0.09726135770237206,0.18440327048301697,0.09363293647766113,0.01457712147384882,0.0371728390455246
ai_ur_007.wav,ai,-151.13841247558594,80.6040267944336,85.15645599365234,72.70948028564453,30.774736404418945,39.8633918762207,4.600499153137207,28.040943145751953,3.006319522857666,35.4808349609375,-1.338828444480896,16.198991775512695,9.157937049865723,15.668246269226074,-11.250818252563477,15.200997352600098,-10.65855884552002,11.301836013793945,2.5089540481567383,11.128561019897461,-10.128355026245117,11.304708480834961,-1.548521876335144,10.272522926330566,-10.5202054977417,8.842365264892578,2217.7084606885774,1647.9457227045941,1823.1137473811193,544.842468358186,3817.7083333333335,2340.338746019164,0.2046906001984127,0.1897680399615437,0.13968132436275482,0.060356754809617996,0.022667448967695236,0.03810780495405197
ai_ur_008.wav,ai,-156.901611328125,64.49525451660156,69.78655242919922,44.283931732177734,10.82796573638916,34.64911651611328,27.244728088378906,24.253192901611328,-26.382156372070312,20.222532272338867,-12.172674179077148,14.661985397338867,-25.802122116088867,17.756502151489258,-15.229145050048828,14.023208618164062,-17.677709579467773,13.018074989318848,-11.348759651184082,8.474029541015625,-18.564645767211914,8.58827018737793,-5.245415210723877,8.955323219299316,-13.840659141540527,7.098224639892578,1718.719278303714,983.4699055061635,1729.048066765959,510.68499439505024,3562.81001984127,1759.2180229562782,0.11720300099206349,0.10693253090942836,0.18802231550216675,0.08426286280155182,0.0127496849745512,0.02465016208589077
ai_ur_009.wav,ai,-167.1748504638672,61.894859313964844,77.67816925048828,60.85062789916992,3.6118106842041016,43.26691436767578,7.250774383544922,28.588764190673828,-9.211228370666504,25.26031494140625,4.819471836090088,16.083410263061523,-15.415969848632812,16.215517044067383,-12.141922950744629,11.892709732055664,-9.424055099487305,10.626092910766602,0.9914822578430176,13.108264923095703,-12.688332557678223,11.129387855529785,-10.759835243225098,12.679975509643555,-5.8384599685668945,8.364542007446289,2083.9285056858416,1423.7343955166511,1693.8266568970048,550.3222098141217,3731.7708333333335,2155.4784067761784,0.16167922247023808,0.14729950802773398,0.13036054372787476,0.07617736607789993,0.028141668066382408,0.05269019305706024
ai_ur_010.wav,ai,-165.07083129882812,78.84567260742188,106.07647705078125,56.287601470947266,26.244810104370117,30.45418930053711,34.068321228027344,33.08747482299805,7.340392112731934,26.273298263549805,1.0979734659194946,15.313518524169922,13.791309356689453,14.062215805053711,-12.775717735290527,14.567044258117676,-9.55477237701416,10.244248390197754,-8.54130744934082,12.7041654586792,-10.53823471069336,10.110386848449707,-6.625670433044434,11.53521728515625,-9.237505912780762,8.531006813049316,1399.4490635308694,1137.7361917743754,1582.9833081667896,490.4208187859256,2647.3214285714284,1930.4749941196526,0.09142485119047619,0.1264169316496553,0.17436805367469788,0.05399047210812569,0.009061231277883053,0.024066830053925514
ai_ur_011.wav,ai,-143.57223510742188,56.91568374633789,72.27660369873047,51.46403503417969,-0.24340075254440308,42.0039176940918,2.5640218257904053,25.998783111572266,-16.246305465698242,25.408645629882812,-6.3088860511779785,20.035755157470703,-24.996337890625,14.09607219696045,-12.159225463867188,12.434391021728516,-12.784202575683594,15.106751441955566,-9.557774543762207,8.18018627166748,-17.88421058654785,10.040244102478027,0.10592284798622131,7.246711254119873,-11.88748550415039,7.732186317443848,2070.0911284465888,1282.5713634395402,1769.631988883233,524.1238774943218,3804.625496031746,2016.3368375205227,0.18152049231150794,0.15510242644673844,0.14719657599925995,0.0706024318933487,0.030343586578965187,0.053402431309223175
ai_ur_012.wav,ai,-173.1842041015625,70.8863296508789,77.53075408935547,50.36099624633789,0.1829041987657547,32.038936614990234,40.3730583190918,36.75835037231445,-12.892017364501953,19.707677841186523,-0.27367717027664185,14.773208618164062,-13.835737228393555,13.609313011169434,-19.088773727416992,12.3277006149292,-11.520624160766602,12.194016456604004,-7.947076797485352,11.09873104095459,-11.41411018371582,10.10034465789795,-19.1000919342041,13.508872032165527,-5.667755603790283,9.093402862548828,1580.8811207673918,981.573824215267,1533.0575281564147,470.07759634818575,3110.6770833333335,1670.8602462791753,0.09483119419642858,0.09479530537372738,0.1951911598443985,0.09869671612977982,0.011468974873423576,0.02731112390756607
ai_ur_013.wav,ai,-150.42648315429688,81.66576385498047,89.109375,65.2346420288086,27.40723991394043,42.60676956176758,3.442164421081543,33.06364822387695,1.6749941110610962,32.099830627441406,-0.20398832857608795,16.799427032470703,4.629992485046387,16.12032699584961,-19.397869110107422,12.464305877685547,-4.164440631866455,12.578360557556152,-5.355814456939697,10.618946075439453,-8.255507469177246,11.015716552734375,-4.3082709312438965,11.163812637329102,-2.1010916233062744,10.440266609191895,2177.3821257036466,1616.165290966806,1842.9123907096007,549.3681462710693,3832.093253968254,2307.9459213851437,0.20557415674603174,0.1833529142364673,0.13671860098838806,0.0599905401468277,0.021003706380724907,0.04353991150856018
ai_ur_014.wav,ai,-160.53607177734375,67.53192138671875,72.77836608886719,50.40568923950195,9.56874942779541,35.39002990722656,34.378753662109375,27.925975799560547,-13.748394966125488,21.57699203491211,-9.003424644470215,14.187088012695312,-17.89936065673828,15.537786483764648,-18.74289321899414,12.865711212158203,-15.61374568939209,13.058599472045898,-11.66377067565918,9.967913627624512,-14.681710243225098,8.326995849609375,-14.633769989013672,10.680058479309082,-5.442205905914307,8.253035545349121,1657.5031311605146,1089.9232235850586,1655.2370187036768,534.9261591830589,3296.316964285714,1877.9999300586403,0.10741412450396826,0.10618218117896855,0.2033487856388092,0.08321452140808105,0.012239093892276287,0.02693771943449974
ai_ur_015.wav,ai,-165.69969177246094,55.25008773803711,76.8863296508789,54.7568473815918,-0.02062447927892208,41.91460037231445,6.072604179382324,28.381736755371094,-9.306901931762695,24.086841583251953,0.5575475096702576,18.868263244628906,-20.27812385559082,14.834336280822754,-10.537431716918945,10.795528411865234,-8.091910362243652,12.526449203491211,-2.0984697341918945,11.959949493408203,-17.212661743164062,12.250044822692871,-8.124282836914062,10.704057693481445,-2.6211702823638916,10.164108276367188,2076.635781399628,1335.3715973138849,1741.931232625613,545.3382661574408,3787.5124007936506,2062.3257285684813,0.15974934895833334,0.1412383165817712,0.12464991956949234,0.06953994929790497,0.027368057519197464,0.04917142912745476
ai_ur_016.wav,ai,-161.9110870361328,80.45159912109375,104.11093139648438,55.23772430419922,28.021657943725586,32.53736877441406,34.14098358154297,32.90802001953125,6.896150588989258,26.613481521606445,1.671647548675537,16.71005630493164,12.00948429107666,13.504895210266113,-15.51256275177002,13.936810493469238,-8.734063148498535,11.213863372802734,-11.195916175842285,11.476947784423828,-8.63955307006836,10.220937728881836,-8.515546798706055,11.88506031036377,-5.243747234344482,8.013861656188965,1475.010802046056,1205.5419673292229,1626.0974741231921,536.3765532449864,2795.6969246031745,2032.4470553813424,0.09936910962301587,0.1264649446864313,0.1753370761871338,0.05354754626750946,0.00861303135752678,0.020077813416719437
ai_ur_017.wav,ai,-143.8455810546875,55.349327087402344,72.44677734375,54.57563400268555,0.6318655610084534,41.24905014038086,6.392022609710693,27.521270751953125,-15.324695587158203,27.796701431274414,-2.6516945362091064,19.50125503540039,-21.610824584960938,14.013134002685547,-13.426718711853027,9.826904296875,-13.29595947265625,13.95054817199707,-6.679569721221924,10.39465045928955,-18.26071548461914,8.584166526794434,-3.5185954570770264,7.965799808502197,-7.227985858917236,8.331924438476562,2064.777100816108,1329.6597571152142,1745.0529290015004,530.8669671835307,3783.9161706349205,2074.489731139526,0.17357235863095238,0.15353784732619125,0.1531948745250702,0.0756876990199089,0.0314360149204731,0.05372022092342377
ai_ur_018.wav,ai,-165.9009552001953,62.72514343261719,69.32696533203125,46.52140426635742,5.609994888305664,32.370765686035156,36.88215255737305,35.56922149658203,-18.795644760131836,22.102947235107422,-3.7193057537078857,16.878246307373047,-21.0640811920166,16.580156326293945,-15.088862419128418,10.042557716369629,-14.087818145751953,13.630810737609863,-8.86505126953125,9.991181373596191,-19.278934478759766,10.15787410736084,-12.037500381469727,11.022449493408203,-4.981990814208984,10.1065034866333,1774.3883087606227,1022.9242517152453,1683.3378985783252,499.9260242601428,3546.440972222222,1726.3922768437455,0.11533900669642858,0.10268138107657407,0.18556109070777893,0.09118299931287766,0.01374704297631979,0.033300403505563736
ai_ur_019.wav,ai,-149.09048461914062,78.58794403076172,82.6925277709961,74.46942901611328,31.68177604675293,38.73567581176758,4.616583824157715,26.675817489624023,2.3662383556365967,35.08942794799805,-1.7734320163726807,17.937625885009766,10.364990234375,14.365240097045898,-6.63376522064209,16.001914978027344,-12.570894241333008,11.820097923278809,4.043900966644287,10.818048477172852,-9.910161018371582,11.146543502807617,0.0013417715672403574,10.51809024810791,-11.66639518737793,10.909893989562988,2261.1435312850804,1657.7889035162632,1828.039902497437,549.8450355736197,3960.689484126984,2358.520327144248,0.20271809895833334,0.18768082583238366,0.14354927837848663,0.06454025208950043,0.0251508429646492,0.039567600935697556
ai_ur_020.wav,ai,-160.26612854003906,67.47459411621094,69.98957061767578,48.64026641845703,10.17494010925293,34.79032897949219,31.09811019897461,27.11186408996582,-19.419269561767578,21.946857452392578,-10.528497695922852,14.979110717773438,-23.461753845214844,17.43848419189453,-16.90760040283203,11.707046508789062,-18.05252456665039,14.0911283493042,-11.131449699401855,8.637974739074707,-18.52057456970215,8.827391624450684,-9.460713386535645,9.308904647827148,-8.724292755126953,7.752715110778809,1730.102860536224,1108.6097214603433,1704.0699362697596,546.2670002067227,3506.8204365079364,1893.7889066113137,0.12009393601190477,0.11775852901619675,0.19589468836784363,0.08021474629640579,0.012921484187245369,0.02588057704269886
