filename,filepath,label,voice_type,speaker_id,gender,accent,language,duration_sec,sample_rate,augmented,transcript
human_en_001.wav,voice data/human/human_en_001.wav,human,Real Human Recording,Human_en_001,Male,English Native,English,4.0,16000,Ambient Noise Added,Human English speech sample 1
human_en_002.wav,voice data/human/human_en_002.wav,human,Real Human Recording,Human_en_002,Female,English Native,English,4.0,16000,Clean Speech,Human English speech sample 2
human_en_003.wav,voice data/human/human_en_003.wav,human,Real Human Recording,Human_en_003,Male,English Native,English,4.0,16000,Clean Speech,Human English speech sample 3
human_en_004.wav,voice data/human/human_en_004.wav,human,Real Human Recording,Human_en_004,Female,English Native,English,4.0,16000,Clean Speech,Human English speech sample 4
human_en_005.wav,voice data/human/human_en_005.wav,human,Real Human Recording,Human_en_005,Male,English Native,English,4.0,16000,Ambient Noise Added,Human English speech sample 5
human_en_006.wav,voice data/human/human_en_006.wav,human,Real Human Recording,Human_en_006,Female,English Native,English,4.0,16000,Ambient Noise Added,Human English speech sample 6
human_en_007.wav,voice data/human/human_en_007.wav,human,Real Human Recording,Human_en_007,Male,English Native,English,4.0,16000,Clean Speech,Human English speech sample 7
human_en_008.wav,voice data/human/human_en_008.wav,human,Real Human Recording,Human_en_008,Female,English Native,English,4.0,16000,Clean Speech,Human English speech sample 8
human_en_009.wav,voice data/human/human_en_009.wav,human,Real Human Recording,Human_en_009,Male,English Native,English,4.0,16000,Clean Speech,Human English speech sample 9
human_en_010.wav,voice data/human/human_en_010.wav,human,Real Human Recording,Human_en_010,Female,English Native,English,4.0,16000,Ambient Noise Added,Human English speech sample 10
human_en_011.wav,voice data/human/human_en_011.wav,human,Real Human Recording,Human_en_011,Male,English Native,English,4.0,16000,Ambient Noise Added,Human English speech sample 11
human_en_012.wav,voice data/human/human_en_012.wav,human,Real Human Recording,Human_en_012,Female,English Native,English,4.0,16000,Clean Speech,Human English speech sample 12
human_en_013.wav,voice data/human/human_en_013.wav,human,Real Human Recording,Human_en_013,Male,English Native,English,4.0,16000,Clean Speech,Human English speech sample 13
human_en_014.wav,voice data/human/human_en_014.wav,human,Real Human Recording,Human_en_014,Female,English Native,English,4.0,16000,Clean Speech,Human English speech sample 14
human_en_015.wav,voice data/human/human_en_015.wav,human,Real Human Recording,Human_en_015,Male,English Native,English,4.0,16000,Ambient Noise Added,Human English speech sample 15
human_en_016.wav,voice data/human/human_en_016.wav,human,Real Human Recording,Human_en_016,Female,English Native,English,4.0,16000,Ambient Noise Added,Human English speech sample 16
human_en_017.wav,voice data/human/human_en_017.wav,human,Real Human Recording,Human_en_017,Male,English Native,English,4.0,16000,Clean Speech,Human English speech sample 17
human_en_018.wav,voice data/human/human_en_018.wav,human,Real Human Recording,Human_en_018,Female,English Native,English,4.0,16000,Clean Speech,Human English speech sample 18
human_en_019.wav,voice data/human/human_en_019.wav,human,Real Human Recording,Human_en_019,Male,English Native,English,4.0,16000,Clean Speech,Human English speech sample 19
human_en_020.wav,voice data/human/human_en_020.wav,human,Real Human Recording,Human_en_020,Female,English Native,English,4.0,16000,Ambient Noise Added,Human English speech sample 20
human_en_021.wav,voice data/human/human_en_021.wav,human,Real Human Recording,Human_en_021,Male,English Native,English,4.0,16000,Ambient Noise Added,Human English speech sample 21
human_en_022.wav,voice data/human/human_en_022.wav,human,Real Human Recording,Human_en_022,Female,English Native,English,4.0,16000,Clean Speech,Human English speech sample 22
human_en_023.wav,voice data/human/human_en_023.wav,human,Real Human Recording,Human_en_023,Male,English Native,English,4.0,16000,Clean Speech,Human English speech sample 23
human_en_024.wav,voice data/human/human_en_024.wav,human,Real Human Recording,Human_en_024,Female,English Native,English,4.0,16000,Clean Speech,Human English speech sample 24
human_en_025.wav,voice data/human/human_en_025.wav,human,Real Human Recording,Human_en_025,Male,English Native,English,4.0,16000,Ambient Noise Added,Human English speech sample 25
human_en_026.wav,voice data/human/human_en_026.wav,human,Real Human Recording,Human_en_026,Female,English Native,English,4.0,16000,Ambient Noise Added,Human English speech sample 26
human_en_027.wav,voice data/human/human_en_027.wav,human,Real Human Recording,Human_en_027,Male,English Native,English,4.0,16000,Clean Speech,Human English speech sample 27
human_en_028.wav,voice data/human/human_en_028.wav,human,Real Human Recording,Human_en_028,Female,English Native,English,4.0,16000,Clean Speech,Human English speech sample 28
human_en_029.wav,voice data/human/human_en_029.wav,human,Real Human Recording,Human_en_029,Male,English Native,English,4.0,16000,Clean Speech,Human English speech sample 29
human_en_030.wav,voice data/human/human_en_030.wav,human,Real Human Recording,Human_en_030,Female,English Native,English,4.0,16000,Ambient Noise Added,Human English speech sample 30
human_en_031.wav,voice data/human/human_en_031.wav,human,Real Human Recording,Human_en_031,Male,English Native,English,4.0,16000,Ambient Noise Added,Human English speech sample 31
human_en_032.wav,voice data/human/human_en_032.wav,human,Real Human Recording,Human_en_032,Female,English Native,English,4.0,16000,Clean Speech,Human English speech sample 32
human_en_033.wav,voice data/human/human_en_033.wav,human,Real Human Recording,Human_en_033,Male,English Native,English,4.0,16000,Clean Speech,Human English speech sample 33
human_en_034.wav,voice data/human/human_en_034.wav,human,Real Human Recording,Human_en_034,Female,English Native,English,4.0,16000,Clean Speech,Human English speech sample 34
human_en_035.wav,voice data/human/human_en_035.wav,human,Real Human Recording,Human_en_035,Male,English Native,English,4.0,16000,Ambient Noise Added,Human English speech sample 35
human_en_036.wav,voice data/human/human_en_036.wav,human,Real Human Recording,Human_en_036,Female,English Native,English,4.0,16000,Ambient Noise Added,Human English speech sample 36
human_en_037.wav,voice data/human/human_en_037.wav,human,Real Human Recording,Human_en_037,Male,English Native,English,4.0,16000,Clean Speech,Human English speech sample 37
human_en_038.wav,voice data/human/human_en_038.wav,human,Real Human Recording,Human_en_038,Female,English Native,English,4.0,16000,Clean Speech,Human English speech sample 38
human_en_039.wav,voice data/human/human_en_039.wav,human,Real Human Recording,Human_en_039,Male,English Native,English,4.0,16000,Clean Speech,Human English speech sample 39
human_en_040.wav,voice data/human/human_en_040.wav,human,Real Human Recording,Human_en_040,Female,English Native,English,4.0,16000,Ambient Noise Added,Human English speech sample 40
human_en_041.wav,voice data/human/human_en_041.wav,human,Real Human Recording,Human_en_041,Male,English Native,English,4.0,16000,Ambient Noise Added,Human English speech sample 41
human_en_042.wav,voice data/human/human_en_042.wav,human,Real Human Recording,Human_en_042,Female,English Native,English,4.0,16000,Clean Speech,Human English speech sample 42
human_en_043.wav,voice data/human/human_en_043.wav,human,Real Human Recording,Human_en_043,Male,English Native,English,4.0,16000,Clean Speech,Human English speech sample 43
human_en_044.wav,voice data/human/human_en_044.wav,human,Real Human Recording,Human_en_044,Female,English Native,English,4.0,16000,Clean Speech,Human English speech sample 44
human_en_045.wav,voice data/human/human_en_045.wav,human,Real Human Recording,Human_en_045,Male,English Native,English,4.0,16000,Ambient Noise Added,Human English speech sample 45
human_en_046.wav,voice data/human/human_en_046.wav,human,Real Human Recording,Human_en_046,Female,English Native,English,4.0,16000,Ambient Noise Added,Human English speech sample 46
human_en_047.wav,voice data/human/human_en_047.wav,human,Real Human Recording,Human_en_047,Male,English Native,English,4.0,16000,Clean Speech,Human English speech sample 47
human_en_048.wav,voice data/human/human_en_048.wav,human,Real Human Recording,Human_en_048,Female,English Native,English,4.0,16000,Clean Speech,Human English speech sample 48
human_en_049.wav,voice data/human/human_en_049.wav,human,Real Human Recording,Human_en_049,Male,English Native,English,4.0,16000,Clean Speech,Human English speech sample 49
human_en_050.wav,voice data/human/human_en_050.wav,human,Real Human Recording,Human_en_050,Female,English Native,English,4.0,16000,Ambient Noise Added,Human English speech sample 50
human_en_051.wav,voice data/human/human_en_051.wav,human,Real Human Recording,Human_en_051,Male,English Native,English,4.0,16000,Ambient Noise Added,Human English speech sample 51
human_en_052.wav,voice data/human/human_en_052.wav,human,Real Human Recording,Human_en_052,Female,English Native,English,4.0,16000,Clean Speech,Human English speech sample 52
human_en_053.wav,voice data/human/human_en_053.wav,human,Real Human Recording,Human_en_053,Male,English Native,English,4.0,16000,Clean Speech,Human English speech sample 53
human_en_054.wav,voice data/human/human_en_054.wav,human,Real Human Recording,Human_en_054,Female,English Native,English,4.0,16000,Clean Speech,Human English speech sample 54
human_en_055.wav,voice data/human/human_en_055.wav,human,Real Human Recording,Human_en_055,Male,English Native,English,4.0,16000,Ambient Noise Added,Human English speech sample 55
human_en_056.wav,voice data/human/human_en_056.wav,human,Real Human Recording,Human_en_056,Female,English Native,English,4.0,16000,Ambient Noise Added,Human English speech sample 56
human_en_057.wav,voice data/human/human_en_057.wav,human,Real Human Recording,Human_en_057,Male,English Native,English,4.0,16000,Clean Speech,Human English speech sample 57
human_en_058.wav,voice data/human/human_en_058.wav,human,Real Human Recording,Human_en_058,Female,English Native,English,4.0,16000,Clean Speech,Human English speech sample 58
human_en_059.wav,voice data/human/human_en_059.wav,human,Real Human Recording,Human_en_059,Male,English Native,English,4.0,16000,Clean Speech,Human English speech sample 59
human_en_060.wav,voice data/human/human_en_060.wav,human,Real Human Recording,Human_en_060,Female,English Native,English,4.0,16000,Ambient Noise Added,Human English speech sample 60
human_en_061.wav,voice data/human/human_en_061.wav,human,Real Human Recording,Human_en_061,Male,English Native,English,4.0,16000,Ambient Noise Added,Human English speech sample 61
human_en_062.wav,voice data/human/human_en_062.wav,human,Real Human Recording,Human_en_062,Female,English Native,English,4.0,16000,Clean Speech,Human English speech sample 62
human_en_063.wav,voice data/human/human_en_063.wav,human,Real Human Recording,Human_en_063,Male,English Native,English,4.0,16000,Clean Speech,Human English speech sample 63
human_en_064.wav,voice data/human/human_en_064.wav,human,Real Human Recording,Human_en_064,Female,English Native,English,4.0,16000,Clean Speech,Human English speech sample 64
human_en_065.wav,voice data/human/human_en_065.wav,human,Real Human Recording,Human_en_065,Male,English Native,English,4.0,16000,Ambient Noise Added,Human English speech sample 65
human_en_066.wav,voice data/human/human_en_066.wav,human,Real Human Recording,Human_en_066,Female,English Native,English,4.0,16000,Ambient Noise Added,Human English speech sample 66
human_en_067.wav,voice data/human/human_en_067.wav,human,Real Human Recording,Human_en_067,Male,English Native,English,4.0,16000,Clean Speech,Human English speech sample 67
human_en_068.wav,voice data/human/human_en_068.wav,human,Real Human Recording,Human_en_068,Female,English Native,English,4.0,16000,Clean Speech,Human English speech sample 68
human_en_069.wav,voice data/human/human_en_069.wav,human,Real Human Recording,Human_en_069,Male,English Native,English,4.0,16000,Clean Speech,Human English speech sample 69
human_en_070.wav,voice data/human/human_en_070.wav,human,Real Human Recording,Human_en_070,Female,English Native,English,4.0,16000,Ambient Noise Added,Human English speech sample 70
human_en_071.wav,voice data/human/human_en_071.wav,human,Real Human Recording,Human_en_071,Male,English Native,English,4.0,16000,Ambient Noise Added,Human English speech sample 71
human_en_072.wav,voice data/human/human_en_072.wav,human,Real Human Recording,Human_en_072,Female,English Native,English,4.0,16000,Clean Speech,Human English speech sample 72
human_en_073.wav,voice data/human/human_en_073.wav,human,Real Human Recording,Human_en_073,Male,English Native,English,4.0,16000,Clean Speech,Human English speech sample 73
human_en_074.wav,voice data/human/human_en_074.wav,human,Real Human Recording,Human_en_074,Female,English Native,English,4.0,16000,Clean Speech,Human English speech sample 74
human_en_075.wav,voice data/human/human_en_075.wav,human,Real Human Recording,Human_en_075,Male,English Native,English,4.0,16000,Ambient Noise Added,Human English speech sample 75
human_en_076.wav,voice data/human/human_en_076.wav,human,Real Human Recording,Human_en_076,Female,English Native,English,4.0,16000,Ambient Noise Added,Human English speech sample 76
human_en_077.wav,voice data/human/human_en_077.wav,human,Real Human Recording,Human_en_077,Male,English Native,English,4.0,16000,Clean Speech,Human English speech sample 77
human_en_078.wav,voice data/human/human_en_078.wav,human,Real Human Recording,Human_en_078,Female,English Native,English,4.0,16000,Clean Speech,Human English speech sample 78
human_en_079.wav,voice data/human/human_en_079.wav,human,Real Human Recording,Human_en_079,Male,English Native,English,4.0,16000,Clean Speech,Human English speech sample 79
human_en_080.wav,voice data/human/human_en_080.wav,human,Real Human Recording,Human_en_080,Female,English Native,English,4.0,16000,Ambient Noise Added,Human English speech sample 80
human_en_081.wav,voice data/human/human_en_081.wav,human,Real Human Recording,Human_en_081,Male,English Native,English,4.0,16000,Ambient Noise Added,Human English speech sample 81
human_en_082.wav,voice data/human/human_en_082.wav,human,Real Human Recording,Human_en_082,Female,English Native,English,4.0,16000,Clean Speech,Human English speech sample 82
human_en_083.wav,voice data/human/human_en_083.wav,human,Real Human Recording,Human_en_083,Male,English Native,English,4.0,16000,Clean Speech,Human English speech sample 83
human_en_084.wav,voice data/human/human_en_084.wav,human,Real Human Recording,Human_en_084,Female,English Native,English,4.0,16000,Clean Speech,Human English speech sample 84
human_en_085.wav,voice data/human/human_en_085.wav,human,Real Human Recording,Human_en_085,Male,English Native,English,4.0,16000,Ambient Noise Added,Human English speech sample 85
human_en_086.wav,voice data/human/human_en_086.wav,human,Real Human Recording,Human_en_086,Female,English Native,English,4.0,16000,Ambient Noise Added,Human English speech sample 86
human_en_087.wav,voice data/human/human_en_087.wav,human,Real Human Recording,Human_en_087,Male,English Native,English,4.0,16000,Clean Speech,Human English speech sample 87
human_en_088.wav,voice data/human/human_en_088.wav,human,Real Human Recording,Human_en_088,Female,English Native,English,4.0,16000,Clean Speech,Human English speech sample 88
human_en_089.wav,voice data/human/human_en_089.wav,human,Real Human Recording,Human_en_089,Male,English Native,English,4.0,16000,Clean Speech,Human English speech sample 89
human_en_090.wav,voice data/human/human_en_090.wav,human,Real Human Recording,Human_en_090,Female,English Native,English,4.0,16000,Ambient Noise Added,Human English speech sample 90
human_en_091.wav,voice data/human/human_en_091.wav,human,Real Human Recording,Human_en_091,Male,English Native,English,4.0,16000,Ambient Noise Added,Human English speech sample 91
human_en_092.wav,voice data/human/human_en_092.wav,human,Real Human Recording,Human_en_092,Female,English Native,English,4.0,16000,Clean Speech,Human English speech sample 92
human_en_093.wav,voice data/human/human_en_093.wav,human,Real Human Recording,Human_en_093,Male,English Native,English,4.0,16000,Clean Speech,Human English speech sample 93
human_en_094.wav,voice data/human/human_en_094.wav,human,Real Human Recording,Human_en_094,Female,English Native,English,4.0,16000,Clean Speech,Human English speech sample 94
human_en_095.wav,voice data/human/human_en_095.wav,human,Real Human Recording,Human_en_095,Male,English Native,English,4.0,16000,Ambient Noise Added,Human English speech sample 95
human_en_096.wav,voice data/human/human_en_096.wav,human,Real Human Recording,Human_en_096,Female,English Native,English,4.0,16000,Ambient Noise Added,Human English speech sample 96
human_en_097.wav,voice data/human/human_en_097.wav,human,Real Human Recording,Human_en_097,Male,English Native,English,4.0,16000,Clean Speech,Human English speech sample 97
human_en_098.wav,voice data/human/human_en_098.wav,human,Real Human Recording,Human_en_098,Female,English Native,English,4.0,16000,Clean Speech,Human English speech sample 98
human_en_099.wav,voice data/human/human_en_099.wav,human,Real Human Recording,Human_en_099,Male,English Native,English,4.0,16000,Clean Speech,Human English speech sample 99
human_en_100.wav,voice data/human/human_en_100.wav,human,Real Human Recording,Human_en_100,Female,English Native,English,4.0,16000,Ambient Noise Added,Human English speech sample 100
human_en_101.wav,voice data/human/human_en_101.wav,human,Real Human Recording,Human_en_101,Male,English Native,English,4.0,16000,Ambient Noise Added,Human English speech sample 101
human_en_102.wav,voice data/human/human_en_102.wav,human,Real Human Recording,Human_en_102,Female,English Native,English,4.0,16000,Clean Speech,Human English speech sample 102
human_en_103.wav,voice data/human/human_en_103.wav,human,Real Human Recording,Human_en_103,Male,English Native,English,4.0,16000,Clean Speech,Human English speech sample 103
human_en_104.wav,voice data/human/human_en_104.wav,human,Real Human Recording,Human_en_104,Female,English Native,English,4.0,16000,Clean Speech,Human English speech sample 104
human_en_105.wav,voice data/human/human_en_105.wav,human,Real Human Recording,Human_en_105,Male,English Native,English,4.0,16000,Ambient Noise Added,Human English speech sample 105
human_en_106.wav,voice data/human/human_en_106.wav,human,Real Human Recording,Human_en_106,Female,English Native,English,4.0,16000,Ambient Noise Added,Human English speech sample 106
human_en_107.wav,voice data/human/human_en_107.wav,human,Real Human Recording,Human_en_107,Male,English Native,English,4.0,16000,Clean Speech,Human English speech sample 107
human_en_108.wav,voice data/human/human_en_108.wav,human,Real Human Recording,Human_en_108,Female,English Native,English,4.0,16000,Clean Speech,Human English speech sample 108
human_en_109.wav,voice data/human/human_en_109.wav,human,Real Human Recording,Human_en_109,Male,English Native,English,4.0,16000,Clean Speech,Human English speech sample 109
human_en_110.wav,voice data/human/human_en_110.wav,human,Real Human Recording,Human_en_110,Female,English Native,English,4.0,16000,Ambient Noise Added,Human English speech sample 110
human_en_111.wav,voice data/human/human_en_111.wav,human,Real Human Recording,Human_en_111,Male,English Native,English,4.0,16000,Ambient Noise Added,Human English speech sample 111
human_en_112.wav,voice data/human/human_en_112.wav,human,Real Human Recording,Human_en_112,Female,English Native,English,4.0,16000,Clean Speech,Human English speech sample 112
human_en_113.wav,voice data/human/human_en_113.wav,human,Real Human Recording,Human_en_113,Male,English Native,English,4.0,16000,Clean Speech,Human English speech sample 113
human_en_114.wav,voice data/human/human_en_114.wav,human,Real Human Recording,Human_en_114,Female,English Native,English,4.0,16000,Clean Speech,Human English speech sample 114
human_en_115.wav,voice data/human/human_en_115.wav,human,Real Human Recording,Human_en_115,Male,English Native,English,4.0,16000,Ambient Noise Added,Human English speech sample 115
human_en_116.wav,voice data/human/human_en_116.wav,human,Real Human Recording,Human_en_116,Female,English Native,English,4.0,16000,Ambient Noise Added,Human English speech sample 116
human_en_117.wav,voice data/human/human_en_117.wav,human,Real Human Recording,Human_en_117,Male,English Native,English,4.0,16000,Clean Speech,Human English speech sample 117
human_en_118.wav,voice data/human/human_en_118.wav,human,Real Human Recording,Human_en_118,Female,English Native,English,4.0,16000,Clean Speech,Human English speech sample 118
human_en_119.wav,voice data/human/human_en_119.wav,human,Real Human Recording,Human_en_119,Male,English Native,English,4.0,16000,Clean Speech,Human English speech sample 119
human_en_120.wav,voice data/human/human_en_120.wav,human,Real Human Recording,Human_en_120,Female,English Native,English,4.0,16000,Ambient Noise Added,Human English speech sample 120
human_en_121.wav,voice data/human/human_en_121.wav,human,Real Human Recording,Human_en_121,Male,English Native,English,4.0,16000,Ambient Noise Added,Human English speech sample 121
human_en_122.wav,voice data/human/human_en_122.wav,human,Real Human Recording,Human_en_122,Female,English Native,English,4.0,16000,Clean Speech,Human English speech sample 122
human_en_123.wav,voice data/human/human_en_123.wav,human,Real Human Recording,Human_en_123,Male,English Native,English,4.0,16000,Clean Speech,Human English speech sample 123
human_en_124.wav,voice data/human/human_en_124.wav,human,Real Human Recording,Human_en_124,Female,English Native,English,4.0,16000,Clean Speech,Human English speech sample 124
human_en_125.wav,voice data/human/human_en_125.wav,human,Real Human Recording,Human_en_125,Male,English Native,English,4.0,16000,Ambient Noise Added,Human English speech sample 125
human_en_126.wav,voice data/human/human_en_126.wav,human,Real Human Recording,Human_en_126,Female,English Native,English,4.0,16000,Ambient Noise Added,Human English speech sample 126
human_en_127.wav,voice data/human/human_en_127.wav,human,Real Human Recording,Human_en_127,Male,English Native,English,4.0,16000,Clean Speech,Human English speech sample 127
human_en_128.wav,voice data/human/human_en_128.wav,human,Real Human Recording,Human_en_128,Female,English Native,English,4.0,16000,Clean Speech,Human English speech sample 128
human_en_129.wav,voice data/human/human_en_129.wav,human,Real Human Recording,Human_en_129,Male,English Native,English,4.0,16000,Clean Speech,Human English speech sample 129
human_en_130.wav,voice data/human/human_en_130.wav,human,Real Human Recording,Human_en_130,Female,English Native,English,4.0,16000,Ambient Noise Added,Human English speech sample 130
human_en_131.wav,voice data/human/human_en_131.wav,human,Real Human Recording,Human_en_131,Male,English Native,English,4.0,16000,Ambient Noise Added,Human English speech sample 131
human_en_132.wav,voice data/human/human_en_132.wav,human,Real Human Recording,Human_en_132,Female,English Native,English,4.0,16000,Clean Speech,Human English speech sample 132
human_en_133.wav,voice data/human/human_en_133.wav,human,Real Human Recording,Human_en_133,Male,English Native,English,4.0,16000,Clean Speech,Human English speech sample 133
human_en_134.wav,voice data/human/human_en_134.wav,human,Real Human Recording,Human_en_134,Female,English Native,English,4.0,16000,Clean Speech,Human English speech sample 134
human_en_135.wav,voice data/human/human_en_135.wav,human,Real Human Recording,Human_en_135,Male,English Native,English,4.0,16000,Ambient Noise Added,Human English speech sample 135
human_en_136.wav,voice data/human/human_en_136.wav,human,Real Human Recording,Human_en_136,Female,English Native,English,4.0,16000,Ambient Noise Added,Human English speech sample 136
human_en_137.wav,voice data/human/human_en_137.wav,human,Real Human Recording,Human_en_137,Male,English Native,English,4.0,16000,Clean Speech,Human English speech sample 137
human_en_138.wav,voice data/human/human_en_138.wav,human,Real Human Recording,Human_en_138,Female,English Native,English,4.0,16000,Clean Speech,Human English speech sample 138
human_en_139.wav,voice data/human/human_en_139.wav,human,Real Human Recording,Human_en_139,Male,English Native,English,4.0,16000,Clean Speech,Human English speech sample 139
human_en_140.wav,voice data/human/human_en_140.wav,human,Real Human Recording,Human_en_140,Female,English Native,English,4.0,16000,Ambient Noise Added,Human English speech sample 140
human_en_141.wav,voice data/human/human_en_141.wav,human,Real Human Recording,Human_en_141,Male,English Native,English,4.0,16000,Ambient Noise Added,Human English speech sample 141
human_en_142.wav,voice data/human/human_en_142.wav,human,Real Human Recording,Human_en_142,Female,English Native,English,4.0,16000,Clean Speech,Human English speech sample 142
human_en_143.wav,voice data/human/human_en_143.wav,human,Real Human Recording,Human_en_143,Male,English Native,English,4.0,16000,Clean Speech,Human English speech sample 143
human_en_144.wav,voice data/human/human_en_144.wav,human,Real Human Recording,Human_en_144,Female,English Native,English,4.0,16000,Clean Speech,Human English speech sample 144
human_en_145.wav,voice data/human/human_en_145.wav,human,Real Human Recording,Human_en_145,Male,English Native,English,4.0,16000,Ambient Noise Added,Human English speech sample 145
human_en_146.wav,voice data/human/human_en_146.wav,human,Real Human Recording,Human_en_146,Female,English Native,English,4.0,16000,Ambient Noise Added,Human English speech sample 146
human_en_147.wav,voice data/human/human_en_147.wav,human,Real Human Recording,Human_en_147,Male,English Native,English,4.0,16000,Clean Speech,Human English speech sample 147
human_en_148.wav,voice data/human/human_en_148.wav,human,Real Human Recording,Human_en_148,Female,English Native,English,4.0,16000,Clean Speech,Human English speech sample 148
human_en_149.wav,voice data/human/human_en_149.wav,human,Real Human Recording,Human_en_149,Male,English Native,English,4.0,16000,Clean Speech,Human English speech sample 149
human_en_150.wav,voice data/human/human_en_150.wav,human,Real Human Recording,Human_en_150,Female,English Native,English,4.0,16000,Ambient Noise Added,Human English speech sample 150
human_en_151.wav,voice data/human/human_en_151.wav,human,Real Human Recording,Human_en_151,Male,English Native,English,4.0,16000,Ambient Noise Added,Human English speech sample 151
human_en_152.wav,voice data/human/human_en_152.wav,human,Real Human Recording,Human_en_152,Female,English Native,English,4.0,16000,Clean Speech,Human English speech sample 152
human_en_153.wav,voice data/human/human_en_153.wav,human,Real Human Recording,Human_en_153,Male,English Native,English,4.0,16000,Clean Speech,Human English speech sample 153
human_en_154.wav,voice data/human/human_en_154.wav,human,Real Human Recording,Human_en_154,Female,English Native,English,4.0,16000,Clean Speech,Human English speech sample 154
human_en_155.wav,voice data/human/human_en_155.wav,human,Real Human Recording,Human_en_155,Male,English Native,English,4.0,16000,Ambient Noise Added,Human English speech sample 155
human_en_156.wav,voice data/human/human_en_156.wav,human,Real Human Recording,Human_en_156,Female,English Native,English,4.0,16000,Ambient Noise Added,Human English speech sample 156
human_en_157.wav,voice data/human/human_en_157.wav,human,Real Human Recording,Human_en_157,Male,English Native,English,4.0,16000,Clean Speech,Human English speech sample 157
human_en_158.wav,voice data/human/human_en_158.wav,human,Real Human Recording,Human_en_158,Female,English Native,English,4.0,16000,Clean Speech,Human English speech sample 158
human_en_159.wav,voice data/human/human_en_159.wav,human,Real Human Recording,Human_en_159,Male,English Native,English,4.0,16000,Clean Speech,Human English speech sample 159
human_en_160.wav,voice data/human/human_en_160.wav,human,Real Human Recording,Human_en_160,Female,English Native,English,4.0,16000,Ambient Noise Added,Human English speech sample 160
human_en_161.wav,voice data/human/human_en_161.wav,human,Real Human Recording,Human_en_161,Male,English Native,English,4.0,16000,Ambient Noise Added,Human English speech sample 161
human_en_162.wav,voice data/human/human_en_162.wav,human,Real Human Recording,Human_en_162,Female,English Native,English,4.0,16000,Clean Speech,Human English speech sample 162
human_en_163.wav,voice data/human/human_en_163.wav,human,Real Human Recording,Human_en_163,Male,English Native,English,4.0,16000,Clean Speech,Human English speech sample 163
human_en_164.wav,voice data/human/human_en_164.wav,human,Real Human Recording,Human_en_164,Female,English Native,English,4.0,16000,Clean Speech,Human English speech sample 164
human_en_165.wav,voice data/human/human_en_165.wav,human,Real Human Recording,Human_en_165,Male,English Native,English,4.0,16000,Ambient Noise Added,Human English speech sample 165
human_en_166.wav,voice data/human/human_en_166.wav,human,Real Human Recording,Human_en_166,Female,English Native,English,4.0,16000,Ambient Noise Added,Human English speech sample 166
human_en_167.wav,voice data/human/human_en_167.wav,human,Real Human Recording,Human_en_167,Male,English Native,English,4.0,16000,Clean Speech,Human English speech sample 167
human_en_168.wav,voice data/human/human_en_168.wav,human,Real Human Recording,Human_en_168,Female,English Native,English,4.0,16000,Clean Speech,Human English speech sample 168
human_en_169.wav,voice data/human/human_en_169.wav,human,Real Human Recording,Human_en_169,Male,English Native,English,4.0,16000,Clean Speech,Human English speech sample 169
human_en_170.wav,voice data/human/human_en_170.wav,human,Real Human Recording,Human_en_170,Female,English Native,English,4.0,16000,Ambient Noise Added,Human English speech sample 170
human_en_171.wav,voice data/human/human_en_171.wav,human,Real Human Recording,Human_en_171,Male,English Native,English,4.0,16000,Ambient Noise Added,Human English speech sample 171
human_en_172.wav,voice data/human/human_en_172.wav,human,Real Human Recording,Human_en_172,Female,English Native,English,4.0,16000,Clean Speech,Human English speech sample 172
human_en_173.wav,voice data/human/human_en_173.wav,human,Real Human Recording,Human_en_173,Male,English Native,English,4.0,16000,Clean Speech,Human English speech sample 173
human_en_174.wav,voice data/human/human_en_174.wav,human,Real Human Recording,Human_en_174,Female,English Native,English,4.0,16000,Clean Speech,Human English speech sample 174
human_en_175.wav,voice data/human/human_en_175.wav,human,Real Human Recording,Human_en_175,Male,English Native,English,4.0,16000,Ambient Noise Added,Human English speech sample 175
human_en_176.wav,voice data/human/human_en_176.wav,human,Real Human Recording,Human_en_176,Female,English Native,English,4.0,16000,Ambient Noise Added,Human English speech sample 176
human_en_177.wav,voice data/human/human_en_177.wav,human,Real Human Recording,Human_en_177,Male,English Native,English,4.0,16000,Clean Speech,Human English speech sample 177
human_en_178.wav,voice data/human/human_en_178.wav,human,Real Human Recording,Human_en_178,Female,English Native,English,4.0,16000,Clean Speech,Human English speech sample 178
human_en_179.wav,voice data/human/human_en_179.wav,human,Real Human Recording,Human_en_179,Male,English Native,English,4.0,16000,Clean Speech,Human English speech sample 179
human_en_180.wav,voice data/human/human_en_180.wav,human,Real Human Recording,Human_en_180,Female,English Native,English,4.0,16000,Ambient Noise Added,Human English speech sample 180
human_en_181.wav,voice data/human/human_en_181.wav,human,Real Human Recording,Human_en_181,Male,English Native,English,4.0,16000,Ambient Noise Added,Human English speech sample 181
human_en_182.wav,voice data/human/human_en_182.wav,human,Real Human Recording,Human_en_182,Female,English Native,English,4.0,16000,Clean Speech,Human English speech sample 182
human_en_183.wav,voice data/human/human_en_183.wav,human,Real Human Recording,Human_en_183,Male,English Native,English,4.0,16000,Clean Speech,Human English speech sample 183
human_en_184.wav,voice data/human/human_en_184.wav,human,Real Human Recording,Human_en_184,Female,English Native,English,4.0,16000,Clean Speech,Human English speech sample 184
human_en_185.wav,voice data/human/human_en_185.wav,human,Real Human Recording,Human_en_185,Male,English Native,English,4.0,16000,Ambient Noise Added,Human English speech sample 185
human_en_186.wav,voice data/human/human_en_186.wav,human,Real Human Recording,Human_en_186,Female,English Native,English,4.0,16000,Ambient Noise Added,Human English speech sample 186
human_en_187.wav,voice data/human/human_en_187.wav,human,Real Human Recording,Human_en_187,Male,English Native,English,4.0,16000,Clean Speech,Human English speech sample 187
human_en_188.wav,voice data/human/human_en_188.wav,human,Real Human Recording,Human_en_188,Female,English Native,English,4.0,16000,Clean Speech,Human English speech sample 188
human_en_189.wav,voice data/human/human_en_189.wav,human,Real Human Recording,Human_en_189,Male,English Native,English,4.0,16000,Clean Speech,Human English speech sample 189
human_en_190.wav,voice data/human/human_en_190.wav,human,Real Human Recording,Human_en_190,Female,English Native,English,4.0,16000,Ambient Noise Added,Human English speech sample 190
human_en_191.wav,voice data/human/human_en_191.wav,human,Real Human Recording,Human_en_191,Male,English Native,English,4.0,16000,Ambient Noise Added,Human English speech sample 191
human_en_192.wav,voice data/human/human_en_192.wav,human,Real Human Recording,Human_en_192,Female,English Native,English,4.0,16000,Clean Speech,Human English speech sample 192
human_en_193.wav,voice data/human/human_en_193.wav,human,Real Human Recording,Human_en_193,Male,English Native,English,4.0,16000,Clean Speech,Human English speech sample 193
human_en_194.wav,voice data/human/human_en_194.wav,human,Real Human Recording,Human_en_194,Female,English Native,English,4.0,16000,Clean Speech,Human English speech sample 194
human_en_195.wav,voice data/human/human_en_195.wav,human,Real Human Recording,Human_en_195,Male,English Native,English,4.0,16000,Ambient Noise Added,Human English speech sample 195
human_en_196.wav,voice data/human/human_en_196.wav,human,Real Human Recording,Human_en_196,Female,English Native,English,4.0,16000,Ambient Noise Added,Human English speech sample 196
human_en_197.wav,voice data/human/human_en_197.wav,human,Real Human Recording,Human_en_197,Male,English Native,English,4.0,16000,Clean Speech,Human English speech sample 197
human_en_198.wav,voice data/human/human_en_198.wav,human,Real Human Recording,Human_en_198,Female,English Native,English,4.0,16000,Clean Speech,Human English speech sample 198
human_en_199.wav,voice data/human/human_en_199.wav,human,Real Human Recording,Human_en_199,Male,English Native,English,4.0,16000,Clean Speech,Human English speech sample 199
human_en_200.wav,voice data/human/human_en_200.wav,human,Real Human Recording,Human_en_200,Female,English Native,English,4.0,16000,Ambient Noise Added,Human English speech sample 200
human_en_201.wav,voice data/human/human_en_201.wav,human,Real Human Recording,Human_en_201,Male,English Native,English,4.0,16000,Ambient Noise Added,Human English speech sample 201
human_en_202.wav,voice data/human/human_en_202.wav,human,Real Human Recording,Human_en_202,Female,English Native,English,4.0,16000,Clean Speech,Human English speech sample 202
human_en_203.wav,voice data/human/human_en_203.wav,human,Real Human Recording,Human_en_203,Male,English Native,English,4.0,16000,Clean Speech,Human English speech sample 203
human_en_204.wav,voice data/human/human_en_204.wav,human,Real Human Recording,Human_en_204,Female,English Native,English,4.0,16000,Clean Speech,Human English speech sample 204
human_en_205.wav,voice data/human/human_en_205.wav,human,Real Human Recording,Human_en_205,Male,English Native,English,4.0,16000,Ambient Noise Added,Human English speech sample 205
human_en_206.wav,voice data/human/human_en_206.wav,human,Real Human Recording,Human_en_206,Female,English Native,English,4.0,16000,Ambient Noise Added,Human English speech sample 206
human_en_207.wav,voice data/human/human_en_207.wav,human,Real Human Recording,Human_en_207,Male,English Native,English,4.0,16000,Clean Speech,Human English speech sample 207
human_en_208.wav,voice data/human/human_en_208.wav,human,Real Human Recording,Human_en_208,Female,English Native,English,4.0,16000,Clean Speech,Human English speech sample 208
human_en_209.wav,voice data/human/human_en_209.wav,human,Real Human Recording,Human_en_209,Male,English Native,English,4.0,16000,Clean Speech,Human English speech sample 209
human_en_210.wav,voice data/human/human_en_210.wav,human,Real Human Recording,Human_en_210,Female,English Native,English,4.0,16000,Ambient Noise Added,Human English speech sample 210
human_en_211.wav,voice data/human/human_en_211.wav,human,Real Human Recording,Human_en_211,Male,English Native,English,4.0,16000,Ambient Noise Added,Human English speech sample 211
human_en_212.wav,voice data/human/human_en_212.wav,human,Real Human Recording,Human_en_212,Female,English Native,English,4.0,16000,Clean Speech,Human English speech sample 212
human_en_213.wav,voice data/human/human_en_213.wav,human,Real Human Recording,Human_en_213,Male,English Native,English,4.0,16000,Clean Speech,Human English speech sample 213
human_en_214.wav,voice data/human/human_en_214.wav,human,Real Human Recording,Human_en_214,Female,English Native,English,4.0,16000,Clean Speech,Human English speech sample 214
human_en_215.wav,voice data/human/human_en_215.wav,human,Real Human Recording,Human_en_215,Male,English Native,English,4.0,16000,Ambient Noise Added,Human English speech sample 215
human_en_216.wav,voice data/human/human_en_216.wav,human,Real Human Recording,Human_en_216,Female,English Native,English,4.0,16000,Ambient Noise Added,Human English speech sample 216
human_en_217.wav,voice data/human/human_en_217.wav,human,Real Human Recording,Human_en_217,Male,English Native,English,4.0,16000,Clean Speech,Human English speech sample 217
human_en_218.wav,voice data/human/human_en_218.wav,human,Real Human Recording,Human_en_218,Female,English Native,English,4.0,16000,Clean Speech,Human English speech sample 218
human_en_219.wav,voice data/human/human_en_219.wav,human,Real Human Recording,Human_en_219,Male,English Native,English,4.0,16000,Clean Speech,Human English speech sample 219
human_en_220.wav,voice data/human/human_en_220.wav,human,Real Human Recording,Human_en_220,Female,English Native,English,4.0,16000,Ambient Noise Added,Human English speech sample 220
human_en_221.wav,voice data/human/human_en_221.wav,human,Real Human Recording,Human_en_221,Male,English Native,English,4.0,16000,Ambient Noise Added,Human English speech sample 221
human_en_222.wav,voice data/human/human_en_222.wav,human,Real Human Recording,Human_en_222,Female,English Native,English,4.0,16000,Clean Speech,Human English speech sample 222
human_en_223.wav,voice data/human/human_en_223.wav,human,Real Human Recording,Human_en_223,Male,English Native,English,4.0,16000,Clean Speech,Human English speech sample 223
human_en_224.wav,voice data/human/human_en_224.wav,human,Real Human Recording,Human_en_224,Female,English Native,English,4.0,16000,Clean Speech,Human English speech sample 224
human_en_225.wav,voice data/human/human_en_225.wav,human,Real Human Recording,Human_en_225,Male,English Native,English,4.0,16000,Ambient Noise Added,Human English speech sample 225
human_en_226.wav,voice data/human/human_en_226.wav,human,Real Human Recording,Human_en_226,Female,English Native,English,4.0,16000,Ambient Noise Added,Human English speech sample 226
human_en_227.wav,voice data/human/human_en_227.wav,human,Real Human Recording,Human_en_227,Male,English Native,English,4.0,16000,Clean Speech,Human English speech sample 227
human_en_228.wav,voice data/human/human_en_228.wav,human,Real Human Recording,Human_en_228,Female,English Native,English,4.0,16000,Clean Speech,Human English speech sample 228
human_en_229.wav,voice data/human/human_en_229.wav,human,Real Human Recording,Human_en_229,Male,English Native,English,4.0,16000,Clean Speech,Human English speech sample 229
human_en_230.wav,voice data/human/human_en_230.wav,human,Real Human Recording,Human_en_230,Female,English Native,English,4.0,16000,Ambient Noise Added,Human English speech sample 230
human_en_231.wav,voice data/human/human_en_231.wav,human,Real Human Recording,Human_en_231,Male,English Native,English,4.0,16000,Ambient Noise Added,Human English speech sample 231
human_en_232.wav,voice data/human/human_en_232.wav,human,Real Human Recording,Human_en_232,Female,English Native,English,4.0,16000,Clean Speech,Human English speech sample 232
human_en_233.wav,voice data/human/human_en_233.wav,human,Real Human Recording,Human_en_233,Male,English Native,English,4.0,16000,Clean Speech,Human English speech sample 233
human_en_234.wav,voice data/human/human_en_234.wav,human,Real Human Recording,Human_en_234,Female,English Native,English,4.0,16000,Clean Speech,Human English speech sample 234
human_en_235.wav,voice data/human/human_en_235.wav,human,Real Human Recording,Human_en_235,Male,English Native,English,4.0,16000,Ambient Noise Added,Human English speech sample 235
human_en_236.wav,voice data/human/human_en_236.wav,human,Real Human Recording,Human_en_236,Female,English Native,English,4.0,16000,Ambient Noise Added,Human English speech sample 236
human_en_237.wav,voice data/human/human_en_237.wav,human,Real Human Recording,Human_en_237,Male,English Native,English,4.0,16000,Clean Speech,Human English speech sample 237
human_en_238.wav,voice data/human/human_en_238.wav,human,Real Human Recording,Human_en_238,Female,English Native,English,4.0,16000,Clean Speech,Human English speech sample 238
human_en_239.wav,voice data/human/human_en_239.wav,human,Real Human Recording,Human_en_239,Male,English Native,English,4.0,16000,Clean Speech,Human English speech sample 239
human_en_240.wav,voice data/human/human_en_240.wav,human,Real Human Recording,Human_en_240,Female,English Native,English,4.0,16000,Ambient Noise Added,Human English speech sample 240
human_en_241.wav,voice data/human/human_en_241.wav,human,Real Human Recording,Human_en_241,Male,English Native,English,4.0,16000,Ambient Noise Added,Human English speech sample 241
human_en_242.wav,voice data/human/human_en_242.wav,human,Real Human Recording,Human_en_242,Female,English Native,English,4.0,16000,Clean Speech,Human English speech sample 242
human_en_243.wav,voice data/human/human_en_243.wav,human,Real Human Recording,Human_en_243,Male,English Native,English,4.0,16000,Clean Speech,Human English speech sample 243
human_en_244.wav,voice data/human/human_en_244.wav,human,Real Human Recording,Human_en_244,Female,English Native,English,4.0,16000,Clean Speech,Human English speech sample 244
human_en_245.wav,voice data/human/human_en_245.wav,human,Real Human Recording,Human_en_245,Male,English Native,English,4.0,16000,Ambient Noise Added,Human English speech sample 245
human_en_246.wav,voice data/human/human_en_246.wav,human,Real Human Recording,Human_en_246,Female,English Native,English,4.0,16000,Ambient Noise Added,Human English speech sample 246
human_en_247.wav,voice data/human/human_en_247.wav,human,Real Human Recording,Human_en_247,Male,English Native,English,4.0,16000,Clean Speech,Human English speech sample 247
human_en_248.wav,voice data/human/human_en_248.wav,human,Real Human Recording,Human_en_248,Female,English Native,English,4.0,16000,Clean Speech,Human English speech sample 248
human_en_249.wav,voice data/human/human_en_249.wav,human,Real Human Recording,Human_en_249,Male,English Native,English,4.0,16000,Clean Speech,Human English speech sample 249
human_en_250.wav,voice data/human/human_en_250.wav,human,Real Human Recording,Human_en_250,Female,English Native,English,4.0,16000,Ambient Noise Added,Human English speech sample 250
human_en_251.wav,voice data/human/human_en_251.wav,human,Real Human Recording,Human_en_251,Male,English Native,English,4.0,16000,Ambient Noise Added,Human English speech sample 251
human_en_252.wav,voice data/human/human_en_252.wav,human,Real Human Recording,Human_en_252,Female,English Native,English,4.0,16000,Clean Speech,Human English speech sample 252
human_en_253.wav,voice data/human/human_en_253.wav,human,Real Human Recording,Human_en_253,Male,English Native,English,4.0,16000,Clean Speech,Human English speech sample 253
human_en_254.wav,voice data/human/human_en_254.wav,human,Real Human Recording,Human_en_254,Female,English Native,English,4.0,16000,Clean Speech,Human English speech sample 254
human_en_255.wav,voice data/human/human_en_255.wav,human,Real Human Recording,Human_en_255,Male,English Native,English,4.0,16000,Ambient Noise Added,Human English speech sample 255
human_en_256.wav,voice data/human/human_en_256.wav,human,Real Human Recording,Human_en_256,Female,English Native,English,4.0,16000,Ambient Noise Added,Human English speech sample 256
human_en_257.wav,voice data/human/human_en_257.wav,human,Real Human Recording,Human_en_257,Male,English Native,English,4.0,16000,Clean Speech,Human English speech sample 257
human_en_258.wav,voice data/human/human_en_258.wav,human,Real Human Recording,Human_en_258,Female,English Native,English,4.0,16000,Clean Speech,Human English speech sample 258
human_en_259.wav,voice data/human/human_en_259.wav,human,Real Human Recording,Human_en_259,Male,English Native,English,4.0,16000,Clean Speech,Human English speech sample 259
human_en_260.wav,voice data/human/human_en_260.wav,human,Real Human Recording,Human_en_260,Female,English Native,English,4.0,16000,Ambient Noise Added,Human English speech sample 260
human_en_261.wav,voice data/human/human_en_261.wav,human,Real Human Recording,Human_en_261,Male,English Native,English,4.0,16000,Ambient Noise Added,Human English speech sample 261
human_en_262.wav,voice data/human/human_en_262.wav,human,Real Human Recording,Human_en_262,Female,English Native,English,4.0,16000,Clean Speech,Human English speech sample 262
human_en_263.wav,voice data/human/human_en_263.wav,human,Real Human Recording,Human_en_263,Male,English Native,English,4.0,16000,Clean Speech,Human English speech sample 263
human_en_264.wav,voice data/human/human_en_264.wav,human,Real Human Recording,Human_en_264,Female,English Native,English,4.0,16000,Clean Speech,Human English speech sample 264
human_en_265.wav,voice data/human/human_en_265.wav,human,Real Human Recording,Human_en_265,Male,English Native,English,4.0,16000,Ambient Noise Added,Human English speech sample 265
human_en_266.wav,voice data/human/human_en_266.wav,human,Real Human Recording,Human_en_266,Female,English Native,English,4.0,16000,Ambient Noise Added,Human English speech sample 266
human_en_267.wav,voice data/human/human_en_267.wav,human,Real Human Recording,Human_en_267,Male,English Native,English,4.0,16000,Clean Speech,Human English speech sample 267
human_en_268.wav,voice data/human/human_en_268.wav,human,Real Human Recording,Human_en_268,Female,English Native,English,4.0,16000,Clean Speech,Human English speech sample 268
human_en_269.wav,voice data/human/human_en_269.wav,human,Real Human Recording,Human_en_269,Male,English Native,English,4.0,16000,Clean Speech,Human English speech sample 269
human_en_270.wav,voice data/human/human_en_270.wav,human,Real Human Recording,Human_en_270,Female,English Native,English,4.0,16000,Ambient Noise Added,Human English speech sample 270
human_en_271.wav,voice data/human/human_en_271.wav,human,Real Human Recording,Human_en_271,Male,English Native,English,4.0,16000,Ambient Noise Added,Human English speech sample 271
human_en_272.wav,voice data/human/human_en_272.wav,human,Real Human Recording,Human_en_272,Female,English Native,English,4.0,16000,Clean Speech,Human English speech sample 272
human_en_273.wav,voice data/human/human_en_273.wav,human,Real Human Recording,Human_en_273,Male,English Native,English,4.0,16000,Clean Speech,Human English speech sample 273
human_en_274.wav,voice data/human/human_en_274.wav,human,Real Human Recording,Human_en_274,Female,English Native,English,4.0,16000,Clean Speech,Human English speech sample 274
human_en_275.wav,voice data/human/human_en_275.wav,human,Real Human Recording,Human_en_275,Male,English Native,English,4.0,16000,Ambient Noise Added,Human English speech sample 275
human_en_276.wav,voice data/human/human_en_276.wav,human,Real Human Recording,Human_en_276,Female,English Native,English,4.0,16000,Ambient Noise Added,Human English speech sample 276
human_en_277.wav,voice data/human/human_en_277.wav,human,Real Human Recording,Human_en_277,Male,English Native,English,4.0,16000,Clean Speech,Human English speech sample 277
human_en_278.wav,voice data/human/human_en_278.wav,human,Real Human Recording,Human_en_278,Female,English Native,English,4.0,16000,Clean Speech,Human English speech sample 278
human_en_279.wav,voice data/human/human_en_279.wav,human,Real Human Recording,Human_en_279,Male,English Native,English,4.0,16000,Clean Speech,Human English speech sample 279
human_en_280.wav,voice data/human/human_en_280.wav,human,Real Human Recording,Human_en_280,Female,English Native,English,4.0,16000,Ambient Noise Added,Human English speech sample 280
human_en_281.wav,voice data/human/human_en_281.wav,human,Real Human Recording,Human_en_281,Male,English Native,English,4.0,16000,Ambient Noise Added,Human English speech sample 281
human_en_282.wav,voice data/human/human_en_282.wav,human,Real Human Recording,Human_en_282,Female,English Native,English,4.0,16000,Clean Speech,Human English speech sample 282
human_en_283.wav,voice data/human/human_en_283.wav,human,Real Human Recording,Human_en_283,Male,English Native,English,4.0,16000,Clean Speech,Human English speech sample 283
human_en_284.wav,voice data/human/human_en_284.wav,human,Real Human Recording,Human_en_284,Female,English Native,English,4.0,16000,Clean Speech,Human English speech sample 284
human_en_285.wav,voice data/human/human_en_285.wav,human,Real Human Recording,Human_en_285,Male,English Native,English,4.0,16000,Ambient Noise Added,Human English speech sample 285
human_en_286.wav,voice data/human/human_en_286.wav,human,Real Human Recording,Human_en_286,Female,English Native,English,4.0,16000,Ambient Noise Added,Human English speech sample 286
human_en_287.wav,voice data/human/human_en_287.wav,human,Real Human Recording,Human_en_287,Male,English Native,English,4.0,16000,Clean Speech,Human English speech sample 287
human_en_288.wav,voice data/human/human_en_288.wav,human,Real Human Recording,Human_en_288,Female,English Native,English,4.0,16000,Clean Speech,Human English speech sample 288
human_en_289.wav,voice data/human/human_en_289.wav,human,Real Human Recording,Human_en_289,Male,English Native,English,4.0,16000,Clean Speech,Human English speech sample 289
human_en_290.wav,voice data/human/human_en_290.wav,human,Real Human Recording,Human_en_290,Female,English Native,English,4.0,16000,Ambient Noise Added,Human English speech sample 290
human_en_291.wav,voice data/human/human_en_291.wav,human,Real Human Recording,Human_en_291,Male,English Native,English,4.0,16000,Ambient Noise Added,Human English speech sample 291
human_en_292.wav,voice data/human/human_en_292.wav,human,Real Human Recording,Human_en_292,Female,English Native,English,4.0,16000,Clean Speech,Human English speech sample 292
human_en_293.wav,voice data/human/human_en_293.wav,human,Real Human Recording,Human_en_293,Male,English Native,English,4.0,16000,Clean Speech,Human English speech sample 293
human_en_294.wav,voice data/human/human_en_294.wav,human,Real Human Recording,Human_en_294,Female,English Native,English,4.0,16000,Clean Speech,Human English speech sample 294
human_en_295.wav,voice data/human/human_en_295.wav,human,Real Human Recording,Human_en_295,Male,English Native,English,4.0,16000,Ambient Noise Added,Human English speech sample 295
human_en_296.wav,voice data/human/human_en_296.wav,human,Real Human Recording,Human_en_296,Female,English Native,English,4.0,16000,Ambient Noise Added,Human English speech sample 296
human_en_297.wav,voice data/human/human_en_297.wav,human,Real Human Recording,Human_en_297,Male,English Native,English,4.0,16000,Clean Speech,Human English speech sample 297
human_en_298.wav,voice data/human/human_en_298.wav,human,Real Human Recording,Human_en_298,Female,English Native,English,4.0,16000,Clean Speech,Human English speech sample 298
human_en_299.wav,voice data/human/human_en_299.wav,human,Real Human Recording,Human_en_299,Male,English Native,English,4.0,16000,Clean Speech,Human English speech sample 299
human_en_300.wav,voice data/human/human_en_300.wav,human,Real Human Recording,Human_en_300,Female,English Native,English,4.0,16000,Ambient Noise Added,Human English speech sample 300
human_hi_001.wav,voice data/human/human_hi_001.wav,human,Real Human Recording,Human_hi_001,Male,Hindi Native,Hindi,4.0,16000,Ambient Noise Added,Human Hindi speech sample 1
human_hi_002.wav,voice data/human/human_hi_002.wav,human,Real Human Recording,Human_hi_002,Female,Hindi Native,Hindi,4.0,16000,Clean Speech,Human Hindi speech sample 2
human_hi_003.wav,voice data/human/human_hi_003.wav,human,Real Human Recording,Human_hi_003,Male,Hindi Native,Hindi,4.0,16000,Clean Speech,Human Hindi speech sample 3
human_hi_004.wav,voice data/human/human_hi_004.wav,human,Real Human Recording,Human_hi_004,Female,Hindi Native,Hindi,4.0,16000,Clean Speech,Human Hindi speech sample 4
human_hi_005.wav,voice data/human/human_hi_005.wav,human,Real Human Recording,Human_hi_005,Male,Hindi Native,Hindi,4.0,16000,Ambient Noise Added,Human Hindi speech sample 5
human_hi_006.wav,voice data/human/human_hi_006.wav,human,Real Human Recording,Human_hi_006,Female,Hindi Native,Hindi,4.0,16000,Ambient Noise Added,Human Hindi speech sample 6
human_hi_007.wav,voice data/human/human_hi_007.wav,human,Real Human Recording,Human_hi_007,Male,Hindi Native,Hindi,4.0,16000,Clean Speech,Human Hindi speech sample 7
human_hi_008.wav,voice data/human/human_hi_008.wav,human,Real Human Recording,Human_hi_008,Female,Hindi Native,Hindi,4.0,16000,Clean Speech,Human Hindi speech sample 8
human_hi_009.wav,voice data/human/human_hi_009.wav,human,Real Human Recording,Human_hi_009,Male,Hindi Native,Hindi,4.0,16000,Clean Speech,Human Hindi speech sample 9
human_hi_010.wav,voice data/human/human_hi_010.wav,human,Real Human Recording,Human_hi_010,Female,Hindi Native,Hindi,4.0,16000,Ambient Noise Added,Human Hindi speech sample 10
human_hi_011.wav,voice data/human/human_hi_011.wav,human,Real Human Recording,Human_hi_011,Male,Hindi Native,Hindi,4.0,16000,Ambient Noise Added,Human Hindi speech sample 11
human_hi_012.wav,voice data/human/human_hi_012.wav,human,Real Human Recording,Human_hi_012,Female,Hindi Native,Hindi,4.0,16000,Clean Speech,Human Hindi speech sample 12
human_hi_013.wav,voice data/human/human_hi_013.wav,human,Real Human Recording,Human_hi_013,Male,Hindi Native,Hindi,4.0,16000,Clean Speech,Human Hindi speech sample 13
human_hi_014.wav,voice data/human/human_hi_014.wav,human,Real Human Recording,Human_hi_014,Female,Hindi Native,Hindi,4.0,16000,Clean Speech,Human Hindi speech sample 14
human_hi_015.wav,voice data/human/human_hi_015.wav,human,Real Human Recording,Human_hi_015,Male,Hindi Native,Hindi,4.0,16000,Ambient Noise Added,Human Hindi speech sample 15
human_hi_016.wav,voice data/human/human_hi_016.wav,human,Real Human Recording,Human_hi_016,Female,Hindi Native,Hindi,4.0,16000,Ambient Noise Added,Human Hindi speech sample 16
human_hi_017.wav,voice data/human/human_hi_017.wav,human,Real Human Recording,Human_hi_017,Male,Hindi Native,Hindi,4.0,16000,Clean Speech,Human Hindi speech sample 17
human_hi_018.wav,voice data/human/human_hi_018.wav,human,Real Human Recording,Human_hi_018,Female,Hindi Native,Hindi,4.0,16000,Clean Speech,Human Hindi speech sample 18
human_hi_019.wav,voice data/human/human_hi_019.wav,human,Real Human Recording,Human_hi_019,Male,Hindi Native,Hindi,4.0,16000,Clean Speech,Human Hindi speech sample 19
human_hi_020.wav,voice data/human/human_hi_020.wav,human,Real Human Recording,Human_hi_020,Female,Hindi Native,Hindi,4.0,16000,Ambient Noise Added,Human Hindi speech sample 20
human_hi_021.wav,voice data/human/human_hi_021.wav,human,Real Human Recording,Human_hi_021,Male,Hindi Native,Hindi,4.0,16000,Ambient Noise Added,Human Hindi speech sample 21
human_hi_022.wav,voice data/human/human_hi_022.wav,human,Real Human Recording,Human_hi_022,Female,Hindi Native,Hindi,4.0,16000,Clean Speech,Human Hindi speech sample 22
human_hi_023.wav,voice data/human/human_hi_023.wav,human,Real Human Recording,Human_hi_023,Male,Hindi Native,Hindi,4.0,16000,Clean Speech,Human Hindi speech sample 23
human_hi_024.wav,voice data/human/human_hi_024.wav,human,Real Human Recording,Human_hi_024,Female,Hindi Native,Hindi,4.0,16000,Clean Speech,Human Hindi speech sample 24
human_hi_025.wav,voice data/human/human_hi_025.wav,human,Real Human Recording,Human_hi_025,Male,Hindi Native,Hindi,4.0,16000,Ambient Noise Added,Human Hindi speech sample 25
human_hi_026.wav,voice data/human/human_hi_026.wav,human,Real Human Recording,Human_hi_026,Female,Hindi Native,Hindi,4.0,16000,Ambient Noise Added,Human Hindi speech sample 26
human_hi_027.wav,voice data/human/human_hi_027.wav,human,Real Human Recording,Human_hi_027,Male,Hindi Native,Hindi,4.0,16000,Clean Speech,Human Hindi speech sample 27
human_hi_028.wav,voice data/human/human_hi_028.wav,human,Real Human Recording,Human_hi_028,Female,Hindi Native,Hindi,4.0,16000,Clean Speech,Human Hindi speech sample 28
human_hi_029.wav,voice data/human/human_hi_029.wav,human,Real Human Recording,Human_hi_029,Male,Hindi Native,Hindi,4.0,16000,Clean Speech,Human Hindi speech sample 29
human_hi_030.wav,voice data/human/human_hi_030.wav,human,Real Human Recording,Human_hi_030,Female,Hindi Native,Hindi,4.0,16000,Ambient Noise Added,Human Hindi speech sample 30
human_hi_031.wav,voice data/human/human_hi_031.wav,human,Real Human Recording,Human_hi_031,Male,Hindi Native,Hindi,4.0,16000,Ambient Noise Added,Human Hindi speech sample 31
human_hi_032.wav,voice data/human/human_hi_032.wav,human,Real Human Recording,Human_hi_032,Female,Hindi Native,Hindi,4.0,16000,Clean Speech,Human Hindi speech sample 32
human_hi_033.wav,voice data/human/human_hi_033.wav,human,Real Human Recording,Human_hi_033,Male,Hindi Native,Hindi,4.0,16000,Clean Speech,Human Hindi speech sample 33
human_hi_034.wav,voice data/human/human_hi_034.wav,human,Real Human Recording,Human_hi_034,Female,Hindi Native,Hindi,4.0,16000,Clean Speech,Human Hindi speech sample 34
human_hi_035.wav,voice data/human/human_hi_035.wav,human,Real Human Recording,Human_hi_035,Male,Hindi Native,Hindi,4.0,16000,Ambient Noise Added,Human Hindi speech sample 35
human_hi_036.wav,voice data/human/human_hi_036.wav,human,Real Human Recording,Human_hi_036,Female,Hindi Native,Hindi,4.0,16000,Ambient Noise Added,Human Hindi speech sample 36
human_hi_037.wav,voice data/human/human_hi_037.wav,human,Real Human Recording,Human_hi_037,Male,Hindi Native,Hindi,4.0,16000,Clean Speech,Human Hindi speech sample 37
human_hi_038.wav,voice data/human/human_hi_038.wav,human,Real Human Recording,Human_hi_038,Female,Hindi Native,Hindi,4.0,16000,Clean Speech,Human Hindi speech sample 38
human_hi_039.wav,voice data/human/human_hi_039.wav,human,Real Human Recording,Human_hi_039,Male,Hindi Native,Hindi,4.0,16000,Clean Speech,Human Hindi speech sample 39
human_hi_040.wav,voice data/human/human_hi_040.wav,human,Real Human Recording,Human_hi_040,Female,Hindi Native,Hindi,4.0,16000,Ambient Noise Added,Human Hindi speech sample 40
human_hi_041.wav,voice data/human/human_hi_041.wav,human,Real Human Recording,Human_hi_041,Male,Hindi Native,Hindi,4.0,16000,Ambient Noise Added,Human Hindi speech sample 41
human_hi_042.wav,voice data/human/human_hi_042.wav,human,Real Human Recording,Human_hi_042,Female,Hindi Native,Hindi,4.0,16000,Clean Speech,Human Hindi speech sample 42
human_hi_043.wav,voice data/human/human_hi_043.wav,human,Real Human Recording,Human_hi_043,Male,Hindi Native,Hindi,4.0,16000,Clean Speech,Human Hindi speech sample 43
human_hi_044.wav,voice data/human/human_hi_044.wav,human,Real Human Recording,Human_hi_044,Female,Hindi Native,Hindi,4.0,16000,Clean Speech,Human Hindi speech sample 44
human_hi_045.wav,voice data/human/human_hi_045.wav,human,Real Human Recording,Human_hi_045,Male,Hindi Native,Hindi,4.0,16000,Ambient Noise Added,Human Hindi speech sample 45
human_hi_046.wav,voice data/human/human_hi_046.wav,human,Real Human Recording,Human_hi_046,Female,Hindi Native,Hindi,4.0,16000,Ambient Noise Added,Human Hindi speech sample 46
human_hi_047.wav,voice data/human/human_hi_047.wav,human,Real Human Recording,Human_hi_047,Male,Hindi Native,Hindi,4.0,16000,Clean Speech,Human Hindi speech sample 47
human_hi_048.wav,voice data/human/human_hi_048.wav,human,Real Human Recording,Human_hi_048,Female,Hindi Native,Hindi,4.0,16000,Clean Speech,Human Hindi speech sample 48
human_hi_049.wav,voice data/human/human_hi_049.wav,human,Real Human Recording,Human_hi_049,Male,Hindi Native,Hindi,4.0,16000,Clean Speech,Human Hindi speech sample 49
human_hi_050.wav,voice data/human/human_hi_050.wav,human,Real Human Recording,Human_hi_050,Female,Hindi Native,Hindi,4.0,16000,Ambient Noise Added,Human Hindi speech sample 50
human_hi_051.wav,voice data/human/human_hi_051.wav,human,Real Human Recording,Human_hi_051,Male,Hindi Native,Hindi,4.0,16000,Ambient Noise Added,Human Hindi speech sample 51
human_hi_052.wav,voice data/human/human_hi_052.wav,human,Real Human Recording,Human_hi_052,Female,Hindi Native,Hindi,4.0,16000,Clean Speech,Human Hindi speech sample 52
human_hi_053.wav,voice data/human/human_hi_053.wav,human,Real Human Recording,Human_hi_053,Male,Hindi Native,Hindi,4.0,16000,Clean Speech,Human Hindi speech sample 53
human_hi_054.wav,voice data/human/human_hi_054.wav,human,Real Human Recording,Human_hi_054,Female,Hindi Native,Hindi,4.0,16000,Clean Speech,Human Hindi speech sample 54
human_hi_055.wav,voice data/human/human_hi_055.wav,human,Real Human Recording,Human_hi_055,Male,Hindi Native,Hindi,4.0,16000,Ambient Noise Added,Human Hindi speech sample 55
human_hi_056.wav,voice data/human/human_hi_056.wav,human,Real Human Recording,Human_hi_056,Female,Hindi Native,Hindi,4.0,16000,Ambient Noise Added,Human Hindi speech sample 56
human_hi_057.wav,voice data/human/human_hi_057.wav,human,Real Human Recording,Human_hi_057,Male,Hindi Native,Hindi,4.0,16000,Clean Speech,Human Hindi speech sample 57
human_hi_058.wav,voice data/human/human_hi_058.wav,human,Real Human Recording,Human_hi_058,Female,Hindi Native,Hindi,4.0,16000,Clean Speech,Human Hindi speech sample 58
human_hi_059.wav,voice data/human/human_hi_059.wav,human,Real Human Recording,Human_hi_059,Male,Hindi Native,Hindi,4.0,16000,Clean Speech,Human Hindi speech sample 59
human_hi_060.wav,voice data/human/human_hi_060.wav,human,Real Human Recording,Human_hi_060,Female,Hindi Native,Hindi,4.0,16000,Ambient Noise Added,Human Hindi speech sample 60
human_hi_061.wav,voice data/human/human_hi_061.wav,human,Real Human Recording,Human_hi_061,Male,Hindi Native,Hindi,4.0,16000,Ambient Noise Added,Human Hindi speech sample 61
human_hi_062.wav,voice data/human/human_hi_062.wav,human,Real Human Recording,Human_hi_062,Female,Hindi Native,Hindi,4.0,16000,Clean Speech,Human Hindi speech sample 62
human_hi_063.wav,voice data/human/human_hi_063.wav,human,Real Human Recording,Human_hi_063,Male,Hindi Native,Hindi,4.0,16000,Clean Speech,Human Hindi speech sample 63
human_hi_064.wav,voice data/human/human_hi_064.wav,human,Real Human Recording,Human_hi_064,Female,Hindi Native,Hindi,4.0,16000,Clean Speech,Human Hindi speech sample 64
human_hi_065.wav,voice data/human/human_hi_065.wav,human,Real Human Recording,Human_hi_065,Male,Hindi Native,Hindi,4.0,16000,Ambient Noise Added,Human Hindi speech sample 65
human_hi_066.wav,voice data/human/human_hi_066.wav,human,Real Human Recording,Human_hi_066,Female,Hindi Native,Hindi,4.0,16000,Ambient Noise Added,Human Hindi speech sample 66
human_hi_067.wav,voice data/human/human_hi_067.wav,human,Real Human Recording,Human_hi_067,Male,Hindi Native,Hindi,4.0,16000,Clean Speech,Human Hindi speech sample 67
human_hi_068.wav,voice data/human/human_hi_068.wav,human,Real Human Recording,Human_hi_068,Female,Hindi Native,Hindi,4.0,16000,Clean Speech,Human Hindi speech sample 68
human_hi_069.wav,voice data/human/human_hi_069.wav,human,Real Human Recording,Human_hi_069,Male,Hindi Native,Hindi,4.0,16000,Clean Speech,Human Hindi speech sample 69
human_hi_070.wav,voice data/human/human_hi_070.wav,human,Real Human Recording,Human_hi_070,Female,Hindi Native,Hindi,4.0,16000,Ambient Noise Added,Human Hindi speech sample 70
human_hi_071.wav,voice data/human/human_hi_071.wav,human,Real Human Recording,Human_hi_071,Male,Hindi Native,Hindi,4.0,16000,Ambient Noise Added,Human Hindi speech sample 71
human_hi_072.wav,voice data/human/human_hi_072.wav,human,Real Human Recording,Human_hi_072,Female,Hindi Native,Hindi,4.0,16000,Clean Speech,Human Hindi speech sample 72
human_hi_073.wav,voice data/human/human_hi_073.wav,human,Real Human Recording,Human_hi_073,Male,Hindi Native,Hindi,4.0,16000,Clean Speech,Human Hindi speech sample 73
human_hi_074.wav,voice data/human/human_hi_074.wav,human,Real Human Recording,Human_hi_074,Female,Hindi Native,Hindi,4.0,16000,Clean Speech,Human Hindi speech sample 74
human_hi_075.wav,voice data/human/human_hi_075.wav,human,Real Human Recording,Human_hi_075,Male,Hindi Native,Hindi,4.0,16000,Ambient Noise Added,Human Hindi speech sample 75
human_hi_076.wav,voice data/human/human_hi_076.wav,human,Real Human Recording,Human_hi_076,Female,Hindi Native,Hindi,4.0,16000,Ambient Noise Added,Human Hindi speech sample 76
human_hi_077.wav,voice data/human/human_hi_077.wav,human,Real Human Recording,Human_hi_077,Male,Hindi Native,Hindi,4.0,16000,Clean Speech,Human Hindi speech sample 77
human_hi_078.wav,voice data/human/human_hi_078.wav,human,Real Human Recording,Human_hi_078,Female,Hindi Native,Hindi,4.0,16000,Clean Speech,Human Hindi speech sample 78
human_hi_079.wav,voice data/human/human_hi_079.wav,human,Real Human Recording,Human_hi_079,Male,Hindi Native,Hindi,4.0,16000,Clean Speech,Human Hindi speech sample 79
human_hi_080.wav,voice data/human/human_hi_080.wav,human,Real Human Recording,Human_hi_080,Female,Hindi Native,Hindi,4.0,16000,Ambient Noise Added,Human Hindi speech sample 80
human_hi_081.wav,voice data/human/human_hi_081.wav,human,Real Human Recording,Human_hi_081,Male,Hindi Native,Hindi,4.0,16000,Ambient Noise Added,Human Hindi speech sample 81
human_hi_082.wav,voice data/human/human_hi_082.wav,human,Real Human Recording,Human_hi_082,Female,Hindi Native,Hindi,4.0,16000,Clean Speech,Human Hindi speech sample 82
human_hi_083.wav,voice data/human/human_hi_083.wav,human,Real Human Recording,Human_hi_083,Male,Hindi Native,Hindi,4.0,16000,Clean Speech,Human Hindi speech sample 83
human_hi_084.wav,voice data/human/human_hi_084.wav,human,Real Human Recording,Human_hi_084,Female,Hindi Native,Hindi,4.0,16000,Clean Speech,Human Hindi speech sample 84
human_hi_085.wav,voice data/human/human_hi_085.wav,human,Real Human Recording,Human_hi_085,Male,Hindi Native,Hindi,4.0,16000,Ambient Noise Added,Human Hindi speech sample 85
human_hi_086.wav,voice data/human/human_hi_086.wav,human,Real Human Recording,Human_hi_086,Female,Hindi Native,Hindi,4.0,16000,Ambient Noise Added,Human Hindi speech sample 86
human_hi_087.wav,voice data/human/human_hi_087.wav,human,Real Human Recording,Human_hi_087,Male,Hindi Native,Hindi,4.0,16000,Clean Speech,Human Hindi speech sample 87
human_hi_088.wav,voice data/human/human_hi_088.wav,human,Real Human Recording,Human_hi_088,Female,Hindi Native,Hindi,4.0,16000,Clean Speech,Human Hindi speech sample 88
human_hi_089.wav,voice data/human/human_hi_089.wav,human,Real Human Recording,Human_hi_089,Male,Hindi Native,Hindi,4.0,16000,Clean Speech,Human Hindi speech sample 89
human_hi_090.wav,voice data/human/human_hi_090.wav,human,Real Human Recording,Human_hi_090,Female,Hindi Native,Hindi,4.0,16000,Ambient Noise Added,Human Hindi speech sample 90
human_hi_091.wav,voice data/human/human_hi_091.wav,human,Real Human Recording,Human_hi_091,Male,Hindi Native,Hindi,4.0,16000,Ambient Noise Added,Human Hindi speech sample 91
human_hi_092.wav,voice data/human/human_hi_092.wav,human,Real Human Recording,Human_hi_092,Female,Hindi Native,Hindi,4.0,16000,Clean Speech,Human Hindi speech sample 92
human_hi_093.wav,voice data/human/human_hi_093.wav,human,Real Human Recording,Human_hi_093,Male,Hindi Native,Hindi,4.0,16000,Clean Speech,Human Hindi speech sample 93
human_hi_094.wav,voice data/human/human_hi_094.wav,human,Real Human Recording,Human_hi_094,Female,Hindi Native,Hindi,4.0,16000,Clean Speech,Human Hindi speech sample 94
human_hi_095.wav,voice data/human/human_hi_095.wav,human,Real Human Recording,Human_hi_095,Male,Hindi Native,Hindi,4.0,16000,Ambient Noise Added,Human Hindi speech sample 95
human_hi_096.wav,voice data/human/human_hi_096.wav,human,Real Human Recording,Human_hi_096,Female,Hindi Native,Hindi,4.0,16000,Ambient Noise Added,Human Hindi speech sample 96
human_hi_097.wav,voice data/human/human_hi_097.wav,human,Real Human Recording,Human_hi_097,Male,Hindi Native,Hindi,4.0,16000,Clean Speech,Human Hindi speech sample 97
human_hi_098.wav,voice data/human/human_hi_098.wav,human,Real Human Recording,Human_hi_098,Female,Hindi Native,Hindi,4.0,16000,Clean Speech,Human Hindi speech sample 98
human_hi_099.wav,voice data/human/human_hi_099.wav,human,Real Human Recording,Human_hi_099,Male,Hindi Native,Hindi,4.0,16000,Clean Speech,Human Hindi speech sample 99
human_hi_100.wav,voice data/human/human_hi_100.wav,human,Real Human Recording,Human_hi_100,Female,Hindi Native,Hindi,4.0,16000,Ambient Noise Added,Human Hindi speech sample 100
human_hi_101.wav,voice data/human/human_hi_101.wav,human,Real Human Recording,Human_hi_101,Male,Hindi Native,Hindi,4.0,16000,Ambient Noise Added,Human Hindi speech sample 101
human_hi_102.wav,voice data/human/human_hi_102.wav,human,Real Human Recording,Human_hi_102,Female,Hindi Native,Hindi,4.0,16000,Clean Speech,Human Hindi speech sample 102
human_hi_103.wav,voice data/human/human_hi_103.wav,human,Real Human Recording,Human_hi_103,Male,Hindi Native,Hindi,4.0,16000,Clean Speech,Human Hindi speech sample 103
human_hi_104.wav,voice data/human/human_hi_104.wav,human,Real Human Recording,Human_hi_104,Female,Hindi Native,Hindi,4.0,16000,Clean Speech,Human Hindi speech sample 104
human_hi_105.wav,voice data/human/human_hi_105.wav,human,Real Human Recording,Human_hi_105,Male,Hindi Native,Hindi,4.0,16000,Ambient Noise Added,Human Hindi speech sample 105
human_hi_106.wav,voice data/human/human_hi_106.wav,human,Real Human Recording,Human_hi_106,Female,Hindi Native,Hindi,4.0,16000,Ambient Noise Added,Human Hindi speech sample 106
human_hi_107.wav,voice data/human/human_hi_107.wav,human,Real Human Recording,Human_hi_107,Male,Hindi Native,Hindi,4.0,16000,Clean Speech,Human Hindi speech sample 107
human_hi_108.wav,voice data/human/human_hi_108.wav,human,Real Human Recording,Human_hi_108,Female,Hindi Native,Hindi,4.0,16000,Clean Speech,Human Hindi speech sample 108
human_hi_109.wav,voice data/human/human_hi_109.wav,human,Real Human Recording,Human_hi_109,Male,Hindi Native,Hindi,4.0,16000,Clean Speech,Human Hindi speech sample 109
human_hi_110.wav,voice data/human/human_hi_110.wav,human,Real Human Recording,Human_hi_110,Female,Hindi Native,Hindi,4.0,16000,Ambient Noise Added,Human Hindi speech sample 110
human_hi_111.wav,voice data/human/human_hi_111.wav,human,Real Human Recording,Human_hi_111,Male,Hindi Native,Hindi,4.0,16000,Ambient Noise Added,Human Hindi speech sample 111
human_hi_112.wav,voice data/human/human_hi_112.wav,human,Real Human Recording,Human_hi_112,Female,Hindi Native,Hindi,4.0,16000,Clean Speech,Human Hindi speech sample 112
human_hi_113.wav,voice data/human/human_hi_113.wav,human,Real Human Recording,Human_hi_113,Male,Hindi Native,Hindi,4.0,16000,Clean Speech,Human Hindi speech sample 113
human_hi_114.wav,voice data/human/human_hi_114.wav,human,Real Human Recording,Human_hi_114,Female,Hindi Native,Hindi,4.0,16000,Clean Speech,Human Hindi speech sample 114
human_hi_115.wav,voice data/human/human_hi_115.wav,human,Real Human Recording,Human_hi_115,Male,Hindi Native,Hindi,4.0,16000,Ambient Noise Added,Human Hindi speech sample 115
human_hi_116.wav,voice data/human/human_hi_116.wav,human,Real Human Recording,Human_hi_116,Female,Hindi Native,Hindi,4.0,16000,Ambient Noise Added,Human Hindi speech sample 116
human_hi_117.wav,voice data/human/human_hi_117.wav,human,Real Human Recording,Human_hi_117,Male,Hindi Native,Hindi,4.0,16000,Clean Speech,Human Hindi speech sample 117
human_hi_118.wav,voice data/human/human_hi_118.wav,human,Real Human Recording,Human_hi_118,Female,Hindi Native,Hindi,4.0,16000,Clean Speech,Human Hindi speech sample 118
human_hi_119.wav,voice data/human/human_hi_119.wav,human,Real Human Recording,Human_hi_119,Male,Hindi Native,Hindi,4.0,16000,Clean Speech,Human Hindi speech sample 119
human_hi_120.wav,voice data/human/human_hi_120.wav,human,Real Human Recording,Human_hi_120,Female,Hindi Native,Hindi,4.0,16000,Ambient Noise Added,Human Hindi speech sample 120
human_hi_121.wav,voice data/human/human_hi_121.wav,human,Real Human Recording,Human_hi_121,Male,Hindi Native,Hindi,4.0,16000,Ambient Noise Added,Human Hindi speech sample 121
human_hi_122.wav,voice data/human/human_hi_122.wav,human,Real Human Recording,Human_hi_122,Female,Hindi Native,Hindi,4.0,16000,Clean Speech,Human Hindi speech sample 122
human_hi_123.wav,voice data/human/human_hi_123.wav,human,Real Human Recording,Human_hi_123,Male,Hindi Native,Hindi,4.0,16000,Clean Speech,Human Hindi speech sample 123
human_hi_124.wav,voice data/human/human_hi_124.wav,human,Real Human Recording,Human_hi_124,Female,Hindi Native,Hindi,4.0,16000,Clean Speech,Human Hindi speech sample 124
human_hi_125.wav,voice data/human/human_hi_125.wav,human,Real Human Recording,Human_hi_125,Male,Hindi Native,Hindi,4.0,16000,Ambient Noise Added,Human Hindi speech sample 125
human_hi_126.wav,voice data/human/human_hi_126.wav,human,Real Human Recording,Human_hi_126,Female,Hindi Native,Hindi,4.0,16000,Ambient Noise Added,Human Hindi speech sample 126
human_hi_127.wav,voice data/human/human_hi_127.wav,human,Real Human Recording,Human_hi_127,Male,Hindi Native,Hindi,4.0,16000,Clean Speech,Human Hindi speech sample 127
human_hi_128.wav,voice data/human/human_hi_128.wav,human,Real Human Recording,Human_hi_128,Female,Hindi Native,Hindi,4.0,16000,Clean Speech,Human Hindi speech sample 128
human_hi_129.wav,voice data/human/human_hi_129.wav,human,Real Human Recording,Human_hi_129,Male,Hindi Native,Hindi,4.0,16000,Clean Speech,Human Hindi speech sample 129
human_hi_130.wav,voice data/human/human_hi_130.wav,human,Real Human Recording,Human_hi_130,Female,Hindi Native,Hindi,4.0,16000,Ambient Noise Added,Human Hindi speech sample 130
human_hi_131.wav,voice data/human/human_hi_131.wav,human,Real Human Recording,Human_hi_131,Male,Hindi Native,Hindi,4.0,16000,Ambient Noise Added,Human Hindi speech sample 131
human_hi_132.wav,voice data/human/human_hi_132.wav,human,Real Human Recording,Human_hi_132,Female,Hindi Native,Hindi,4.0,16000,Clean Speech,Human Hindi speech sample 132
human_hi_133.wav,voice data/human/human_hi_133.wav,human,Real Human Recording,Human_hi_133,Male,Hindi Native,Hindi,4.0,16000,Clean Speech,Human Hindi speech sample 133
human_hi_134.wav,voice data/human/human_hi_134.wav,human,Real Human Recording,Human_hi_134,Female,Hindi Native,Hindi,4.0,16000,Clean Speech,Human Hindi speech sample 134
human_hi_135.wav,voice data/human/human_hi_135.wav,human,Real Human Recording,Human_hi_135,Male,Hindi Native,Hindi,4.0,16000,Ambient Noise Added,Human Hindi speech sample 135
human_hi_136.wav,voice data/human/human_hi_136.wav,human,Real Human Recording,Human_hi_136,Female,Hindi Native,Hindi,4.0,16000,Ambient Noise Added,Human Hindi speech sample 136
human_hi_137.wav,voice data/human/human_hi_137.wav,human,Real Human Recording,Human_hi_137,Male,Hindi Native,Hindi,4.0,16000,Clean Speech,Human Hindi speech sample 137
human_hi_138.wav,voice data/human/human_hi_138.wav,human,Real Human Recording,Human_hi_138,Female,Hindi Native,Hindi,4.0,16000,Clean Speech,Human Hindi speech sample 138
human_hi_139.wav,voice data/human/human_hi_139.wav,human,Real Human Recording,Human_hi_139,Male,Hindi Native,Hindi,4.0,16000,Clean Speech,Human Hindi speech sample 139
human_hi_140.wav,voice data/human/human_hi_140.wav,human,Real Human Recording,Human_hi_140,Female,Hindi Native,Hindi,4.0,16000,Ambient Noise Added,Human Hindi speech sample 140
human_hi_141.wav,voice data/human/human_hi_141.wav,human,Real Human Recording,Human_hi_141,Male,Hindi Native,Hindi,4.0,16000,Ambient Noise Added,Human Hindi speech sample 141
human_hi_142.wav,voice data/human/human_hi_142.wav,human,Real Human Recording,Human_hi_142,Female,Hindi Native,Hindi,4.0,16000,Clean Speech,Human Hindi speech sample 142
human_hi_143.wav,voice data/human/human_hi_143.wav,human,Real Human Recording,Human_hi_143,Male,Hindi Native,Hindi,4.0,16000,Clean Speech,Human Hindi speech sample 143
human_hi_144.wav,voice data/human/human_hi_144.wav,human,Real Human Recording,Human_hi_144,Female,Hindi Native,Hindi,4.0,16000,Clean Speech,Human Hindi speech sample 144
human_hi_145.wav,voice data/human/human_hi_145.wav,human,Real Human Recording,Human_hi_145,Male,Hindi Native,Hindi,4.0,16000,Ambient Noise Added,Human Hindi speech sample 145
human_hi_146.wav,voice data/human/human_hi_146.wav,human,Real Human Recording,Human_hi_146,Female,Hindi Native,Hindi,4.0,16000,Ambient Noise Added,Human Hindi speech sample 146
human_hi_147.wav,voice data/human/human_hi_147.wav,human,Real Human Recording,Human_hi_147,Male,Hindi Native,Hindi,4.0,16000,Clean Speech,Human Hindi speech sample 147
human_hi_148.wav,voice data/human/human_hi_148.wav,human,Real Human Recording,Human_hi_148,Female,Hindi Native,Hindi,4.0,16000,Clean Speech,Human Hindi speech sample 148
human_hi_149.wav,voice data/human/human_hi_149.wav,human,Real Human Recording,Human_hi_149,Male,Hindi Native,Hindi,4.0,16000,Clean Speech,Human Hindi speech sample 149
human_hi_150.wav,voice data/human/human_hi_150.wav,human,Real Human Recording,Human_hi_150,Female,Hindi Native,Hindi,4.0,16000,Ambient Noise Added,Human Hindi speech sample 150
human_hi_151.wav,voice data/human/human_hi_151.wav,human,Real Human Recording,Human_hi_151,Male,Hindi Native,Hindi,4.0,16000,Ambient Noise Added,Human Hindi speech sample 151
human_hi_152.wav,voice data/human/human_hi_152.wav,human,Real Human Recording,Human_hi_152,Female,Hindi Native,Hindi,4.0,16000,Clean Speech,Human Hindi speech sample 152
human_hi_153.wav,voice data/human/human_hi_153.wav,human,Real Human Recording,Human_hi_153,Male,Hindi Native,Hindi,4.0,16000,Clean Speech,Human Hindi speech sample 153
human_hi_154.wav,voice data/human/human_hi_154.wav,human,Real Human Recording,Human_hi_154,Female,Hindi Native,Hindi,4.0,16000,Clean Speech,Human Hindi speech sample 154
human_hi_155.wav,voice data/human/human_hi_155.wav,human,Real Human Recording,Human_hi_155,Male,Hindi Native,Hindi,4.0,16000,Ambient Noise Added,Human Hindi speech sample 155
human_hi_156.wav,voice data/human/human_hi_156.wav,human,Real Human Recording,Human_hi_156,Female,Hindi Native,Hindi,4.0,16000,Ambient Noise Added,Human Hindi speech sample 156
human_hi_157.wav,voice data/human/human_hi_157.wav,human,Real Human Recording,Human_hi_157,Male,Hindi Native,Hindi,4.0,16000,Clean Speech,Human Hindi speech sample 157
human_hi_158.wav,voice data/human/human_hi_158.wav,human,Real Human Recording,Human_hi_158,Female,Hindi Native,Hindi,4.0,16000,Clean Speech,Human Hindi speech sample 158
human_hi_159.wav,voice data/human/human_hi_159.wav,human,Real Human Recording,Human_hi_159,Male,Hindi Native,Hindi,4.0,16000,Clean Speech,Human Hindi speech sample 159
human_hi_160.wav,voice data/human/human_hi_160.wav,human,Real Human Recording,Human_hi_160,Female,Hindi Native,Hindi,4.0,16000,Ambient Noise Added,Human Hindi speech sample 160
human_hi_161.wav,voice data/human/human_hi_161.wav,human,Real Human Recording,Human_hi_161,Male,Hindi Native,Hindi,4.0,16000,Ambient Noise Added,Human Hindi speech sample 161
human_hi_162.wav,voice data/human/human_hi_162.wav,human,Real Human Recording,Human_hi_162,Female,Hindi Native,Hindi,4.0,16000,Clean Speech,Human Hindi speech sample 162
human_hi_163.wav,voice data/human/human_hi_163.wav,human,Real Human Recording,Human_hi_163,Male,Hindi Native,Hindi,4.0,16000,Clean Speech,Human Hindi speech sample 163
human_hi_164.wav,voice data/human/human_hi_164.wav,human,Real Human Recording,Human_hi_164,Female,Hindi Native,Hindi,4.0,16000,Clean Speech,Human Hindi speech sample 164
human_hi_165.wav,voice data/human/human_hi_165.wav,human,Real Human Recording,Human_hi_165,Male,Hindi Native,Hindi,4.0,16000,Ambient Noise Added,Human Hindi speech sample 165
human_hi_166.wav,voice data/human/human_hi_166.wav,human,Real Human Recording,Human_hi_166,Female,Hindi Native,Hindi,4.0,16000,Ambient Noise Added,Human Hindi speech sample 166
human_hi_167.wav,voice data/human/human_hi_167.wav,human,Real Human Recording,Human_hi_167,Male,Hindi Native,Hindi,4.0,16000,Clean Speech,Human Hindi speech sample 167
human_hi_168.wav,voice data/human/human_hi_168.wav,human,Real Human Recording,Human_hi_168,Female,Hindi Native,Hindi,4.0,16000,Clean Speech,Human Hindi speech sample 168
human_hi_169.wav,voice data/human/human_hi_169.wav,human,Real Human Recording,Human_hi_169,Male,Hindi Native,Hindi,4.0,16000,Clean Speech,Human Hindi speech sample 169
human_hi_170.wav,voice data/human/human_hi_170.wav,human,Real Human Recording,Human_hi_170,Female,Hindi Native,Hindi,4.0,16000,Ambient Noise Added,Human Hindi speech sample 170
human_hi_171.wav,voice data/human/human_hi_171.wav,human,Real Human Recording,Human_hi_171,Male,Hindi Native,Hindi,4.0,16000,Ambient Noise Added,Human Hindi speech sample 171
human_hi_172.wav,voice data/human/human_hi_172.wav,human,Real Human Recording,Human_hi_172,Female,Hindi Native,Hindi,4.0,16000,Clean Speech,Human Hindi speech sample 172
human_hi_173.wav,voice data/human/human_hi_173.wav,human,Real Human Recording,Human_hi_173,Male,Hindi Native,Hindi,4.0,16000,Clean Speech,Human Hindi speech sample 173
human_hi_174.wav,voice data/human/human_hi_174.wav,human,Real Human Recording,Human_hi_174,Female,Hindi Native,Hindi,4.0,16000,Clean Speech,Human Hindi speech sample 174
human_hi_175.wav,voice data/human/human_hi_175.wav,human,Real Human Recording,Human_hi_175,Male,Hindi Native,Hindi,4.0,16000,Ambient Noise Added,Human Hindi speech sample 175
human_hi_176.wav,voice data/human/human_hi_176.wav,human,Real Human Recording,Human_hi_176,Female,Hindi Native,Hindi,4.0,16000,Ambient Noise Added,Human Hindi speech sample 176
human_hi_177.wav,voice data/human/human_hi_177.wav,human,Real Human Recording,Human_hi_177,Male,Hindi Native,Hindi,4.0,16000,Clean Speech,Human Hindi speech sample 177
human_hi_178.wav,voice data/human/human_hi_178.wav,human,Real Human Recording,Human_hi_178,Female,Hindi Native,Hindi,4.0,16000,Clean Speech,Human Hindi speech sample 178
human_hi_179.wav,voice data/human/human_hi_179.wav,human,Real Human Recording,Human_hi_179,Male,Hindi Native,Hindi,4.0,16000,Clean Speech,Human Hindi speech sample 179
human_hi_180.wav,voice data/human/human_hi_180.wav,human,Real Human Recording,Human_hi_180,Female,Hindi Native,Hindi,4.0,16000,Ambient Noise Added,Human Hindi speech sample 180
human_hi_181.wav,voice data/human/human_hi_181.wav,human,Real Human Recording,Human_hi_181,Male,Hindi Native,Hindi,4.0,16000,Ambient Noise Added,Human Hindi speech sample 181
human_hi_182.wav,voice data/human/human_hi_182.wav,human,Real Human Recording,Human_hi_182,Female,Hindi Native,Hindi,4.0,16000,Clean Speech,Human Hindi speech sample 182
human_hi_183.wav,voice data/human/human_hi_183.wav,human,Real Human Recording,Human_hi_183,Male,Hindi Native,Hindi,4.0,16000,Clean Speech,Human Hindi speech sample 183
human_hi_184.wav,voice data/human/human_hi_184.wav,human,Real Human Recording,Human_hi_184,Female,Hindi Native,Hindi,4.0,16000,Clean Speech,Human Hindi speech sample 184
human_hi_185.wav,voice data/human/human_hi_185.wav,human,Real Human Recording,Human_hi_185,Male,Hindi Native,Hindi,4.0,16000,Ambient Noise Added,Human Hindi speech sample 185
human_hi_186.wav,voice data/human/human_hi_186.wav,human,Real Human Recording,Human_hi_186,Female,Hindi Native,Hindi,4.0,16000,Ambient Noise Added,Human Hindi speech sample 186
human_hi_187.wav,voice data/human/human_hi_187.wav,human,Real Human Recording,Human_hi_187,Male,Hindi Native,Hindi,4.0,16000,Clean Speech,Human Hindi speech sample 187
human_hi_188.wav,voice data/human/human_hi_188.wav,human,Real Human Recording,Human_hi_188,Female,Hindi Native,Hindi,4.0,16000,Clean Speech,Human Hindi speech sample 188
human_hi_189.wav,voice data/human/human_hi_189.wav,human,Real Human Recording,Human_hi_189,Male,Hindi Native,Hindi,4.0,16000,Clean Speech,Human Hindi speech sample 189
human_hi_190.wav,voice data/human/human_hi_190.wav,human,Real Human Recording,Human_hi_190,Female,Hindi Native,Hindi,4.0,16000,Ambient Noise Added,Human Hindi speech sample 190
human_hi_191.wav,voice data/human/human_hi_191.wav,human,Real Human Recording,Human_hi_191,Male,Hindi Native,Hindi,4.0,16000,Ambient Noise Added,Human Hindi speech sample 191
human_hi_192.wav,voice data/human/human_hi_192.wav,human,Real Human Recording,Human_hi_192,Female,Hindi Native,Hindi,4.0,16000,Clean Speech,Human Hindi speech sample 192
human_hi_193.wav,voice data/human/human_hi_193.wav,human,Real Human Recording,Human_hi_193,Male,Hindi Native,Hindi,4.0,16000,Clean Speech,Human Hindi speech sample 193
human_hi_194.wav,voice data/human/human_hi_194.wav,human,Real Human Recording,Human_hi_194,Female,Hindi Native,Hindi,4.0,16000,Clean Speech,Human Hindi speech sample 194
human_hi_195.wav,voice data/human/human_hi_195.wav,human,Real Human Recording,Human_hi_195,Male,Hindi Native,Hindi,4.0,16000,Ambient Noise Added,Human Hindi speech sample 195
human_hi_196.wav,voice data/human/human_hi_196.wav,human,Real Human Recording,Human_hi_196,Female,Hindi Native,Hindi,4.0,16000,Ambient Noise Added,Human Hindi speech sample 196
human_hi_197.wav,voice data/human/human_hi_197.wav,human,Real Human Recording,Human_hi_197,Male,Hindi Native,Hindi,4.0,16000,Clean Speech,Human Hindi speech sample 197
human_hi_198.wav,voice data/human/human_hi_198.wav,human,Real Human Recording,Human_hi_198,Female,Hindi Native,Hindi,4.0,16000,Clean Speech,Human Hindi speech sample 198
human_hi_199.wav,voice data/human/human_hi_199.wav,human,Real Human Recording,Human_hi_199,Male,Hindi Native,Hindi,4.0,16000,Clean Speech,Human Hindi speech sample 199
human_hi_200.wav,voice data/human/human_hi_200.wav,human,Real Human Recording,Human_hi_200,Female,Hindi Native,Hindi,4.0,16000,Ambient Noise Added,Human Hindi speech sample 200
human_hi_201.wav,voice data/human/human_hi_201.wav,human,Real Human Recording,Human_hi_201,Male,Hindi Native,Hindi,4.0,16000,Ambient Noise Added,Human Hindi speech sample 201
human_hi_202.wav,voice data/human/human_hi_202.wav,human,Real Human Recording,Human_hi_202,Female,Hindi Native,Hindi,4.0,16000,Clean Speech,Human Hindi speech sample 202
human_hi_203.wav,voice data/human/human_hi_203.wav,human,Real Human Recording,Human_hi_203,Male,Hindi Native,Hindi,4.0,16000,Clean Speech,Human Hindi speech sample 203
human_hi_204.wav,voice data/human/human_hi_204.wav,human,Real Human Recording,Human_hi_204,Female,Hindi Native,Hindi,4.0,16000,Clean Speech,Human Hindi speech sample 204
human_hi_205.wav,voice data/human/human_hi_205.wav,human,Real Human Recording,Human_hi_205,Male,Hindi Native,Hindi,4.0,16000,Ambient Noise Added,Human Hindi speech sample 205
human_hi_206.wav,voice data/human/human_hi_206.wav,human,Real Human Recording,Human_hi_206,Female,Hindi Native,Hindi,4.0,16000,Ambient Noise Added,Human Hindi speech sample 206
human_hi_207.wav,voice data/human/human_hi_207.wav,human,Real Human Recording,Human_hi_207,Male,Hindi Native,Hindi,4.0,16000,Clean Speech,Human Hindi speech sample 207
human_hi_208.wav,voice data/human/human_hi_208.wav,human,Real Human Recording,Human_hi_208,Female,Hindi Native,Hindi,4.0,16000,Clean Speech,Human Hindi speech sample 208
human_hi_209.wav,voice data/human/human_hi_209.wav,human,Real Human Recording,Human_hi_209,Male,Hindi Native,Hindi,4.0,16000,Clean Speech,Human Hindi speech sample 209
human_hi_210.wav,voice data/human/human_hi_210.wav,human,Real Human Recording,Human_hi_210,Female,Hindi Native,Hindi,4.0,16000,Ambient Noise Added,Human Hindi speech sample 210
human_hi_211.wav,voice data/human/human_hi_211.wav,human,Real Human Recording,Human_hi_211,Male,Hindi Native,Hindi,4.0,16000,Ambient Noise Added,Human Hindi speech sample 211
human_hi_212.wav,voice data/human/human_hi_212.wav,human,Real Human Recording,Human_hi_212,Female,Hindi Native,Hindi,4.0,16000,Clean Speech,Human Hindi speech sample 212
human_hi_213.wav,voice data/human/human_hi_213.wav,human,Real Human Recording,Human_hi_213,Male,Hindi Native,Hindi,4.0,16000,Clean Speech,Human Hindi speech sample 213
human_hi_214.wav,voice data/human/human_hi_214.wav,human,Real Human Recording,Human_hi_214,Female,Hindi Native,Hindi,4.0,16000,Clean Speech,Human Hindi speech sample 214
human_hi_215.wav,voice data/human/human_hi_215.wav,human,Real Human Recording,Human_hi_215,Male,Hindi Native,Hindi,4.0,16000,Ambient Noise Added,Human Hindi speech sample 215
human_hi_216.wav,voice data/human/human_hi_216.wav,human,Real Human Recording,Human_hi_216,Female,Hindi Native,Hindi,4.0,16000,Ambient Noise Added,Human Hindi speech sample 216
human_hi_217.wav,voice data/human/human_hi_217.wav,human,Real Human Recording,Human_hi_217,Male,Hindi Native,Hindi,4.0,16000,Clean Speech,Human Hindi speech sample 217
human_hi_218.wav,voice data/human/human_hi_218.wav,human,Real Human Recording,Human_hi_218,Female,Hindi Native,Hindi,4.0,16000,Clean Speech,Human Hindi speech sample 218
human_hi_219.wav,voice data/human/human_hi_219.wav,human,Real Human Recording,Human_hi_219,Male,Hindi Native,Hindi,4.0,16000,Clean Speech,Human Hindi speech sample 219
human_hi_220.wav,voice data/human/human_hi_220.wav,human,Real Human Recording,Human_hi_220,Female,Hindi Native,Hindi,4.0,16000,Ambient Noise Added,Human Hindi speech sample 220
human_hi_221.wav,voice data/human/human_hi_221.wav,human,Real Human Recording,Human_hi_221,Male,Hindi Native,Hindi,4.0,16000,Ambient Noise Added,Human Hindi speech sample 221
human_hi_222.wav,voice data/human/human_hi_222.wav,human,Real Human Recording,Human_hi_222,Female,Hindi Native,Hindi,4.0,16000,Clean Speech,Human Hindi speech sample 222
human_hi_223.wav,voice data/human/human_hi_223.wav,human,Real Human Recording,Human_hi_223,Male,Hindi Native,Hindi,4.0,16000,Clean Speech,Human Hindi speech sample 223
human_hi_224.wav,voice data/human/human_hi_224.wav,human,Real Human Recording,Human_hi_224,Female,Hindi Native,Hindi,4.0,16000,Clean Speech,Human Hindi speech sample 224
human_hi_225.wav,voice data/human/human_hi_225.wav,human,Real Human Recording,Human_hi_225,Male,Hindi Native,Hindi,4.0,16000,Ambient Noise Added,Human Hindi speech sample 225
human_hi_226.wav,voice data/human/human_hi_226.wav,human,Real Human Recording,Human_hi_226,Female,Hindi Native,Hindi,4.0,16000,Ambient Noise Added,Human Hindi speech sample 226
human_hi_227.wav,voice data/human/human_hi_227.wav,human,Real Human Recording,Human_hi_227,Male,Hindi Native,Hindi,4.0,16000,Clean Speech,Human Hindi speech sample 227
human_hi_228.wav,voice data/human/human_hi_228.wav,human,Real Human Recording,Human_hi_228,Female,Hindi Native,Hindi,4.0,16000,Clean Speech,Human Hindi speech sample 228
human_hi_229.wav,voice data/human/human_hi_229.wav,human,Real Human Recording,Human_hi_229,Male,Hindi Native,Hindi,4.0,16000,Clean Speech,Human Hindi speech sample 229
human_hi_230.wav,voice data/human/human_hi_230.wav,human,Real Human Recording,Human_hi_230,Female,Hindi Native,Hindi,4.0,16000,Ambient Noise Added,Human Hindi speech sample 230
human_hi_231.wav,voice data/human/human_hi_231.wav,human,Real Human Recording,Human_hi_231,Male,Hindi Native,Hindi,4.0,16000,Ambient Noise Added,Human Hindi speech sample 231
human_hi_232.wav,voice data/human/human_hi_232.wav,human,Real Human Recording,Human_hi_232,Female,Hindi Native,Hindi,4.0,16000,Clean Speech,Human Hindi speech sample 232
human_hi_233.wav,voice data/human/human_hi_233.wav,human,Real Human Recording,Human_hi_233,Male,Hindi Native,Hindi,4.0,16000,Clean Speech,Human Hindi speech sample 233
human_hi_234.wav,voice data/human/human_hi_234.wav,human,Real Human Recording,Human_hi_234,Female,Hindi Native,Hindi,4.0,16000,Clean Speech,Human Hindi speech sample 234
human_hi_235.wav,voice data/human/human_hi_235.wav,human,Real Human Recording,Human_hi_235,Male,Hindi Native,Hindi,4.0,16000,Ambient Noise Added,Human Hindi speech sample 235
human_hi_236.wav,voice data/human/human_hi_236.wav,human,Real Human Recording,Human_hi_236,Female,Hindi Native,Hindi,4.0,16000,Ambient Noise Added,Human Hindi speech sample 236
human_hi_237.wav,voice data/human/human_hi_237.wav,human,Real Human Recording,Human_hi_237,Male,Hindi Native,Hindi,4.0,16000,Clean Speech,Human Hindi speech sample 237
human_hi_238.wav,voice data/human/human_hi_238.wav,human,Real Human Recording,Human_hi_238,Female,Hindi Native,Hindi,4.0,16000,Clean Speech,Human Hindi speech sample 238
human_hi_239.wav,voice data/human/human_hi_239.wav,human,Real Human Recording,Human_hi_239,Male,Hindi Native,Hindi,4.0,16000,Clean Speech,Human Hindi speech sample 239
human_hi_240.wav,voice data/human/human_hi_240.wav,human,Real Human Recording,Human_hi_240,Female,Hindi Native,Hindi,4.0,16000,Ambient Noise Added,Human Hindi speech sample 240
human_hi_241.wav,voice data/human/human_hi_241.wav,human,Real Human Recording,Human_hi_241,Male,Hindi Native,Hindi,4.0,16000,Ambient Noise Added,Human Hindi speech sample 241
human_hi_242.wav,voice data/human/human_hi_242.wav,human,Real Human Recording,Human_hi_242,Female,Hindi Native,Hindi,4.0,16000,Clean Speech,Human Hindi speech sample 242
human_hi_243.wav,voice data/human/human_hi_243.wav,human,Real Human Recording,Human_hi_243,Male,Hindi Native,Hindi,4.0,16000,Clean Speech,Human Hindi speech sample 243
human_hi_244.wav,voice data/human/human_hi_244.wav,human,Real Human Recording,Human_hi_244,Female,Hindi Native,Hindi,4.0,16000,Clean Speech,Human Hindi speech sample 244
human_hi_245.wav,voice data/human/human_hi_245.wav,human,Real Human Recording,Human_hi_245,Male,Hindi Native,Hindi,4.0,16000,Ambient Noise Added,Human Hindi speech sample 245
human_hi_246.wav,voice data/human/human_hi_246.wav,human,Real Human Recording,Human_hi_246,Female,Hindi Native,Hindi,4.0,16000,Ambient Noise Added,Human Hindi speech sample 246
human_hi_247.wav,voice data/human/human_hi_247.wav,human,Real Human Recording,Human_hi_247,Male,Hindi Native,Hindi,4.0,16000,Clean Speech,Human Hindi speech sample 247
human_hi_248.wav,voice data/human/human_hi_248.wav,human,Real Human Recording,Human_hi_248,Female,Hindi Native,Hindi,4.0,16000,Clean Speech,Human Hindi speech sample 248
human_hi_249.wav,voice data/human/human_hi_249.wav,human,Real Human Recording,Human_hi_249,Male,Hindi Native,Hindi,4.0,16000,Clean Speech,Human Hindi speech sample 249
human_hi_250.wav,voice data/human/human_hi_250.wav,human,Real Human Recording,Human_hi_250,Female,Hindi Native,Hindi,4.0,16000,Ambient Noise Added,Human Hindi speech sample 250
human_hi_251.wav,voice data/human/human_hi_251.wav,human,Real Human Recording,Human_hi_251,Male,Hindi Native,Hindi,4.0,16000,Ambient Noise Added,Human Hindi speech sample 251
human_hi_252.wav,voice data/human/human_hi_252.wav,human,Real Human Recording,Human_hi_252,Female,Hindi Native,Hindi,4.0,16000,Clean Speech,Human Hindi speech sample 252
human_hi_253.wav,voice data/human/human_hi_253.wav,human,Real Human Recording,Human_hi_253,Male,Hindi Native,Hindi,4.0,16000,Clean Speech,Human Hindi speech sample 253
human_hi_254.wav,voice data/human/human_hi_254.wav,human,Real Human Recording,Human_hi_254,Female,Hindi Native,Hindi,4.0,16000,Clean Speech,Human Hindi speech sample 254
human_hi_255.wav,voice data/human/human_hi_255.wav,human,Real Human Recording,Human_hi_255,Male,Hindi Native,Hindi,4.0,16000,Ambient Noise Added,Human Hindi speech sample 255
human_hi_256.wav,voice data/human/human_hi_256.wav,human,Real Human Recording,Human_hi_256,Female,Hindi Native,Hindi,4.0,16000,Ambient Noise Added,Human Hindi speech sample 256
human_hi_257.wav,voice data/human/human_hi_257.wav,human,Real Human Recording,Human_hi_257,Male,Hindi Native,Hindi,4.0,16000,Clean Speech,Human Hindi speech sample 257
human_hi_258.wav,voice data/human/human_hi_258.wav,human,Real Human Recording,Human_hi_258,Female,Hindi Native,Hindi,4.0,16000,Clean Speech,Human Hindi speech sample 258
human_hi_259.wav,voice data/human/human_hi_259.wav,human,Real Human Recording,Human_hi_259,Male,Hindi Native,Hindi,4.0,16000,Clean Speech,Human Hindi speech sample 259
human_hi_260.wav,voice data/human/human_hi_260.wav,human,Real Human Recording,Human_hi_260,Female,Hindi Native,Hindi,4.0,16000,Ambient Noise Added,Human Hindi speech sample 260
human_hi_261.wav,voice data/human/human_hi_261.wav,human,Real Human Recording,Human_hi_261,Male,Hindi Native,Hindi,4.0,16000,Ambient Noise Added,Human Hindi speech sample 261
human_hi_262.wav,voice data/human/human_hi_262.wav,human,Real Human Recording,Human_hi_262,Female,Hindi Native,Hindi,4.0,16000,Clean Speech,Human Hindi speech sample 262
human_hi_263.wav,voice data/human/human_hi_263.wav,human,Real Human Recording,Human_hi_263,Male,Hindi Native,Hindi,4.0,16000,Clean Speech,Human Hindi speech sample 263
human_hi_264.wav,voice data/human/human_hi_264.wav,human,Real Human Recording,Human_hi_264,Female,Hindi Native,Hindi,4.0,16000,Clean Speech,Human Hindi speech sample 264
human_hi_265.wav,voice data/human/human_hi_265.wav,human,Real Human Recording,Human_hi_265,Male,Hindi Native,Hindi,4.0,16000,Ambient Noise Added,Human Hindi speech sample 265
human_hi_266.wav,voice data/human/human_hi_266.wav,human,Real Human Recording,Human_hi_266,Female,Hindi Native,Hindi,4.0,16000,Ambient Noise Added,Human Hindi speech sample 266
human_hi_267.wav,voice data/human/human_hi_267.wav,human,Real Human Recording,Human_hi_267,Male,Hindi Native,Hindi,4.0,16000,Clean Speech,Human Hindi speech sample 267
human_hi_268.wav,voice data/human/human_hi_268.wav,human,Real Human Recording,Human_hi_268,Female,Hindi Native,Hindi,4.0,16000,Clean Speech,Human Hindi speech sample 268
human_hi_269.wav,voice data/human/human_hi_269.wav,human,Real Human Recording,Human_hi_269,Male,Hindi Native,Hindi,4.0,16000,Clean Speech,Human Hindi speech sample 269
human_hi_270.wav,voice data/human/human_hi_270.wav,human,Real Human Recording,Human_hi_270,Female,Hindi Native,Hindi,4.0,16000,Ambient Noise Added,Human Hindi speech sample 270
human_hi_271.wav,voice data/human/human_hi_271.wav,human,Real Human Recording,Human_hi_271,Male,Hindi Native,Hindi,4.0,16000,Ambient Noise Added,Human Hindi speech sample 271
human_hi_272.wav,voice data/human/human_hi_272.wav,human,Real Human Recording,Human_hi_272,Female,Hindi Native,Hindi,4.0,16000,Clean Speech,Human Hindi speech sample 272
human_hi_273.wav,voice data/human/human_hi_273.wav,human,Real Human Recording,Human_hi_273,Male,Hindi Native,Hindi,4.0,16000,Clean Speech,Human Hindi speech sample 273
human_hi_274.wav,voice data/human/human_hi_274.wav,human,Real Human Recording,Human_hi_274,Female,Hindi Native,Hindi,4.0,16000,Clean Speech,Human Hindi speech sample 274
human_hi_275.wav,voice data/human/human_hi_275.wav,human,Real Human Recording,Human_hi_275,Male,Hindi Native,Hindi,4.0,16000,Ambient Noise Added,Human Hindi speech sample 275
human_hi_276.wav,voice data/human/human_hi_276.wav,human,Real Human Recording,Human_hi_276,Female,Hindi Native,Hindi,4.0,16000,Ambient Noise Added,Human Hindi speech sample 276
human_hi_277.wav,voice data/human/human_hi_277.wav,human,Real Human Recording,Human_hi_277,Male,Hindi Native,Hindi,4.0,16000,Clean Speech,Human Hindi speech sample 277
human_hi_278.wav,voice data/human/human_hi_278.wav,human,Real Human Recording,Human_hi_278,Female,Hindi Native,Hindi,4.0,16000,Clean Speech,Human Hindi speech sample 278
human_hi_279.wav,voice data/human/human_hi_279.wav,human,Real Human Recording,Human_hi_279,Male,Hindi Native,Hindi,4.0,16000,Clean Speech,Human Hindi speech sample 279
human_hi_280.wav,voice data/human/human_hi_280.wav,human,Real Human Recording,Human_hi_280,Female,Hindi Native,Hindi,4.0,16000,Ambient Noise Added,Human Hindi speech sample 280
human_hi_281.wav,voice data/human/human_hi_281.wav,human,Real Human Recording,Human_hi_281,Male,Hindi Native,Hindi,4.0,16000,Ambient Noise Added,Human Hindi speech sample 281
human_hi_282.wav,voice data/human/human_hi_282.wav,human,Real Human Recording,Human_hi_282,Female,Hindi Native,Hindi,4.0,16000,Clean Speech,Human Hindi speech sample 282
human_hi_283.wav,voice data/human/human_hi_283.wav,human,Real Human Recording,Human_hi_283,Male,Hindi Native,Hindi,4.0,16000,Clean Speech,Human Hindi speech sample 283
human_hi_284.wav,voice data/human/human_hi_284.wav,human,Real Human Recording,Human_hi_284,Female,Hindi Native,Hindi,4.0,16000,Clean Speech,Human Hindi speech sample 284
human_hi_285.wav,voice data/human/human_hi_285.wav,human,Real Human Recording,Human_hi_285,Male,Hindi Native,Hindi,4.0,16000,Ambient Noise Added,Human Hindi speech sample 285
human_hi_286.wav,voice data/human/human_hi_286.wav,human,Real Human Recording,Human_hi_286,Female,Hindi Native,Hindi,4.0,16000,Ambient Noise Added,Human Hindi speech sample 286
human_hi_287.wav,voice data/human/human_hi_287.wav,human,Real Human Recording,Human_hi_287,Male,Hindi Native,Hindi,4.0,16000,Clean Speech,Human Hindi speech sample 287
human_hi_288.wav,voice data/human/human_hi_288.wav,human,Real Human Recording,Human_hi_288,Female,Hindi Native,Hindi,4.0,16000,Clean Speech,Human Hindi speech sample 288
human_hi_289.wav,voice data/human/human_hi_289.wav,human,Real Human Recording,Human_hi_289,Male,Hindi Native,Hindi,4.0,16000,Clean Speech,Human Hindi speech sample 289
human_hi_290.wav,voice data/human/human_hi_290.wav,human,Real Human Recording,Human_hi_290,Female,Hindi Native,Hindi,4.0,16000,Ambient Noise Added,Human Hindi speech sample 290
human_hi_291.wav,voice data/human/human_hi_291.wav,human,Real Human Recording,Human_hi_291,Male,Hindi Native,Hindi,4.0,16000,Ambient Noise Added,Human Hindi speech sample 291
human_hi_292.wav,voice data/human/human_hi_292.wav,human,Real Human Recording,Human_hi_292,Female,Hindi Native,Hindi,4.0,16000,Clean Speech,Human Hindi speech sample 292
human_hi_293.wav,voice data/human/human_hi_293.wav,human,Real Human Recording,Human_hi_293,Male,Hindi Native,Hindi,4.0,16000,Clean Speech,Human Hindi speech sample 293
human_hi_294.wav,voice data/human/human_hi_294.wav,human,Real Human Recording,Human_hi_294,Female,Hindi Native,Hindi,4.0,16000,Clean Speech,Human Hindi speech sample 294
human_hi_295.wav,voice data/human/human_hi_295.wav,human,Real Human Recording,Human_hi_295,Male,Hindi Native,Hindi,4.0,16000,Ambient Noise Added,Human Hindi speech sample 295
human_hi_296.wav,voice data/human/human_hi_296.wav,human,Real Human Recording,Human_hi_296,Female,Hindi Native,Hindi,4.0,16000,Ambient Noise Added,Human Hindi speech sample 296
human_hi_297.wav,voice data/human/human_hi_297.wav,human,Real Human Recording,Human_hi_297,Male,Hindi Native,Hindi,4.0,16000,Clean Speech,Human Hindi speech sample 297
human_hi_298.wav,voice data/human/human_hi_298.wav,human,Real Human Recording,Human_hi_298,Female,Hindi Native,Hindi,4.0,16000,Clean Speech,Human Hindi speech sample 298
human_hi_299.wav,voice data/human/human_hi_299.wav,human,Real Human Recording,Human_hi_299,Male,Hindi Native,Hindi,4.0,16000,Clean Speech,Human Hindi speech sample 299
human_hi_300.wav,voice data/human/human_hi_300.wav,human,Real Human Recording,Human_hi_300,Female,Hindi Native,Hindi,4.0,16000,Ambient Noise Added,Human Hindi speech sample 300
human_mr_001.wav,voice data/human/human_mr_001.wav,human,Real Human Recording,Human_mr_001,Male,Marathi Native,Marathi,4.0,16000,Ambient Noise Added,Human Marathi speech sample 1
human_mr_002.wav,voice data/human/human_mr_002.wav,human,Real Human Recording,Human_mr_002,Female,Marathi Native,Marathi,4.0,16000,Clean Speech,Human Marathi speech sample 2
human_mr_003.wav,voice data/human/human_mr_003.wav,human,Real Human Recording,Human_mr_003,Male,Marathi Native,Marathi,4.0,16000,Clean Speech,Human Marathi speech sample 3
human_mr_004.wav,voice data/human/human_mr_004.wav,human,Real Human Recording,Human_mr_004,Female,Marathi Native,Marathi,4.0,16000,Clean Speech,Human Marathi speech sample 4
human_mr_005.wav,voice data/human/human_mr_005.wav,human,Real Human Recording,Human_mr_005,Male,Marathi Native,Marathi,4.0,16000,Ambient Noise Added,Human Marathi speech sample 5
human_mr_006.wav,voice data/human/human_mr_006.wav,human,Real Human Recording,Human_mr_006,Female,Marathi Native,Marathi,4.0,16000,Ambient Noise Added,Human Marathi speech sample 6
human_mr_007.wav,voice data/human/human_mr_007.wav,human,Real Human Recording,Human_mr_007,Male,Marathi Native,Marathi,4.0,16000,Clean Speech,Human Marathi speech sample 7
human_mr_008.wav,voice data/human/human_mr_008.wav,human,Real Human Recording,Human_mr_008,Female,Marathi Native,Marathi,4.0,16000,Clean Speech,Human Marathi speech sample 8
human_mr_009.wav,voice data/human/human_mr_009.wav,human,Real Human Recording,Human_mr_009,Male,Marathi Native,Marathi,4.0,16000,Clean Speech,Human Marathi speech sample 9
human_mr_010.wav,voice data/human/human_mr_010.wav,human,Real Human Recording,Human_mr_010,Female,Marathi Native,Marathi,4.0,16000,Ambient Noise Added,Human Marathi speech sample 10
human_mr_011.wav,voice data/human/human_mr_011.wav,human,Real Human Recording,Human_mr_011,Male,Marathi Native,Marathi,4.0,16000,Ambient Noise Added,Human Marathi speech sample 11
human_mr_012.wav,voice data/human/human_mr_012.wav,human,Real Human Recording,Human_mr_012,Female,Marathi Native,Marathi,4.0,16000,Clean Speech,Human Marathi speech sample 12
human_mr_013.wav,voice data/human/human_mr_013.wav,human,Real Human Recording,Human_mr_013,Male,Marathi Native,Marathi,4.0,16000,Clean Speech,Human Marathi speech sample 13
human_mr_014.wav,voice data/human/human_mr_014.wav,human,Real Human Recording,Human_mr_014,Female,Marathi Native,Marathi,4.0,16000,Clean Speech,Human Marathi speech sample 14
human_mr_015.wav,voice data/human/human_mr_015.wav,human,Real Human Recording,Human_mr_015,Male,Marathi Native,Marathi,4.0,16000,Ambient Noise Added,Human Marathi speech sample 15
human_mr_016.wav,voice data/human/human_mr_016.wav,human,Real Human Recording,Human_mr_016,Female,Marathi Native,Marathi,4.0,16000,Ambient Noise Added,Human Marathi speech sample 16
human_mr_017.wav,voice data/human/human_mr_017.wav,human,Real Human Recording,Human_mr_017,Male,Marathi Native,Marathi,4.0,16000,Clean Speech,Human Marathi speech sample 17
human_mr_018.wav,voice data/human/human_mr_018.wav,human,Real Human Recording,Human_mr_018,Female,Marathi Native,Marathi,4.0,16000,Clean Speech,Human Marathi speech sample 18
human_mr_019.wav,voice data/human/human_mr_019.wav,human,Real Human Recording,Human_mr_019,Male,Marathi Native,Marathi,4.0,16000,Clean Speech,Human Marathi speech sample 19
human_mr_020.wav,voice data/human/human_mr_020.wav,human,Real Human Recording,Human_mr_020,Female,Marathi Native,Marathi,4.0,16000,Ambient Noise Added,Human Marathi speech sample 20
human_mr_021.wav,voice data/human/human_mr_021.wav,human,Real Human Recording,Human_mr_021,Male,Marathi Native,Marathi,4.0,16000,Ambient Noise Added,Human Marathi speech sample 21
human_mr_022.wav,voice data/human/human_mr_022.wav,human,Real Human Recording,Human_mr_022,Female,Marathi Native,Marathi,4.0,16000,Clean Speech,Human Marathi speech sample 22
human_mr_023.wav,voice data/human/human_mr_023.wav,human,Real Human Recording,Human_mr_023,Male,Marathi Native,Marathi,4.0,16000,Clean Speech,Human Marathi speech sample 23
human_mr_024.wav,voice data/human/human_mr_024.wav,human,Real Human Recording,Human_mr_024,Female,Marathi Native,Marathi,4.0,16000,Clean Speech,Human Marathi speech sample 24
human_mr_025.wav,voice data/human/human_mr_025.wav,human,Real Human Recording,Human_mr_025,Male,Marathi Native,Marathi,4.0,16000,Ambient Noise Added,Human Marathi speech sample 25
human_mr_026.wav,voice data/human/human_mr_026.wav,human,Real Human Recording,Human_mr_026,Female,Marathi Native,Marathi,4.0,16000,Ambient Noise Added,Human Marathi speech sample 26
human_mr_027.wav,voice data/human/human_mr_027.wav,human,Real Human Recording,Human_mr_027,Male,Marathi Native,Marathi,4.0,16000,Clean Speech,Human Marathi speech sample 27
human_mr_028.wav,voice data/human/human_mr_028.wav,human,Real Human Recording,Human_mr_028,Female,Marathi Native,Marathi,4.0,16000,Clean Speech,Human Marathi speech sample 28
human_mr_029.wav,voice data/human/human_mr_029.wav,human,Real Human Recording,Human_mr_029,Male,Marathi Native,Marathi,4.0,16000,Clean Speech,Human Marathi speech sample 29
human_mr_030.wav,voice data/human/human_mr_030.wav,human,Real Human Recording,Human_mr_030,Female,Marathi Native,Marathi,4.0,16000,Ambient Noise Added,Human Marathi speech sample 30
human_mr_031.wav,voice data/human/human_mr_031.wav,human,Real Human Recording,Human_mr_031,Male,Marathi Native,Marathi,4.0,16000,Ambient Noise Added,Human Marathi speech sample 31
human_mr_032.wav,voice data/human/human_mr_032.wav,human,Real Human Recording,Human_mr_032,Female,Marathi Native,Marathi,4.0,16000,Clean Speech,Human Marathi speech sample 32
human_mr_033.wav,voice data/human/human_mr_033.wav,human,Real Human Recording,Human_mr_033,Male,Marathi Native,Marathi,4.0,16000,Clean Speech,Human Marathi speech sample 33
human_mr_034.wav,voice data/human/human_mr_034.wav,human,Real Human Recording,Human_mr_034,Female,Marathi Native,Marathi,4.0,16000,Clean Speech,Human Marathi speech sample 34
human_mr_035.wav,voice data/human/human_mr_035.wav,human,Real Human Recording,Human_mr_035,Male,Marathi Native,Marathi,4.0,16000,Ambient Noise Added,Human Marathi speech sample 35
human_mr_036.wav,voice data/human/human_mr_036.wav,human,Real Human Recording,Human_mr_036,Female,Marathi Native,Marathi,4.0,16000,Ambient Noise Added,Human Marathi speech sample 36
human_mr_037.wav,voice data/human/human_mr_037.wav,human,Real Human Recording,Human_mr_037,Male,Marathi Native,Marathi,4.0,16000,Clean Speech,Human Marathi speech sample 37
human_mr_038.wav,voice data/human/human_mr_038.wav,human,Real Human Recording,Human_mr_038,Female,Marathi Native,Marathi,4.0,16000,Clean Speech,Human Marathi speech sample 38
human_mr_039.wav,voice data/human/human_mr_039.wav,human,Real Human Recording,Human_mr_039,Male,Marathi Native,Marathi,4.0,16000,Clean Speech,Human Marathi speech sample 39
human_mr_040.wav,voice data/human/human_mr_040.wav,human,Real Human Recording,Human_mr_040,Female,Marathi Native,Marathi,4.0,16000,Ambient Noise Added,Human Marathi speech sample 40
human_mr_041.wav,voice data/human/human_mr_041.wav,human,Real Human Recording,Human_mr_041,Male,Marathi Native,Marathi,4.0,16000,Ambient Noise Added,Human Marathi speech sample 41
human_mr_042.wav,voice data/human/human_mr_042.wav,human,Real Human Recording,Human_mr_042,Female,Marathi Native,Marathi,4.0,16000,Clean Speech,Human Marathi speech sample 42
human_mr_043.wav,voice data/human/human_mr_043.wav,human,Real Human Recording,Human_mr_043,Male,Marathi Native,Marathi,4.0,16000,Clean Speech,Human Marathi speech sample 43
human_mr_044.wav,voice data/human/human_mr_044.wav,human,Real Human Recording,Human_mr_044,Female,Marathi Native,Marathi,4.0,16000,Clean Speech,Human Marathi speech sample 44
human_mr_045.wav,voice data/human/human_mr_045.wav,human,Real Human Recording,Human_mr_045,Male,Marathi Native,Marathi,4.0,16000,Ambient Noise Added,Human Marathi speech sample 45
human_mr_046.wav,voice data/human/human_mr_046.wav,human,Real Human Recording,Human_mr_046,Female,Marathi Native,Marathi,4.0,16000,Ambient Noise Added,Human Marathi speech sample 46
human_mr_047.wav,voice data/human/human_mr_047.wav,human,Real Human Recording,Human_mr_047,Male,Marathi Native,Marathi,4.0,16000,Clean Speech,Human Marathi speech sample 47
human_mr_048.wav,voice data/human/human_mr_048.wav,human,Real Human Recording,Human_mr_048,Female,Marathi Native,Marathi,4.0,16000,Clean Speech,Human Marathi speech sample 48
human_mr_049.wav,voice data/human/human_mr_049.wav,human,Real Human Recording,Human_mr_049,Male,Marathi Native,Marathi,4.0,16000,Clean Speech,Human Marathi speech sample 49
human_mr_050.wav,voice data/human/human_mr_050.wav,human,Real Human Recording,Human_mr_050,Female,Marathi Native,Marathi,4.0,16000,Ambient Noise Added,Human Marathi speech sample 50
human_mr_051.wav,voice data/human/human_mr_051.wav,human,Real Human Recording,Human_mr_051,Male,Marathi Native,Marathi,4.0,16000,Ambient Noise Added,Human Marathi speech sample 51
human_mr_052.wav,voice data/human/human_mr_052.wav,human,Real Human Recording,Human_mr_052,Female,Marathi Native,Marathi,4.0,16000,Clean Speech,Human Marathi speech sample 52
human_mr_053.wav,voice data/human/human_mr_053.wav,human,Real Human Recording,Human_mr_053,Male,Marathi Native,Marathi,4.0,16000,Clean Speech,Human Marathi speech sample 53
human_mr_054.wav,voice data/human/human_mr_054.wav,human,Real Human Recording,Human_mr_054,Female,Marathi Native,Marathi,4.0,16000,Clean Speech,Human Marathi speech sample 54
human_mr_055.wav,voice data/human/human_mr_055.wav,human,Real Human Recording,Human_mr_055,Male,Marathi Native,Marathi,4.0,16000,Ambient Noise Added,Human Marathi speech sample 55
human_mr_056.wav,voice data/human/human_mr_056.wav,human,Real Human Recording,Human_mr_056,Female,Marathi Native,Marathi,4.0,16000,Ambient Noise Added,Human Marathi speech sample 56
human_mr_057.wav,voice data/human/human_mr_057.wav,human,Real Human Recording,Human_mr_057,Male,Marathi Native,Marathi,4.0,16000,Clean Speech,Human Marathi speech sample 57
human_mr_058.wav,voice data/human/human_mr_058.wav,human,Real Human Recording,Human_mr_058,Female,Marathi Native,Marathi,4.0,16000,Clean Speech,Human Marathi speech sample 58
human_mr_059.wav,voice data/human/human_mr_059.wav,human,Real Human Recording,Human_mr_059,Male,Marathi Native,Marathi,4.0,16000,Clean Speech,Human Marathi speech sample 59
human_mr_060.wav,voice data/human/human_mr_060.wav,human,Real Human Recording,Human_mr_060,Female,Marathi Native,Marathi,4.0,16000,Ambient Noise Added,Human Marathi speech sample 60
human_mr_061.wav,voice data/human/human_mr_061.wav,human,Real Human Recording,Human_mr_061,Male,Marathi Native,Marathi,4.0,16000,Ambient Noise Added,Human Marathi speech sample 61
human_mr_062.wav,voice data/human/human_mr_062.wav,human,Real Human Recording,Human_mr_062,Female,Marathi Native,Marathi,4.0,16000,Clean Speech,Human Marathi speech sample 62
human_mr_063.wav,voice data/human/human_mr_063.wav,human,Real Human Recording,Human_mr_063,Male,Marathi Native,Marathi,4.0,16000,Clean Speech,Human Marathi speech sample 63
human_mr_064.wav,voice data/human/human_mr_064.wav,human,Real Human Recording,Human_mr_064,Female,Marathi Native,Marathi,4.0,16000,Clean Speech,Human Marathi speech sample 64
human_mr_065.wav,voice data/human/human_mr_065.wav,human,Real Human Recording,Human_mr_065,Male,Marathi Native,Marathi,4.0,16000,Ambient Noise Added,Human Marathi speech sample 65
human_mr_066.wav,voice data/human/human_mr_066.wav,human,Real Human Recording,Human_mr_066,Female,Marathi Native,Marathi,4.0,16000,Ambient Noise Added,Human Marathi speech sample 66
human_mr_067.wav,voice data/human/human_mr_067.wav,human,Real Human Recording,Human_mr_067,Male,Marathi Native,Marathi,4.0,16000,Clean Speech,Human Marathi speech sample 67
human_mr_068.wav,voice data/human/human_mr_068.wav,human,Real Human Recording,Human_mr_068,Female,Marathi Native,Marathi,4.0,16000,Clean Speech,Human Marathi speech sample 68
human_mr_069.wav,voice data/human/human_mr_069.wav,human,Real Human Recording,Human_mr_069,Male,Marathi Native,Marathi,4.0,16000,Clean Speech,Human Marathi speech sample 69
human_mr_070.wav,voice data/human/human_mr_070.wav,human,Real Human Recording,Human_mr_070,Female,Marathi Native,Marathi,4.0,16000,Ambient Noise Added,Human Marathi speech sample 70
human_mr_071.wav,voice data/human/human_mr_071.wav,human,Real Human Recording,Human_mr_071,Male,Marathi Native,Marathi,4.0,16000,Ambient Noise Added,Human Marathi speech sample 71
human_mr_072.wav,voice data/human/human_mr_072.wav,human,Real Human Recording,Human_mr_072,Female,Marathi Native,Marathi,4.0,16000,Clean Speech,Human Marathi speech sample 72
human_mr_073.wav,voice data/human/human_mr_073.wav,human,Real Human Recording,Human_mr_073,Male,Marathi Native,Marathi,4.0,16000,Clean Speech,Human Marathi speech sample 73
human_mr_074.wav,voice data/human/human_mr_074.wav,human,Real Human Recording,Human_mr_074,Female,Marathi Native,Marathi,4.0,16000,Clean Speech,Human Marathi speech sample 74
human_mr_075.wav,voice data/human/human_mr_075.wav,human,Real Human Recording,Human_mr_075,Male,Marathi Native,Marathi,4.0,16000,Ambient Noise Added,Human Marathi speech sample 75
human_mr_076.wav,voice data/human/human_mr_076.wav,human,Real Human Recording,Human_mr_076,Female,Marathi Native,Marathi,4.0,16000,Ambient Noise Added,Human Marathi speech sample 76
human_mr_077.wav,voice data/human/human_mr_077.wav,human,Real Human Recording,Human_mr_077,Male,Marathi Native,Marathi,4.0,16000,Clean Speech,Human Marathi speech sample 77
human_mr_078.wav,voice data/human/human_mr_078.wav,human,Real Human Recording,Human_mr_078,Female,Marathi Native,Marathi,4.0,16000,Clean Speech,Human Marathi speech sample 78
human_mr_079.wav,voice data/human/human_mr_079.wav,human,Real Human Recording,Human_mr_079,Male,Marathi Native,Marathi,4.0,16000,Clean Speech,Human Marathi speech sample 79
human_mr_080.wav,voice data/human/human_mr_080.wav,human,Real Human Recording,Human_mr_080,Female,Marathi Native,Marathi,4.0,16000,Ambient Noise Added,Human Marathi speech sample 80
human_mr_081.wav,voice data/human/human_mr_081.wav,human,Real Human Recording,Human_mr_081,Male,Marathi Native,Marathi,4.0,16000,Ambient Noise Added,Human Marathi speech sample 81
human_mr_082.wav,voice data/human/human_mr_082.wav,human,Real Human Recording,Human_mr_082,Female,Marathi Native,Marathi,4.0,16000,Clean Speech,Human Marathi speech sample 82
human_mr_083.wav,voice data/human/human_mr_083.wav,human,Real Human Recording,Human_mr_083,Male,Marathi Native,Marathi,4.0,16000,Clean Speech,Human Marathi speech sample 83
human_mr_084.wav,voice data/human/human_mr_084.wav,human,Real Human Recording,Human_mr_084,Female,Marathi Native,Marathi,4.0,16000,Clean Speech,Human Marathi speech sample 84
human_mr_085.wav,voice data/human/human_mr_085.wav,human,Real Human Recording,Human_mr_085,Male,Marathi Native,Marathi,4.0,16000,Ambient Noise Added,Human Marathi speech sample 85
human_mr_086.wav,voice data/human/human_mr_086.wav,human,Real Human Recording,Human_mr_086,Female,Marathi Native,Marathi,4.0,16000,Ambient Noise Added,Human Marathi speech sample 86
human_mr_087.wav,voice data/human/human_mr_087.wav,human,Real Human Recording,Human_mr_087,Male,Marathi Native,Marathi,4.0,16000,Clean Speech,Human Marathi speech sample 87
human_mr_088.wav,voice data/human/human_mr_088.wav,human,Real Human Recording,Human_mr_088,Female,Marathi Native,Marathi,4.0,16000,Clean Speech,Human Marathi speech sample 88
human_mr_089.wav,voice data/human/human_mr_089.wav,human,Real Human Recording,Human_mr_089,Male,Marathi Native,Marathi,4.0,16000,Clean Speech,Human Marathi speech sample 89
human_mr_090.wav,voice data/human/human_mr_090.wav,human,Real Human Recording,Human_mr_090,Female,Marathi Native,Marathi,4.0,16000,Ambient Noise Added,Human Marathi speech sample 90
human_mr_091.wav,voice data/human/human_mr_091.wav,human,Real Human Recording,Human_mr_091,Male,Marathi Native,Marathi,4.0,16000,Ambient Noise Added,Human Marathi speech sample 91
human_mr_092.wav,voice data/human/human_mr_092.wav,human,Real Human Recording,Human_mr_092,Female,Marathi Native,Marathi,4.0,16000,Clean Speech,Human Marathi speech sample 92
human_mr_093.wav,voice data/human/human_mr_093.wav,human,Real Human Recording,Human_mr_093,Male,Marathi Native,Marathi,4.0,16000,Clean Speech,Human Marathi speech sample 93
human_mr_094.wav,voice data/human/human_mr_094.wav,human,Real Human Recording,Human_mr_094,Female,Marathi Native,Marathi,4.0,16000,Clean Speech,Human Marathi speech sample 94
human_mr_095.wav,voice data/human/human_mr_095.wav,human,Real Human Recording,Human_mr_095,Male,Marathi Native,Marathi,4.0,16000,Ambient Noise Added,Human Marathi speech sample 95
human_mr_096.wav,voice data/human/human_mr_096.wav,human,Real Human Recording,Human_mr_096,Female,Marathi Native,Marathi,4.0,16000,Ambient Noise Added,Human Marathi speech sample 96
human_mr_097.wav,voice data/human/human_mr_097.wav,human,Real Human Recording,Human_mr_097,Male,Marathi Native,Marathi,4.0,16000,Clean Speech,Human Marathi speech sample 97
human_mr_098.wav,voice data/human/human_mr_098.wav,human,Real Human Recording,Human_mr_098,Female,Marathi Native,Marathi,4.0,16000,Clean Speech,Human Marathi speech sample 98
human_mr_099.wav,voice data/human/human_mr_099.wav,human,Real Human Recording,Human_mr_099,Male,Marathi Native,Marathi,4.0,16000,Clean Speech,Human Marathi speech sample 99
human_mr_100.wav,voice data/human/human_mr_100.wav,human,Real Human Recording,Human_mr_100,Female,Marathi Native,Marathi,4.0,16000,Ambient Noise Added,Human Marathi speech sample 100
human_mr_101.wav,voice data/human/human_mr_101.wav,human,Real Human Recording,Human_mr_101,Male,Marathi Native,Marathi,4.0,16000,Ambient Noise Added,Human Marathi speech sample 101
human_mr_102.wav,voice data/human/human_mr_102.wav,human,Real Human Recording,Human_mr_102,Female,Marathi Native,Marathi,4.0,16000,Clean Speech,Human Marathi speech sample 102
human_mr_103.wav,voice data/human/human_mr_103.wav,human,Real Human Recording,Human_mr_103,Male,Marathi Native,Marathi,4.0,16000,Clean Speech,Human Marathi speech sample 103
human_mr_104.wav,voice data/human/human_mr_104.wav,human,Real Human Recording,Human_mr_104,Female,Marathi Native,Marathi,4.0,16000,Clean Speech,Human Marathi speech sample 104
human_mr_105.wav,voice data/human/human_mr_105.wav,human,Real Human Recording,Human_mr_105,Male,Marathi Native,Marathi,4.0,16000,Ambient Noise Added,Human Marathi speech sample 105
human_mr_106.wav,voice data/human/human_mr_106.wav,human,Real Human Recording,Human_mr_106,Female,Marathi Native,Marathi,4.0,16000,Ambient Noise Added,Human Marathi speech sample 106
human_mr_107.wav,voice data/human/human_mr_107.wav,human,Real Human Recording,Human_mr_107,Male,Marathi Native,Marathi,4.0,16000,Clean Speech,Human Marathi speech sample 107
human_mr_108.wav,voice data/human/human_mr_108.wav,human,Real Human Recording,Human_mr_108,Female,Marathi Native,Marathi,4.0,16000,Clean Speech,Human Marathi speech sample 108
human_mr_109.wav,voice data/human/human_mr_109.wav,human,Real Human Recording,Human_mr_109,Male,Marathi Native,Marathi,4.0,16000,Clean Speech,Human Marathi speech sample 109
human_mr_110.wav,voice data/human/human_mr_110.wav,human,Real Human Recording,Human_mr_110,Female,Marathi Native,Marathi,4.0,16000,Ambient Noise Added,Human Marathi speech sample 110
human_mr_111.wav,voice data/human/human_mr_111.wav,human,Real Human Recording,Human_mr_111,Male,Marathi Native,Marathi,4.0,16000,Ambient Noise Added,Human Marathi speech sample 111
human_mr_112.wav,voice data/human/human_mr_112.wav,human,Real Human Recording,Human_mr_112,Female,Marathi Native,Marathi,4.0,16000,Clean Speech,Human Marathi speech sample 112
human_mr_113.wav,voice data/human/human_mr_113.wav,human,Real Human Recording,Human_mr_113,Male,Marathi Native,Marathi,4.0,16000,Clean Speech,Human Marathi speech sample 113
human_mr_114.wav,voice data/human/human_mr_114.wav,human,Real Human Recording,Human_mr_114,Female,Marathi Native,Marathi,4.0,16000,Clean Speech,Human Marathi speech sample 114
human_mr_115.wav,voice data/human/human_mr_115.wav,human,Real Human Recording,Human_mr_115,Male,Marathi Native,Marathi,4.0,16000,Ambient Noise Added,Human Marathi speech sample 115
human_mr_116.wav,voice data/human/human_mr_116.wav,human,Real Human Recording,Human_mr_116,Female,Marathi Native,Marathi,4.0,16000,Ambient Noise Added,Human Marathi speech sample 116
human_mr_117.wav,voice data/human/human_mr_117.wav,human,Real Human Recording,Human_mr_117,Male,Marathi Native,Marathi,4.0,16000,Clean Speech,Human Marathi speech sample 117
human_mr_118.wav,voice data/human/human_mr_118.wav,human,Real Human Recording,Human_mr_118,Female,Marathi Native,Marathi,4.0,16000,Clean Speech,Human Marathi speech sample 118
human_mr_119.wav,voice data/human/human_mr_119.wav,human,Real Human Recording,Human_mr_119,Male,Marathi Native,Marathi,4.0,16000,Clean Speech,Human Marathi speech sample 119
human_mr_120.wav,voice data/human/human_mr_120.wav,human,Real Human Recording,Human_mr_120,Female,Marathi Native,Marathi,4.0,16000,Ambient Noise Added,Human Marathi speech sample 120
human_mr_121.wav,voice data/human/human_mr_121.wav,human,Real Human Recording,Human_mr_121,Male,Marathi Native,Marathi,4.0,16000,Ambient Noise Added,Human Marathi speech sample 121
human_mr_122.wav,voice data/human/human_mr_122.wav,human,Real Human Recording,Human_mr_122,Female,Marathi Native,Marathi,4.0,16000,Clean Speech,Human Marathi speech sample 122
human_mr_123.wav,voice data/human/human_mr_123.wav,human,Real Human Recording,Human_mr_123,Male,Marathi Native,Marathi,4.0,16000,Clean Speech,Human Marathi speech sample 123
human_mr_124.wav,voice data/human/human_mr_124.wav,human,Real Human Recording,Human_mr_124,Female,Marathi Native,Marathi,4.0,16000,Clean Speech,Human Marathi speech sample 124
human_mr_125.wav,voice data/human/human_mr_125.wav,human,Real Human Recording,Human_mr_125,Male,Marathi Native,Marathi,4.0,16000,Ambient Noise Added,Human Marathi speech sample 125
human_mr_126.wav,voice data/human/human_mr_126.wav,human,Real Human Recording,Human_mr_126,Female,Marathi Native,Marathi,4.0,16000,Ambient Noise Added,Human Marathi speech sample 126
human_mr_127.wav,voice data/human/human_mr_127.wav,human,Real Human Recording,Human_mr_127,Male,Marathi Native,Marathi,4.0,16000,Clean Speech,Human Marathi speech sample 127
human_mr_128.wav,voice data/human/human_mr_128.wav,human,Real Human Recording,Human_mr_128,Female,Marathi Native,Marathi,4.0,16000,Clean Speech,Human Marathi speech sample 128
human_mr_129.wav,voice data/human/human_mr_129.wav,human,Real Human Recording,Human_mr_129,Male,Marathi Native,Marathi,4.0,16000,Clean Speech,Human Marathi speech sample 129
human_mr_130.wav,voice data/human/human_mr_130.wav,human,Real Human Recording,Human_mr_130,Female,Marathi Native,Marathi,4.0,16000,Ambient Noise Added,Human Marathi speech sample 130
human_mr_131.wav,voice data/human/human_mr_131.wav,human,Real Human Recording,Human_mr_131,Male,Marathi Native,Marathi,4.0,16000,Ambient Noise Added,Human Marathi speech sample 131
human_mr_132.wav,voice data/human/human_mr_132.wav,human,Real Human Recording,Human_mr_132,Female,Marathi Native,Marathi,4.0,16000,Clean Speech,Human Marathi speech sample 132
human_mr_133.wav,voice data/human/human_mr_133.wav,human,Real Human Recording,Human_mr_133,Male,Marathi Native,Marathi,4.0,16000,Clean Speech,Human Marathi speech sample 133
human_mr_134.wav,voice data/human/human_mr_134.wav,human,Real Human Recording,Human_mr_134,Female,Marathi Native,Marathi,4.0,16000,Clean Speech,Human Marathi speech sample 134
human_mr_135.wav,voice data/human/human_mr_135.wav,human,Real Human Recording,Human_mr_135,Male,Marathi Native,Marathi,4.0,16000,Ambient Noise Added,Human Marathi speech sample 135
human_mr_136.wav,voice data/human/human_mr_136.wav,human,Real Human Recording,Human_mr_136,Female,Marathi Native,Marathi,4.0,16000,Ambient Noise Added,Human Marathi speech sample 136
human_mr_137.wav,voice data/human/human_mr_137.wav,human,Real Human Recording,Human_mr_137,Male,Marathi Native,Marathi,4.0,16000,Clean Speech,Human Marathi speech sample 137
human_mr_138.wav,voice data/human/human_mr_138.wav,human,Real Human Recording,Human_mr_138,Female,Marathi Native,Marathi,4.0,16000,Clean Speech,Human Marathi speech sample 138
human_mr_139.wav,voice data/human/human_mr_139.wav,human,Real Human Recording,Human_mr_139,Male,Marathi Native,Marathi,4.0,16000,Clean Speech,Human Marathi speech sample 139
human_mr_140.wav,voice data/human/human_mr_140.wav,human,Real Human Recording,Human_mr_140,Female,Marathi Native,Marathi,4.0,16000,Ambient Noise Added,Human Marathi speech sample 140
human_mr_141.wav,voice data/human/human_mr_141.wav,human,Real Human Recording,Human_mr_141,Male,Marathi Native,Marathi,4.0,16000,Ambient Noise Added,Human Marathi speech sample 141
human_mr_142.wav,voice data/human/human_mr_142.wav,human,Real Human Recording,Human_mr_142,Female,Marathi Native,Marathi,4.0,16000,Clean Speech,Human Marathi speech sample 142
human_mr_143.wav,voice data/human/human_mr_143.wav,human,Real Human Recording,Human_mr_143,Male,Marathi Native,Marathi,4.0,16000,Clean Speech,Human Marathi speech sample 143
human_mr_144.wav,voice data/human/human_mr_144.wav,human,Real Human Recording,Human_mr_144,Female,Marathi Native,Marathi,4.0,16000,Clean Speech,Human Marathi speech sample 144
human_mr_145.wav,voice data/human/human_mr_145.wav,human,Real Human Recording,Human_mr_145,Male,Marathi Native,Marathi,4.0,16000,Ambient Noise Added,Human Marathi speech sample 145
human_mr_146.wav,voice data/human/human_mr_146.wav,human,Real Human Recording,Human_mr_146,Female,Marathi Native,Marathi,4.0,16000,Ambient Noise Added,Human Marathi speech sample 146
human_mr_147.wav,voice data/human/human_mr_147.wav,human,Real Human Recording,Human_mr_147,Male,Marathi Native,Marathi,4.0,16000,Clean Speech,Human Marathi speech sample 147
human_mr_148.wav,voice data/human/human_mr_148.wav,human,Real Human Recording,Human_mr_148,Female,Marathi Native,Marathi,4.0,16000,Clean Speech,Human Marathi speech sample 148
human_mr_149.wav,voice data/human/human_mr_149.wav,human,Real Human Recording,Human_mr_149,Male,Marathi Native,Marathi,4.0,16000,Clean Speech,Human Marathi speech sample 149
human_mr_150.wav,voice data/human/human_mr_150.wav,human,Real Human Recording,Human_mr_150,Female,Marathi Native,Marathi,4.0,16000,Ambient Noise Added,Human Marathi speech sample 150
human_bn_001.wav,voice data/human/human_bn_001.wav,human,Real Human Recording,Human_bn_001,Male,Bengali Native,Bengali,4.0,16000,Ambient Noise Added,Human Bengali speech sample 1
human_bn_002.wav,voice data/human/human_bn_002.wav,human,Real Human Recording,Human_bn_002,Female,Bengali Native,Bengali,4.0,16000,Clean Speech,Human Bengali speech sample 2
human_bn_003.wav,voice data/human/human_bn_003.wav,human,Real Human Recording,Human_bn_003,Male,Bengali Native,Bengali,4.0,16000,Clean Speech,Human Bengali speech sample 3
human_bn_004.wav,voice data/human/human_bn_004.wav,human,Real Human Recording,Human_bn_004,Female,Bengali Native,Bengali,4.0,16000,Clean Speech,Human Bengali speech sample 4
human_bn_005.wav,voice data/human/human_bn_005.wav,human,Real Human Recording,Human_bn_005,Male,Bengali Native,Bengali,4.0,16000,Ambient Noise Added,Human Bengali speech sample 5
human_bn_006.wav,voice data/human/human_bn_006.wav,human,Real Human Recording,Human_bn_006,Female,Bengali Native,Bengali,4.0,16000,Ambient Noise Added,Human Bengali speech sample 6
human_bn_007.wav,voice data/human/human_bn_007.wav,human,Real Human Recording,Human_bn_007,Male,Bengali Native,Bengali,4.0,16000,Clean Speech,Human Bengali speech sample 7
human_bn_008.wav,voice data/human/human_bn_008.wav,human,Real Human Recording,Human_bn_008,Female,Bengali Native,Bengali,4.0,16000,Clean Speech,Human Bengali speech sample 8
human_bn_009.wav,voice data/human/human_bn_009.wav,human,Real Human Recording,Human_bn_009,Male,Bengali Native,Bengali,4.0,16000,Clean Speech,Human Bengali speech sample 9
human_bn_010.wav,voice data/human/human_bn_010.wav,human,Real Human Recording,Human_bn_010,Female,Bengali Native,Bengali,4.0,16000,Ambient Noise Added,Human Bengali speech sample 10
human_bn_011.wav,voice data/human/human_bn_011.wav,human,Real Human Recording,Human_bn_011,Male,Bengali Native,Bengali,4.0,16000,Ambient Noise Added,Human Bengali speech sample 11
human_bn_012.wav,voice data/human/human_bn_012.wav,human,Real Human Recording,Human_bn_012,Female,Bengali Native,Bengali,4.0,16000,Clean Speech,Human Bengali speech sample 12
human_bn_013.wav,voice data/human/human_bn_013.wav,human,Real Human Recording,Human_bn_013,Male,Bengali Native,Bengali,4.0,16000,Clean Speech,Human Bengali speech sample 13
human_bn_014.wav,voice data/human/human_bn_014.wav,human,Real Human Recording,Human_bn_014,Female,Bengali Native,Bengali,4.0,16000,Clean Speech,Human Bengali speech sample 14
human_bn_015.wav,voice data/human/human_bn_015.wav,human,Real Human Recording,Human_bn_015,Male,Bengali Native,Bengali,4.0,16000,Ambient Noise Added,Human Bengali speech sample 15
human_bn_016.wav,voice data/human/human_bn_016.wav,human,Real Human Recording,Human_bn_016,Female,Bengali Native,Bengali,4.0,16000,Ambient Noise Added,Human Bengali speech sample 16
human_bn_017.wav,voice data/human/human_bn_017.wav,human,Real Human Recording,Human_bn_017,Male,Bengali Native,Bengali,4.0,16000,Clean Speech,Human Bengali speech sample 17
human_bn_018.wav,voice data/human/human_bn_018.wav,human,Real Human Recording,Human_bn_018,Female,Bengali Native,Bengali,4.0,16000,Clean Speech,Human Bengali speech sample 18
human_bn_019.wav,voice data/human/human_bn_019.wav,human,Real Human Recording,Human_bn_019,Male,Bengali Native,Bengali,4.0,16000,Clean Speech,Human Bengali speech sample 19
human_bn_020.wav,voice data/human/human_bn_020.wav,human,Real Human Recording,Human_bn_020,Female,Bengali Native,Bengali,4.0,16000,Ambient Noise Added,Human Bengali speech sample 20
human_bn_021.wav,voice data/human/human_bn_021.wav,human,Real Human Recording,Human_bn_021,Male,Bengali Native,Bengali,4.0,16000,Ambient Noise Added,Human Bengali speech sample 21
human_bn_022.wav,voice data/human/human_bn_022.wav,human,Real Human Recording,Human_bn_022,Female,Bengali Native,Bengali,4.0,16000,Clean Speech,Human Bengali speech sample 22
human_bn_023.wav,voice data/human/human_bn_023.wav,human,Real Human Recording,Human_bn_023,Male,Bengali Native,Bengali,4.0,16000,Clean Speech,Human Bengali speech sample 23
human_bn_024.wav,voice data/human/human_bn_024.wav,human,Real Human Recording,Human_bn_024,Female,Bengali Native,Bengali,4.0,16000,Clean Speech,Human Bengali speech sample 24
human_bn_025.wav,voice data/human/human_bn_025.wav,human,Real Human Recording,Human_bn_025,Male,Bengali Native,Bengali,4.0,16000,Ambient Noise Added,Human Bengali speech sample 25
human_bn_026.wav,voice data/human/human_bn_026.wav,human,Real Human Recording,Human_bn_026,Female,Bengali Native,Bengali,4.0,16000,Ambient Noise Added,Human Bengali speech sample 26
human_bn_027.wav,voice data/human/human_bn_027.wav,human,Real Human Recording,Human_bn_027,Male,Bengali Native,Bengali,4.0,16000,Clean Speech,Human Bengali speech sample 27
human_bn_028.wav,voice data/human/human_bn_028.wav,human,Real Human Recording,Human_bn_028,Female,Bengali Native,Bengali,4.0,16000,Clean Speech,Human Bengali speech sample 28
human_bn_029.wav,voice data/human/human_bn_029.wav,human,Real Human Recording,Human_bn_029,Male,Bengali Native,Bengali,4.0,16000,Clean Speech,Human Bengali speech sample 29
human_bn_030.wav,voice data/human/human_bn_030.wav,human,Real Human Recording,Human_bn_030,Female,Bengali Native,Bengali,4.0,16000,Ambient Noise Added,Human Bengali speech sample 30
human_bn_031.wav,voice data/human/human_bn_031.wav,human,Real Human Recording,Human_bn_031,Male,Bengali Native,Bengali,4.0,16000,Ambient Noise Added,Human Bengali speech sample 31
human_bn_032.wav,voice data/human/human_bn_032.wav,human,Real Human Recording,Human_bn_032,Female,Bengali Native,Bengali,4.0,16000,Clean Speech,Human Bengali speech sample 32
human_bn_033.wav,voice data/human/human_bn_033.wav,human,Real Human Recording,Human_bn_033,Male,Bengali Native,Bengali,4.0,16000,Clean Speech,Human Bengali speech sample 33
human_bn_034.wav,voice data/human/human_bn_034.wav,human,Real Human Recording,Human_bn_034,Female,Bengali Native,Bengali,4.0,16000,Clean Speech,Human Bengali speech sample 34
human_bn_035.wav,voice data/human/human_bn_035.wav,human,Real Human Recording,Human_bn_035,Male,Bengali Native,Bengali,4.0,16000,Ambient Noise Added,Human Bengali speech sample 35
human_bn_036.wav,voice data/human/human_bn_036.wav,human,Real Human Recording,Human_bn_036,Female,Bengali Native,Bengali,4.0,16000,Ambient Noise Added,Human Bengali speech sample 36
human_bn_037.wav,voice data/human/human_bn_037.wav,human,Real Human Recording,Human_bn_037,Male,Bengali Native,Bengali,4.0,16000,Clean Speech,Human Bengali speech sample 37
human_bn_038.wav,voice data/human/human_bn_038.wav,human,Real Human Recording,Human_bn_038,Female,Bengali Native,Bengali,4.0,16000,Clean Speech,Human Bengali speech sample 38
human_bn_039.wav,voice data/human/human_bn_039.wav,human,Real Human Recording,Human_bn_039,Male,Bengali Native,Bengali,4.0,16000,Clean Speech,Human Bengali speech sample 39
human_bn_040.wav,voice data/human/human_bn_040.wav,human,Real Human Recording,Human_bn_040,Female,Bengali Native,Bengali,4.0,16000,Ambient Noise Added,Human Bengali speech sample 40
human_bn_041.wav,voice data/human/human_bn_041.wav,human,Real Human Recording,Human_bn_041,Male,Bengali Native,Bengali,4.0,16000,Ambient Noise Added,Human Bengali speech sample 41
human_bn_042.wav,voice data/human/human_bn_042.wav,human,Real Human Recording,Human_bn_042,Female,Bengali Native,Bengali,4.0,16000,Clean Speech,Human Bengali speech sample 42
human_bn_043.wav,voice data/human/human_bn_043.wav,human,Real Human Recording,Human_bn_043,Male,Bengali Native,Bengali,4.0,16000,Clean Speech,Human Bengali speech sample 43
human_bn_044.wav,voice data/human/human_bn_044.wav,human,Real Human Recording,Human_bn_044,Female,Bengali Native,Bengali,4.0,16000,Clean Speech,Human Bengali speech sample 44
human_bn_045.wav,voice data/human/human_bn_045.wav,human,Real Human Recording,Human_bn_045,Male,Bengali Native,Bengali,4.0,16000,Ambient Noise Added,Human Bengali speech sample 45
human_bn_046.wav,voice data/human/human_bn_046.wav,human,Real Human Recording,Human_bn_046,Female,Bengali Native,Bengali,4.0,16000,Ambient Noise Added,Human Bengali speech sample 46
human_bn_047.wav,voice data/human/human_bn_047.wav,human,Real Human Recording,Human_bn_047,Male,Bengali Native,Bengali,4.0,16000,Clean Speech,Human Bengali speech sample 47
human_bn_048.wav,voice data/human/human_bn_048.wav,human,Real Human Recording,Human_bn_048,Female,Bengali Native,Bengali,4.0,16000,Clean Speech,Human Bengali speech sample 48
human_bn_049.wav,voice data/human/human_bn_049.wav,human,Real Human Recording,Human_bn_049,Male,Bengali Native,Bengali,4.0,16000,Clean Speech,Human Bengali speech sample 49
human_bn_050.wav,voice data/human/human_bn_050.wav,human,Real Human Recording,Human_bn_050,Female,Bengali Native,Bengali,4.0,16000,Ambient Noise Added,Human Bengali speech sample 50
human_bn_051.wav,voice data/human/human_bn_051.wav,human,Real Human Recording,Human_bn_051,Male,Bengali Native,Bengali,4.0,16000,Ambient Noise Added,Human Bengali speech sample 51
human_bn_052.wav,voice data/human/human_bn_052.wav,human,Real Human Recording,Human_bn_052,Female,Bengali Native,Bengali,4.0,16000,Clean Speech,Human Bengali speech sample 52
human_bn_053.wav,voice data/human/human_bn_053.wav,human,Real Human Recording,Human_bn_053,Male,Bengali Native,Bengali,4.0,16000,Clean Speech,Human Bengali speech sample 53
human_bn_054.wav,voice data/human/human_bn_054.wav,human,Real Human Recording,Human_bn_054,Female,Bengali Native,Bengali,4.0,16000,Clean Speech,Human Bengali speech sample 54
human_bn_055.wav,voice data/human/human_bn_055.wav,human,Real Human Recording,Human_bn_055,Male,Bengali Native,Bengali,4.0,16000,Ambient Noise Added,Human Bengali speech sample 55
human_bn_056.wav,voice data/human/human_bn_056.wav,human,Real Human Recording,Human_bn_056,Female,Bengali Native,Bengali,4.0,16000,Ambient Noise Added,Human Bengali speech sample 56
human_bn_057.wav,voice data/human/human_bn_057.wav,human,Real Human Recording,Human_bn_057,Male,Bengali Native,Bengali,4.0,16000,Clean Speech,Human Bengali speech sample 57
human_bn_058.wav,voice data/human/human_bn_058.wav,human,Real Human Recording,Human_bn_058,Female,Bengali Native,Bengali,4.0,16000,Clean Speech,Human Bengali speech sample 58
human_bn_059.wav,voice data/human/human_bn_059.wav,human,Real Human Recording,Human_bn_059,Male,Bengali Native,Bengali,4.0,16000,Clean Speech,Human Bengali speech sample 59
human_bn_060.wav,voice data/human/human_bn_060.wav,human,Real Human Recording,Human_bn_060,Female,Bengali Native,Bengali,4.0,16000,Ambient Noise Added,Human Bengali speech sample 60
human_bn_061.wav,voice data/human/human_bn_061.wav,human,Real Human Recording,Human_bn_061,Male,Bengali Native,Bengali,4.0,16000,Ambient Noise Added,Human Bengali speech sample 61
human_bn_062.wav,voice data/human/human_bn_062.wav,human,Real Human Recording,Human_bn_062,Female,Bengali Native,Bengali,4.0,16000,Clean Speech,Human Bengali speech sample 62
human_bn_063.wav,voice data/human/human_bn_063.wav,human,Real Human Recording,Human_bn_063,Male,Bengali Native,Bengali,4.0,16000,Clean Speech,Human Bengali speech sample 63
human_bn_064.wav,voice data/human/human_bn_064.wav,human,Real Human Recording,Human_bn_064,Female,Bengali Native,Bengali,4.0,16000,Clean Speech,Human Bengali speech sample 64
human_bn_065.wav,voice data/human/human_bn_065.wav,human,Real Human Recording,Human_bn_065,Male,Bengali Native,Bengali,4.0,16000,Ambient Noise Added,Human Bengali speech sample 65
human_bn_066.wav,voice data/human/human_bn_066.wav,human,Real Human Recording,Human_bn_066,Female,Bengali Native,Bengali,4.0,16000,Ambient Noise Added,Human Bengali speech sample 66
human_bn_067.wav,voice data/human/human_bn_067.wav,human,Real Human Recording,Human_bn_067,Male,Bengali Native,Bengali,4.0,16000,Clean Speech,Human Bengali speech sample 67
human_bn_068.wav,voice data/human/human_bn_068.wav,human,Real Human Recording,Human_bn_068,Female,Bengali Native,Bengali,4.0,16000,Clean Speech,Human Bengali speech sample 68
human_bn_069.wav,voice data/human/human_bn_069.wav,human,Real Human Recording,Human_bn_069,Male,Bengali Native,Bengali,4.0,16000,Clean Speech,Human Bengali speech sample 69
human_bn_070.wav,voice data/human/human_bn_070.wav,human,Real Human Recording,Human_bn_070,Female,Bengali Native,Bengali,4.0,16000,Ambient Noise Added,Human Bengali speech sample 70
human_bn_071.wav,voice data/human/human_bn_071.wav,human,Real Human Recording,Human_bn_071,Male,Bengali Native,Bengali,4.0,16000,Ambient Noise Added,Human Bengali speech sample 71
human_bn_072.wav,voice data/human/human_bn_072.wav,human,Real Human Recording,Human_bn_072,Female,Bengali Native,Bengali,4.0,16000,Clean Speech,Human Bengali speech sample 72
human_bn_073.wav,voice data/human/human_bn_073.wav,human,Real Human Recording,Human_bn_073,Male,Bengali Native,Bengali,4.0,16000,Clean Speech,Human Bengali speech sample 73
human_bn_074.wav,voice data/human/human_bn_074.wav,human,Real Human Recording,Human_bn_074,Female,Bengali Native,Bengali,4.0,16000,Clean Speech,Human Bengali speech sample 74
human_bn_075.wav,voice data/human/human_bn_075.wav,human,Real Human Recording,Human_bn_075,Male,Bengali Native,Bengali,4.0,16000,Ambient Noise Added,Human Bengali speech sample 75
human_bn_076.wav,voice data/human/human_bn_076.wav,human,Real Human Recording,Human_bn_076,Female,Bengali Native,Bengali,4.0,16000,Ambient Noise Added,Human Bengali speech sample 76
human_bn_077.wav,voice data/human/human_bn_077.wav,human,Real Human Recording,Human_bn_077,Male,Bengali Native,Bengali,4.0,16000,Clean Speech,Human Bengali speech sample 77
human_bn_078.wav,voice data/human/human_bn_078.wav,human,Real Human Recording,Human_bn_078,Female,Bengali Native,Bengali,4.0,16000,Clean Speech,Human Bengali speech sample 78
human_bn_079.wav,voice data/human/human_bn_079.wav,human,Real Human Recording,Human_bn_079,Male,Bengali Native,Bengali,4.0,16000,Clean Speech,Human Bengali speech sample 79
human_bn_080.wav,voice data/human/human_bn_080.wav,human,Real Human Recording,Human_bn_080,Female,Bengali Native,Bengali,4.0,16000,Ambient Noise Added,Human Bengali speech sample 80
human_bn_081.wav,voice data/human/human_bn_081.wav,human,Real Human Recording,Human_bn_081,Male,Bengali Native,Bengali,4.0,16000,Ambient Noise Added,Human Bengali speech sample 81
human_bn_082.wav,voice data/human/human_bn_082.wav,human,Real Human Recording,Human_bn_082,Female,Bengali Native,Bengali,4.0,16000,Clean Speech,Human Bengali speech sample 82
human_bn_083.wav,voice data/human/human_bn_083.wav,human,Real Human Recording,Human_bn_083,Male,Bengali Native,Bengali,4.0,16000,Clean Speech,Human Bengali speech sample 83
human_bn_084.wav,voice data/human/human_bn_084.wav,human,Real Human Recording,Human_bn_084,Female,Bengali Native,Bengali,4.0,16000,Clean Speech,Human Bengali speech sample 84
human_bn_085.wav,voice data/human/human_bn_085.wav,human,Real Human Recording,Human_bn_085,Male,Bengali Native,Bengali,4.0,16000,Ambient Noise Added,Human Bengali speech sample 85
human_bn_086.wav,voice data/human/human_bn_086.wav,human,Real Human Recording,Human_bn_086,Female,Bengali Native,Bengali,4.0,16000,Ambient Noise Added,Human Bengali speech sample 86
human_bn_087.wav,voice data/human/human_bn_087.wav,human,Real Human Recording,Human_bn_087,Male,Bengali Native,Bengali,4.0,16000,Clean Speech,Human Bengali speech sample 87
human_bn_088.wav,voice data/human/human_bn_088.wav,human,Real Human Recording,Human_bn_088,Female,Bengali Native,Bengali,4.0,16000,Clean Speech,Human Bengali speech sample 88
human_bn_089.wav,voice data/human/human_bn_089.wav,human,Real Human Recording,Human_bn_089,Male,Bengali Native,Bengali,4.0,16000,Clean Speech,Human Bengali speech sample 89
human_bn_090.wav,voice data/human/human_bn_090.wav,human,Real Human Recording,Human_bn_090,Female,Bengali Native,Bengali,4.0,16000,Ambient Noise Added,Human Bengali speech sample 90
human_bn_091.wav,voice data/human/human_bn_091.wav,human,Real Human Recording,Human_bn_091,Male,Bengali Native,Bengali,4.0,16000,Ambient Noise Added,Human Bengali speech sample 91
human_bn_092.wav,voice data/human/human_bn_092.wav,human,Real Human Recording,Human_bn_092,Female,Bengali Native,Bengali,4.0,16000,Clean Speech,Human Bengali speech sample 92
human_bn_093.wav,voice data/human/human_bn_093.wav,human,Real Human Recording,Human_bn_093,Male,Bengali Native,Bengali,4.0,16000,Clean Speech,Human Bengali speech sample 93
human_bn_094.wav,voice data/human/human_bn_094.wav,human,Real Human Recording,Human_bn_094,Female,Bengali Native,Bengali,4.0,16000,Clean Speech,Human Bengali speech sample 94
human_bn_095.wav,voice data/human/human_bn_095.wav,human,Real Human Recording,Human_bn_095,Male,Bengali Native,Bengali,4.0,16000,Ambient Noise Added,Human Bengali speech sample 95
human_bn_096.wav,voice data/human/human_bn_096.wav,human,Real Human Recording,Human_bn_096,Female,Bengali Native,Bengali,4.0,16000,Ambient Noise Added,Human Bengali speech sample 96
human_bn_097.wav,voice data/human/human_bn_097.wav,human,Real Human Recording,Human_bn_097,Male,Bengali Native,Bengali,4.0,16000,Clean Speech,Human Bengali speech sample 97
human_bn_098.wav,voice data/human/human_bn_098.wav,human,Real Human Recording,Human_bn_098,Female,Bengali Native,Bengali,4.0,16000,Clean Speech,Human Bengali speech sample 98
human_bn_099.wav,voice data/human/human_bn_099.wav,human,Real Human Recording,Human_bn_099,Male,Bengali Native,Bengali,4.0,16000,Clean Speech,Human Bengali speech sample 99
human_bn_100.wav,voice data/human/human_bn_100.wav,human,Real Human Recording,Human_bn_100,Female,Bengali Native,Bengali,4.0,16000,Ambient Noise Added,Human Bengali speech sample 100
human_te_001.wav,voice data/human/human_te_001.wav,human,Real Human Recording,Human_te_001,Male,Telugu Native,Telugu,4.0,16000,Ambient Noise Added,Human Telugu speech sample 1
human_te_002.wav,voice data/human/human_te_002.wav,human,Real Human Recording,Human_te_002,Female,Telugu Native,Telugu,4.0,16000,Clean Speech,Human Telugu speech sample 2
human_te_003.wav,voice data/human/human_te_003.wav,human,Real Human Recording,Human_te_003,Male,Telugu Native,Telugu,4.0,16000,Clean Speech,Human Telugu speech sample 3
human_te_004.wav,voice data/human/human_te_004.wav,human,Real Human Recording,Human_te_004,Female,Telugu Native,Telugu,4.0,16000,Clean Speech,Human Telugu speech sample 4
human_te_005.wav,voice data/human/human_te_005.wav,human,Real Human Recording,Human_te_005,Male,Telugu Native,Telugu,4.0,16000,Ambient Noise Added,Human Telugu speech sample 5
human_te_006.wav,voice data/human/human_te_006.wav,human,Real Human Recording,Human_te_006,Female,Telugu Native,Telugu,4.0,16000,Ambient Noise Added,Human Telugu speech sample 6
human_te_007.wav,voice data/human/human_te_007.wav,human,Real Human Recording,Human_te_007,Male,Telugu Native,Telugu,4.0,16000,Clean Speech,Human Telugu speech sample 7
human_te_008.wav,voice data/human/human_te_008.wav,human,Real Human Recording,Human_te_008,Female,Telugu Native,Telugu,4.0,16000,Clean Speech,Human Telugu speech sample 8
human_te_009.wav,voice data/human/human_te_009.wav,human,Real Human Recording,Human_te_009,Male,Telugu Native,Telugu,4.0,16000,Clean Speech,Human Telugu speech sample 9
human_te_010.wav,voice data/human/human_te_010.wav,human,Real Human Recording,Human_te_010,Female,Telugu Native,Telugu,4.0,16000,Ambient Noise Added,Human Telugu speech sample 10
human_te_011.wav,voice data/human/human_te_011.wav,human,Real Human Recording,Human_te_011,Male,Telugu Native,Telugu,4.0,16000,Ambient Noise Added,Human Telugu speech sample 11
human_te_012.wav,voice data/human/human_te_012.wav,human,Real Human Recording,Human_te_012,Female,Telugu Native,Telugu,4.0,16000,Clean Speech,Human Telugu speech sample 12
human_te_013.wav,voice data/human/human_te_013.wav,human,Real Human Recording,Human_te_013,Male,Telugu Native,Telugu,4.0,16000,Clean Speech,Human Telugu speech sample 13
human_te_014.wav,voice data/human/human_te_014.wav,human,Real Human Recording,Human_te_014,Female,Telugu Native,Telugu,4.0,16000,Clean Speech,Human Telugu speech sample 14
human_te_015.wav,voice data/human/human_te_015.wav,human,Real Human Recording,Human_te_015,Male,Telugu Native,Telugu,4.0,16000,Ambient Noise Added,Human Telugu speech sample 15
human_te_016.wav,voice data/human/human_te_016.wav,human,Real Human Recording,Human_te_016,Female,Telugu Native,Telugu,4.0,16000,Ambient Noise Added,Human Telugu speech sample 16
human_te_017.wav,voice data/human/human_te_017.wav,human,Real Human Recording,Human_te_017,Male,Telugu Native,Telugu,4.0,16000,Clean Speech,Human Telugu speech sample 17
human_te_018.wav,voice data/human/human_te_018.wav,human,Real Human Recording,Human_te_018,Female,Telugu Native,Telugu,4.0,16000,Clean Speech,Human Telugu speech sample 18
human_te_019.wav,voice data/human/human_te_019.wav,human,Real Human Recording,Human_te_019,Male,Telugu Native,Telugu,4.0,16000,Clean Speech,Human Telugu speech sample 19
human_te_020.wav,voice data/human/human_te_020.wav,human,Real Human Recording,Human_te_020,Female,Telugu Native,Telugu,4.0,16000,Ambient Noise Added,Human Telugu speech sample 20
human_te_021.wav,voice data/human/human_te_021.wav,human,Real Human Recording,Human_te_021,Male,Telugu Native,Telugu,4.0,16000,Ambient Noise Added,Human Telugu speech sample 21
human_te_022.wav,voice data/human/human_te_022.wav,human,Real Human Recording,Human_te_022,Female,Telugu Native,Telugu,4.0,16000,Clean Speech,Human Telugu speech sample 22
human_te_023.wav,voice data/human/human_te_023.wav,human,Real Human Recording,Human_te_023,Male,Telugu Native,Telugu,4.0,16000,Clean Speech,Human Telugu speech sample 23
human_te_024.wav,voice data/human/human_te_024.wav,human,Real Human Recording,Human_te_024,Female,Telugu Native,Telugu,4.0,16000,Clean Speech,Human Telugu speech sample 24
human_te_025.wav,voice data/human/human_te_025.wav,human,Real Human Recording,Human_te_025,Male,Telugu Native,Telugu,4.0,16000,Ambient Noise Added,Human Telugu speech sample 25
human_te_026.wav,voice data/human/human_te_026.wav,human,Real Human Recording,Human_te_026,Female,Telugu Native,Telugu,4.0,16000,Ambient Noise Added,Human Telugu speech sample 26
human_te_027.wav,voice data/human/human_te_027.wav,human,Real Human Recording,Human_te_027,Male,Telugu Native,Telugu,4.0,16000,Clean Speech,Human Telugu speech sample 27
human_te_028.wav,voice data/human/human_te_028.wav,human,Real Human Recording,Human_te_028,Female,Telugu Native,Telugu,4.0,16000,Clean Speech,Human Telugu speech sample 28
human_te_029.wav,voice data/human/human_te_029.wav,human,Real Human Recording,Human_te_029,Male,Telugu Native,Telugu,4.0,16000,Clean Speech,Human Telugu speech sample 29
human_te_030.wav,voice data/human/human_te_030.wav,human,Real Human Recording,Human_te_030,Female,Telugu Native,Telugu,4.0,16000,Ambient Noise Added,Human Telugu speech sample 30
human_te_031.wav,voice data/human/human_te_031.wav,human,Real Human Recording,Human_te_031,Male,Telugu Native,Telugu,4.0,16000,Ambient Noise Added,Human Telugu speech sample 31
human_te_032.wav,voice data/human/human_te_032.wav,human,Real Human Recording,Human_te_032,Female,Telugu Native,Telugu,4.0,16000,Clean Speech,Human Telugu speech sample 32
human_te_033.wav,voice data/human/human_te_033.wav,human,Real Human Recording,Human_te_033,Male,Telugu Native,Telugu,4.0,16000,Clean Speech,Human Telugu speech sample 33
human_te_034.wav,voice data/human/human_te_034.wav,human,Real Human Recording,Human_te_034,Female,Telugu Native,Telugu,4.0,16000,Clean Speech,Human Telugu speech sample 34
human_te_035.wav,voice data/human/human_te_035.wav,human,Real Human Recording,Human_te_035,Male,Telugu Native,Telugu,4.0,16000,Ambient Noise Added,Human Telugu speech sample 35
human_te_036.wav,voice data/human/human_te_036.wav,human,Real Human Recording,Human_te_036,Female,Telugu Native,Telugu,4.0,16000,Ambient Noise Added,Human Telugu speech sample 36
human_te_037.wav,voice data/human/human_te_037.wav,human,Real Human Recording,Human_te_037,Male,Telugu Native,Telugu,4.0,16000,Clean Speech,Human Telugu speech sample 37
human_te_038.wav,voice data/human/human_te_038.wav,human,Real Human Recording,Human_te_038,Female,Telugu Native,Telugu,4.0,16000,Clean Speech,Human Telugu speech sample 38
human_te_039.wav,voice data/human/human_te_039.wav,human,Real Human Recording,Human_te_039,Male,Telugu Native,Telugu,4.0,16000,Clean Speech,Human Telugu speech sample 39
human_te_040.wav,voice data/human/human_te_040.wav,human,Real Human Recording,Human_te_040,Female,Telugu Native,Telugu,4.0,16000,Ambient Noise Added,Human Telugu speech sample 40
human_te_041.wav,voice data/human/human_te_041.wav,human,Real Human Recording,Human_te_041,Male,Telugu Native,Telugu,4.0,16000,Ambient Noise Added,Human Telugu speech sample 41
human_te_042.wav,voice data/human/human_te_042.wav,human,Real Human Recording,Human_te_042,Female,Telugu Native,Telugu,4.0,16000,Clean Speech,Human Telugu speech sample 42
human_te_043.wav,voice data/human/human_te_043.wav,human,Real Human Recording,Human_te_043,Male,Telugu Native,Telugu,4.0,16000,Clean Speech,Human Telugu speech sample 43
human_te_044.wav,voice data/human/human_te_044.wav,human,Real Human Recording,Human_te_044,Female,Telugu Native,Telugu,4.0,16000,Clean Speech,Human Telugu speech sample 44
human_te_045.wav,voice data/human/human_te_045.wav,human,Real Human Recording,Human_te_045,Male,Telugu Native,Telugu,4.0,16000,Ambient Noise Added,Human Telugu speech sample 45
human_te_046.wav,voice data/human/human_te_046.wav,human,Real Human Recording,Human_te_046,Female,Telugu Native,Telugu,4.0,16000,Ambient Noise Added,Human Telugu speech sample 46
human_te_047.wav,voice data/human/human_te_047.wav,human,Real Human Recording,Human_te_047,Male,Telugu Native,Telugu,4.0,16000,Clean Speech,Human Telugu speech sample 47
human_te_048.wav,voice data/human/human_te_048.wav,human,Real Human Recording,Human_te_048,Female,Telugu Native,Telugu,4.0,16000,Clean Speech,Human Telugu speech sample 48
human_te_049.wav,voice data/human/human_te_049.wav,human,Real Human Recording,Human_te_049,Male,Telugu Native,Telugu,4.0,16000,Clean Speech,Human Telugu speech sample 49
human_te_050.wav,voice data/human/human_te_050.wav,human,Real Human Recording,Human_te_050,Female,Telugu Native,Telugu,4.0,16000,Ambient Noise Added,Human Telugu speech sample 50
human_te_051.wav,voice data/human/human_te_051.wav,human,Real Human Recording,Human_te_051,Male,Telugu Native,Telugu,4.0,16000,Ambient Noise Added,Human Telugu speech sample 51
human_te_052.wav,voice data/human/human_te_052.wav,human,Real Human Recording,Human_te_052,Female,Telugu Native,Telugu,4.0,16000,Clean Speech,Human Telugu speech sample 52
human_te_053.wav,voice data/human/human_te_053.wav,human,Real Human Recording,Human_te_053,Male,Telugu Native,Telugu,4.0,16000,Clean Speech,Human Telugu speech sample 53
human_te_054.wav,voice data/human/human_te_054.wav,human,Real Human Recording,Human_te_054,Female,Telugu Native,Telugu,4.0,16000,Clean Speech,Human Telugu speech sample 54
human_te_055.wav,voice data/human/human_te_055.wav,human,Real Human Recording,Human_te_055,Male,Telugu Native,Telugu,4.0,16000,Ambient Noise Added,Human Telugu speech sample 55
human_te_056.wav,voice data/human/human_te_056.wav,human,Real Human Recording,Human_te_056,Female,Telugu Native,Telugu,4.0,16000,Ambient Noise Added,Human Telugu speech sample 56
human_te_057.wav,voice data/human/human_te_057.wav,human,Real Human Recording,Human_te_057,Male,Telugu Native,Telugu,4.0,16000,Clean Speech,Human Telugu speech sample 57
human_te_058.wav,voice data/human/human_te_058.wav,human,Real Human Recording,Human_te_058,Female,Telugu Native,Telugu,4.0,16000,Clean Speech,Human Telugu speech sample 58
human_te_059.wav,voice data/human/human_te_059.wav,human,Real Human Recording,Human_te_059,Male,Telugu Native,Telugu,4.0,16000,Clean Speech,Human Telugu speech sample 59
human_te_060.wav,voice data/human/human_te_060.wav,human,Real Human Recording,Human_te_060,Female,Telugu Native,Telugu,4.0,16000,Ambient Noise Added,Human Telugu speech sample 60
human_te_061.wav,voice data/human/human_te_061.wav,human,Real Human Recording,Human_te_061,Male,Telugu Native,Telugu,4.0,16000,Ambient Noise Added,Human Telugu speech sample 61
human_te_062.wav,voice data/human/human_te_062.wav,human,Real Human Recording,Human_te_062,Female,Telugu Native,Telugu,4.0,16000,Clean Speech,Human Telugu speech sample 62
human_te_063.wav,voice data/human/human_te_063.wav,human,Real Human Recording,Human_te_063,Male,Telugu Native,Telugu,4.0,16000,Clean Speech,Human Telugu speech sample 63
human_te_064.wav,voice data/human/human_te_064.wav,human,Real Human Recording,Human_te_064,Female,Telugu Native,Telugu,4.0,16000,Clean Speech,Human Telugu speech sample 64
human_te_065.wav,voice data/human/human_te_065.wav,human,Real Human Recording,Human_te_065,Male,Telugu Native,Telugu,4.0,16000,Ambient Noise Added,Human Telugu speech sample 65
human_te_066.wav,voice data/human/human_te_066.wav,human,Real Human Recording,Human_te_066,Female,Telugu Native,Telugu,4.0,16000,Ambient Noise Added,Human Telugu speech sample 66
human_te_067.wav,voice data/human/human_te_067.wav,human,Real Human Recording,Human_te_067,Male,Telugu Native,Telugu,4.0,16000,Clean Speech,Human Telugu speech sample 67
human_te_068.wav,voice data/human/human_te_068.wav,human,Real Human Recording,Human_te_068,Female,Telugu Native,Telugu,4.0,16000,Clean Speech,Human Telugu speech sample 68
human_te_069.wav,voice data/human/human_te_069.wav,human,Real Human Recording,Human_te_069,Male,Telugu Native,Telugu,4.0,16000,Clean Speech,Human Telugu speech sample 69
human_te_070.wav,voice data/human/human_te_070.wav,human,Real Human Recording,Human_te_070,Female,Telugu Native,Telugu,4.0,16000,Ambient Noise Added,Human Telugu speech sample 70
human_te_071.wav,voice data/human/human_te_071.wav,human,Real Human Recording,Human_te_071,Male,Telugu Native,Telugu,4.0,16000,Ambient Noise Added,Human Telugu speech sample 71
human_te_072.wav,voice data/human/human_te_072.wav,human,Real Human Recording,Human_te_072,Female,Telugu Native,Telugu,4.0,16000,Clean Speech,Human Telugu speech sample 72
human_te_073.wav,voice data/human/human_te_073.wav,human,Real Human Recording,Human_te_073,Male,Telugu Native,Telugu,4.0,16000,Clean Speech,Human Telugu speech sample 73
human_te_074.wav,voice data/human/human_te_074.wav,human,Real Human Recording,Human_te_074,Female,Telugu Native,Telugu,4.0,16000,Clean Speech,Human Telugu speech sample 74
human_te_075.wav,voice data/human/human_te_075.wav,human,Real Human Recording,Human_te_075,Male,Telugu Native,Telugu,4.0,16000,Ambient Noise Added,Human Telugu speech sample 75
human_te_076.wav,voice data/human/human_te_076.wav,human,Real Human Recording,Human_te_076,Female,Telugu Native,Telugu,4.0,16000,Ambient Noise Added,Human Telugu speech sample 76
human_te_077.wav,voice data/human/human_te_077.wav,human,Real Human Recording,Human_te_077,Male,Telugu Native,Telugu,4.0,16000,Clean Speech,Human Telugu speech sample 77
human_te_078.wav,voice data/human/human_te_078.wav,human,Real Human Recording,Human_te_078,Female,Telugu Native,Telugu,4.0,16000,Clean Speech,Human Telugu speech sample 78
human_te_079.wav,voice data/human/human_te_079.wav,human,Real Human Recording,Human_te_079,Male,Telugu Native,Telugu,4.0,16000,Clean Speech,Human Telugu speech sample 79
human_te_080.wav,voice data/human/human_te_080.wav,human,Real Human Recording,Human_te_080,Female,Telugu Native,Telugu,4.0,16000,Ambient Noise Added,Human Telugu speech sample 80
human_te_081.wav,voice data/human/human_te_081.wav,human,Real Human Recording,Human_te_081,Male,Telugu Native,Telugu,4.0,16000,Ambient Noise Added,Human Telugu speech sample 81
human_te_082.wav,voice data/human/human_te_082.wav,human,Real Human Recording,Human_te_082,Female,Telugu Native,Telugu,4.0,16000,Clean Speech,Human Telugu speech sample 82
human_te_083.wav,voice data/human/human_te_083.wav,human,Real Human Recording,Human_te_083,Male,Telugu Native,Telugu,4.0,16000,Clean Speech,Human Telugu speech sample 83
human_te_084.wav,voice data/human/human_te_084.wav,human,Real Human Recording,Human_te_084,Female,Telugu Native,Telugu,4.0,16000,Clean Speech,Human Telugu speech sample 84
human_te_085.wav,voice data/human/human_te_085.wav,human,Real Human Recording,Human_te_085,Male,Telugu Native,Telugu,4.0,16000,Ambient Noise Added,Human Telugu speech sample 85
human_te_086.wav,voice data/human/human_te_086.wav,human,Real Human Recording,Human_te_086,Female,Telugu Native,Telugu,4.0,16000,Ambient Noise Added,Human Telugu speech sample 86
human_te_087.wav,voice data/human/human_te_087.wav,human,Real Human Recording,Human_te_087,Male,Telugu Native,Telugu,4.0,16000,Clean Speech,Human Telugu speech sample 87
human_te_088.wav,voice data/human/human_te_088.wav,human,Real Human Recording,Human_te_088,Female,Telugu Native,Telugu,4.0,16000,Clean Speech,Human Telugu speech sample 88
human_te_089.wav,voice data/human/human_te_089.wav,human,Real Human Recording,Human_te_089,Male,Telugu Native,Telugu,4.0,16000,Clean Speech,Human Telugu speech sample 89
human_te_090.wav,voice data/human/human_te_090.wav,human,Real Human Recording,Human_te_090,Female,Telugu Native,Telugu,4.0,16000,Ambient Noise Added,Human Telugu speech sample 90
human_te_091.wav,voice data/human/human_te_091.wav,human,Real Human Recording,Human_te_091,Male,Telugu Native,Telugu,4.0,16000,Ambient Noise Added,Human Telugu speech sample 91
human_te_092.wav,voice data/human/human_te_092.wav,human,Real Human Recording,Human_te_092,Female,Telugu Native,Telugu,4.0,16000,Clean Speech,Human Telugu speech sample 92
human_te_093.wav,voice data/human/human_te_093.wav,human,Real Human Recording,Human_te_093,Male,Telugu Native,Telugu,4.0,16000,Clean Speech,Human Telugu speech sample 93
human_te_094.wav,voice data/human/human_te_094.wav,human,Real Human Recording,Human_te_094,Female,Telugu Native,Telugu,4.0,16000,Clean Speech,Human Telugu speech sample 94
human_te_095.wav,voice data/human/human_te_095.wav,human,Real Human Recording,Human_te_095,Male,Telugu Native,Telugu,4.0,16000,Ambient Noise Added,Human Telugu speech sample 95
human_te_096.wav,voice data/human/human_te_096.wav,human,Real Human Recording,Human_te_096,Female,Telugu Native,Telugu,4.0,16000,Ambient Noise Added,Human Telugu speech sample 96
human_te_097.wav,voice data/human/human_te_097.wav,human,Real Human Recording,Human_te_097,Male,Telugu Native,Telugu,4.0,16000,Clean Speech,Human Telugu speech sample 97
human_te_098.wav,voice data/human/human_te_098.wav,human,Real Human Recording,Human_te_098,Female,Telugu Native,Telugu,4.0,16000,Clean Speech,Human Telugu speech sample 98
human_te_099.wav,voice data/human/human_te_099.wav,human,Real Human Recording,Human_te_099,Male,Telugu Native,Telugu,4.0,16000,Clean Speech,Human Telugu speech sample 99
human_te_100.wav,voice data/human/human_te_100.wav,human,Real Human Recording,Human_te_100,Female,Telugu Native,Telugu,4.0,16000,Ambient Noise Added,Human Telugu speech sample 100
human_ta_001.wav,voice data/human/human_ta_001.wav,human,Real Human Recording,Human_ta_001,Male,Tamil Native,Tamil,4.0,16000,Ambient Noise Added,Human Tamil speech sample 1
human_ta_002.wav,voice data/human/human_ta_002.wav,human,Real Human Recording,Human_ta_002,Female,Tamil Native,Tamil,4.0,16000,Clean Speech,Human Tamil speech sample 2
human_ta_003.wav,voice data/human/human_ta_003.wav,human,Real Human Recording,Human_ta_003,Male,Tamil Native,Tamil,4.0,16000,Clean Speech,Human Tamil speech sample 3
human_ta_004.wav,voice data/human/human_ta_004.wav,human,Real Human Recording,Human_ta_004,Female,Tamil Native,Tamil,4.0,16000,Clean Speech,Human Tamil speech sample 4
human_ta_005.wav,voice data/human/human_ta_005.wav,human,Real Human Recording,Human_ta_005,Male,Tamil Native,Tamil,4.0,16000,Ambient Noise Added,Human Tamil speech sample 5
human_ta_006.wav,voice data/human/human_ta_006.wav,human,Real Human Recording,Human_ta_006,Female,Tamil Native,Tamil,4.0,16000,Ambient Noise Added,Human Tamil speech sample 6
human_ta_007.wav,voice data/human/human_ta_007.wav,human,Real Human Recording,Human_ta_007,Male,Tamil Native,Tamil,4.0,16000,Clean Speech,Human Tamil speech sample 7
human_ta_008.wav,voice data/human/human_ta_008.wav,human,Real Human Recording,Human_ta_008,Female,Tamil Native,Tamil,4.0,16000,Clean Speech,Human Tamil speech sample 8
human_ta_009.wav,voice data/human/human_ta_009.wav,human,Real Human Recording,Human_ta_009,Male,Tamil Native,Tamil,4.0,16000,Clean Speech,Human Tamil speech sample 9
human_ta_010.wav,voice data/human/human_ta_010.wav,human,Real Human Recording,Human_ta_010,Female,Tamil Native,Tamil,4.0,16000,Ambient Noise Added,Human Tamil speech sample 10
human_ta_011.wav,voice data/human/human_ta_011.wav,human,Real Human Recording,Human_ta_011,Male,Tamil Native,Tamil,4.0,16000,Ambient Noise Added,Human Tamil speech sample 11
human_ta_012.wav,voice data/human/human_ta_012.wav,human,Real Human Recording,Human_ta_012,Female,Tamil Native,Tamil,4.0,16000,Clean Speech,Human Tamil speech sample 12
human_ta_013.wav,voice data/human/human_ta_013.wav,human,Real Human Recording,Human_ta_013,Male,Tamil Native,Tamil,4.0,16000,Clean Speech,Human Tamil speech sample 13
human_ta_014.wav,voice data/human/human_ta_014.wav,human,Real Human Recording,Human_ta_014,Female,Tamil Native,Tamil,4.0,16000,Clean Speech,Human Tamil speech sample 14
human_ta_015.wav,voice data/human/human_ta_015.wav,human,Real Human Recording,Human_ta_015,Male,Tamil Native,Tamil,4.0,16000,Ambient Noise Added,Human Tamil speech sample 15
human_ta_016.wav,voice data/human/human_ta_016.wav,human,Real Human Recording,Human_ta_016,Female,Tamil Native,Tamil,4.0,16000,Ambient Noise Added,Human Tamil speech sample 16
human_ta_017.wav,voice data/human/human_ta_017.wav,human,Real Human Recording,Human_ta_017,Male,Tamil Native,Tamil,4.0,16000,Clean Speech,Human Tamil speech sample 17
human_ta_018.wav,voice data/human/human_ta_018.wav,human,Real Human Recording,Human_ta_018,Female,Tamil Native,Tamil,4.0,16000,Clean Speech,Human Tamil speech sample 18
human_ta_019.wav,voice data/human/human_ta_019.wav,human,Real Human Recording,Human_ta_019,Male,Tamil Native,Tamil,4.0,16000,Clean Speech,Human Tamil speech sample 19
human_ta_020.wav,voice data/human/human_ta_020.wav,human,Real Human Recording,Human_ta_020,Female,Tamil Native,Tamil,4.0,16000,Ambient Noise Added,Human Tamil speech sample 20
human_ta_021.wav,voice data/human/human_ta_021.wav,human,Real Human Recording,Human_ta_021,Male,Tamil Native,Tamil,4.0,16000,Ambient Noise Added,Human Tamil speech sample 21
human_ta_022.wav,voice data/human/human_ta_022.wav,human,Real Human Recording,Human_ta_022,Female,Tamil Native,Tamil,4.0,16000,Clean Speech,Human Tamil speech sample 22
human_ta_023.wav,voice data/human/human_ta_023.wav,human,Real Human Recording,Human_ta_023,Male,Tamil Native,Tamil,4.0,16000,Clean Speech,Human Tamil speech sample 23
human_ta_024.wav,voice data/human/human_ta_024.wav,human,Real Human Recording,Human_ta_024,Female,Tamil Native,Tamil,4.0,16000,Clean Speech,Human Tamil speech sample 24
human_ta_025.wav,voice data/human/human_ta_025.wav,human,Real Human Recording,Human_ta_025,Male,Tamil Native,Tamil,4.0,16000,Ambient Noise Added,Human Tamil speech sample 25
human_ta_026.wav,voice data/human/human_ta_026.wav,human,Real Human Recording,Human_ta_026,Female,Tamil Native,Tamil,4.0,16000,Ambient Noise Added,Human Tamil speech sample 26
human_ta_027.wav,voice data/human/human_ta_027.wav,human,Real Human Recording,Human_ta_027,Male,Tamil Native,Tamil,4.0,16000,Clean Speech,Human Tamil speech sample 27
human_ta_028.wav,voice data/human/human_ta_028.wav,human,Real Human Recording,Human_ta_028,Female,Tamil Native,Tamil,4.0,16000,Clean Speech,Human Tamil speech sample 28
human_ta_029.wav,voice data/human/human_ta_029.wav,human,Real Human Recording,Human_ta_029,Male,Tamil Native,Tamil,4.0,16000,Clean Speech,Human Tamil speech sample 29
human_ta_030.wav,voice data/human/human_ta_030.wav,human,Real Human Recording,Human_ta_030,Female,Tamil Native,Tamil,4.0,16000,Ambient Noise Added,Human Tamil speech sample 30
human_ta_031.wav,voice data/human/human_ta_031.wav,human,Real Human Recording,Human_ta_031,Male,Tamil Native,Tamil,4.0,16000,Ambient Noise Added,Human Tamil speech sample 31
human_ta_032.wav,voice data/human/human_ta_032.wav,human,Real Human Recording,Human_ta_032,Female,Tamil Native,Tamil,4.0,16000,Clean Speech,Human Tamil speech sample 32
human_ta_033.wav,voice data/human/human_ta_033.wav,human,Real Human Recording,Human_ta_033,Male,Tamil Native,Tamil,4.0,16000,Clean Speech,Human Tamil speech sample 33
human_ta_034.wav,voice data/human/human_ta_034.wav,human,Real Human Recording,Human_ta_034,Female,Tamil Native,Tamil,4.0,16000,Clean Speech,Human Tamil speech sample 34
human_ta_035.wav,voice data/human/human_ta_035.wav,human,Real Human Recording,Human_ta_035,Male,Tamil Native,Tamil,4.0,16000,Ambient Noise Added,Human Tamil speech sample 35
human_ta_036.wav,voice data/human/human_ta_036.wav,human,Real Human Recording,Human_ta_036,Female,Tamil Native,Tamil,4.0,16000,Ambient Noise Added,Human Tamil speech sample 36
human_ta_037.wav,voice data/human/human_ta_037.wav,human,Real Human Recording,Human_ta_037,Male,Tamil Native,Tamil,4.0,16000,Clean Speech,Human Tamil speech sample 37
human_ta_038.wav,voice data/human/human_ta_038.wav,human,Real Human Recording,Human_ta_038,Female,Tamil Native,Tamil,4.0,16000,Clean Speech,Human Tamil speech sample 38
human_ta_039.wav,voice data/human/human_ta_039.wav,human,Real Human Recording,Human_ta_039,Male,Tamil Native,Tamil,4.0,16000,Clean Speech,Human Tamil speech sample 39
human_ta_040.wav,voice data/human/human_ta_040.wav,human,Real Human Recording,Human_ta_040,Female,Tamil Native,Tamil,4.0,16000,Ambient Noise Added,Human Tamil speech sample 40
human_ta_041.wav,voice data/human/human_ta_041.wav,human,Real Human Recording,Human_ta_041,Male,Tamil Native,Tamil,4.0,16000,Ambient Noise Added,Human Tamil speech sample 41
human_ta_042.wav,voice data/human/human_ta_042.wav,human,Real Human Recording,Human_ta_042,Female,Tamil Native,Tamil,4.0,16000,Clean Speech,Human Tamil speech sample 42
human_ta_043.wav,voice data/human/human_ta_043.wav,human,Real Human Recording,Human_ta_043,Male,Tamil Native,Tamil,4.0,16000,Clean Speech,Human Tamil speech sample 43
human_ta_044.wav,voice data/human/human_ta_044.wav,human,Real Human Recording,Human_ta_044,Female,Tamil Native,Tamil,4.0,16000,Clean Speech,Human Tamil speech sample 44
human_ta_045.wav,voice data/human/human_ta_045.wav,human,Real Human Recording,Human_ta_045,Male,Tamil Native,Tamil,4.0,16000,Ambient Noise Added,Human Tamil speech sample 45
human_ta_046.wav,voice data/human/human_ta_046.wav,human,Real Human Recording,Human_ta_046,Female,Tamil Native,Tamil,4.0,16000,Ambient Noise Added,Human Tamil speech sample 46
human_ta_047.wav,voice data/human/human_ta_047.wav,human,Real Human Recording,Human_ta_047,Male,Tamil Native,Tamil,4.0,16000,Clean Speech,Human Tamil speech sample 47
human_ta_048.wav,voice data/human/human_ta_048.wav,human,Real Human Recording,Human_ta_048,Female,Tamil Native,Tamil,4.0,16000,Clean Speech,Human Tamil speech sample 48
human_ta_049.wav,voice data/human/human_ta_049.wav,human,Real Human Recording,Human_ta_049,Male,Tamil Native,Tamil,4.0,16000,Clean Speech,Human Tamil speech sample 49
human_ta_050.wav,voice data/human/human_ta_050.wav,human,Real Human Recording,Human_ta_050,Female,Tamil Native,Tamil,4.0,16000,Ambient Noise Added,Human Tamil speech sample 50
human_ta_051.wav,voice data/human/human_ta_051.wav,human,Real Human Recording,Human_ta_051,Male,Tamil Native,Tamil,4.0,16000,Ambient Noise Added,Human Tamil speech sample 51
human_ta_052.wav,voice data/human/human_ta_052.wav,human,Real Human Recording,Human_ta_052,Female,Tamil Native,Tamil,4.0,16000,Clean Speech,Human Tamil speech sample 52
human_ta_053.wav,voice data/human/human_ta_053.wav,human,Real Human Recording,Human_ta_053,Male,Tamil Native,Tamil,4.0,16000,Clean Speech,Human Tamil speech sample 53
human_ta_054.wav,voice data/human/human_ta_054.wav,human,Real Human Recording,Human_ta_054,Female,Tamil Native,Tamil,4.0,16000,Clean Speech,Human Tamil speech sample 54
human_ta_055.wav,voice data/human/human_ta_055.wav,human,Real Human Recording,Human_ta_055,Male,Tamil Native,Tamil,4.0,16000,Ambient Noise Added,Human Tamil speech sample 55
human_ta_056.wav,voice data/human/human_ta_056.wav,human,Real Human Recording,Human_ta_056,Female,Tamil Native,Tamil,4.0,16000,Ambient Noise Added,Human Tamil speech sample 56
human_ta_057.wav,voice data/human/human_ta_057.wav,human,Real Human Recording,Human_ta_057,Male,Tamil Native,Tamil,4.0,16000,Clean Speech,Human Tamil speech sample 57
human_ta_058.wav,voice data/human/human_ta_058.wav,human,Real Human Recording,Human_ta_058,Female,Tamil Native,Tamil,4.0,16000,Clean Speech,Human Tamil speech sample 58
human_ta_059.wav,voice data/human/human_ta_059.wav,human,Real Human Recording,Human_ta_059,Male,Tamil Native,Tamil,4.0,16000,Clean Speech,Human Tamil speech sample 59
human_ta_060.wav,voice data/human/human_ta_060.wav,human,Real Human Recording,Human_ta_060,Female,Tamil Native,Tamil,4.0,16000,Ambient Noise Added,Human Tamil speech sample 60
human_ta_061.wav,voice data/human/human_ta_061.wav,human,Real Human Recording,Human_ta_061,Male,Tamil Native,Tamil,4.0,16000,Ambient Noise Added,Human Tamil speech sample 61
human_ta_062.wav,voice data/human/human_ta_062.wav,human,Real Human Recording,Human_ta_062,Female,Tamil Native,Tamil,4.0,16000,Clean Speech,Human Tamil speech sample 62
human_ta_063.wav,voice data/human/human_ta_063.wav,human,Real Human Recording,Human_ta_063,Male,Tamil Native,Tamil,4.0,16000,Clean Speech,Human Tamil speech sample 63
human_ta_064.wav,voice data/human/human_ta_064.wav,human,Real Human Recording,Human_ta_064,Female,Tamil Native,Tamil,4.0,16000,Clean Speech,Human Tamil speech sample 64
human_ta_065.wav,voice data/human/human_ta_065.wav,human,Real Human Recording,Human_ta_065,Male,Tamil Native,Tamil,4.0,16000,Ambient Noise Added,Human Tamil speech sample 65
human_ta_066.wav,voice data/human/human_ta_066.wav,human,Real Human Recording,Human_ta_066,Female,Tamil Native,Tamil,4.0,16000,Ambient Noise Added,Human Tamil speech sample 66
human_ta_067.wav,voice data/human/human_ta_067.wav,human,Real Human Recording,Human_ta_067,Male,Tamil Native,Tamil,4.0,16000,Clean Speech,Human Tamil speech sample 67
human_ta_068.wav,voice data/human/human_ta_068.wav,human,Real Human Recording,Human_ta_068,Female,Tamil Native,Tamil,4.0,16000,Clean Speech,Human Tamil speech sample 68
human_ta_069.wav,voice data/human/human_ta_069.wav,human,Real Human Recording,Human_ta_069,Male,Tamil Native,Tamil,4.0,16000,Clean Speech,Human Tamil speech sample 69
human_ta_070.wav,voice data/human/human_ta_070.wav,human,Real Human Recording,Human_ta_070,Female,Tamil Native,Tamil,4.0,16000,Ambient Noise Added,Human Tamil speech sample 70
human_ta_071.wav,voice data/human/human_ta_071.wav,human,Real Human Recording,Human_ta_071,Male,Tamil Native,Tamil,4.0,16000,Ambient Noise Added,Human Tamil speech sample 71
human_ta_072.wav,voice data/human/human_ta_072.wav,human,Real Human Recording,Human_ta_072,Female,Tamil Native,Tamil,4.0,16000,Clean Speech,Human Tamil speech sample 72
human_ta_073.wav,voice data/human/human_ta_073.wav,human,Real Human Recording,Human_ta_073,Male,Tamil Native,Tamil,4.0,16000,Clean Speech,Human Tamil speech sample 73
human_ta_074.wav,voice data/human/human_ta_074.wav,human,Real Human Recording,Human_ta_074,Female,Tamil Native,Tamil,4.0,16000,Clean Speech,Human Tamil speech sample 74
human_ta_075.wav,voice data/human/human_ta_075.wav,human,Real Human Recording,Human_ta_075,Male,Tamil Native,Tamil,4.0,16000,Ambient Noise Added,Human Tamil speech sample 75
human_ta_076.wav,voice data/human/human_ta_076.wav,human,Real Human Recording,Human_ta_076,Female,Tamil Native,Tamil,4.0,16000,Ambient Noise Added,Human Tamil speech sample 76
human_ta_077.wav,voice data/human/human_ta_077.wav,human,Real Human Recording,Human_ta_077,Male,Tamil Native,Tamil,4.0,16000,Clean Speech,Human Tamil speech sample 77
human_ta_078.wav,voice data/human/human_ta_078.wav,human,Real Human Recording,Human_ta_078,Female,Tamil Native,Tamil,4.0,16000,Clean Speech,Human Tamil speech sample 78
human_ta_079.wav,voice data/human/human_ta_079.wav,human,Real Human Recording,Human_ta_079,Male,Tamil Native,Tamil,4.0,16000,Clean Speech,Human Tamil speech sample 79
human_ta_080.wav,voice data/human/human_ta_080.wav,human,Real Human Recording,Human_ta_080,Female,Tamil Native,Tamil,4.0,16000,Ambient Noise Added,Human Tamil speech sample 80
human_ta_081.wav,voice data/human/human_ta_081.wav,human,Real Human Recording,Human_ta_081,Male,Tamil Native,Tamil,4.0,16000,Ambient Noise Added,Human Tamil speech sample 81
human_ta_082.wav,voice data/human/human_ta_082.wav,human,Real Human Recording,Human_ta_082,Female,Tamil Native,Tamil,4.0,16000,Clean Speech,Human Tamil speech sample 82
human_ta_083.wav,voice data/human/human_ta_083.wav,human,Real Human Recording,Human_ta_083,Male,Tamil Native,Tamil,4.0,16000,Clean Speech,Human Tamil speech sample 83
human_ta_084.wav,voice data/human/human_ta_084.wav,human,Real Human Recording,Human_ta_084,Female,Tamil Native,Tamil,4.0,16000,Clean Speech,Human Tamil speech sample 84
human_ta_085.wav,voice data/human/human_ta_085.wav,human,Real Human Recording,Human_ta_085,Male,Tamil Native,Tamil,4.0,16000,Ambient Noise Added,Human Tamil speech sample 85
human_ta_086.wav,voice data/human/human_ta_086.wav,human,Real Human Recording,Human_ta_086,Female,Tamil Native,Tamil,4.0,16000,Ambient Noise Added,Human Tamil speech sample 86
human_ta_087.wav,voice data/human/human_ta_087.wav,human,Real Human Recording,Human_ta_087,Male,Tamil Native,Tamil,4.0,16000,Clean Speech,Human Tamil speech sample 87
human_ta_088.wav,voice data/human/human_ta_088.wav,human,Real Human Recording,Human_ta_088,Female,Tamil Native,Tamil,4.0,16000,Clean Speech,Human Tamil speech sample 88
human_ta_089.wav,voice data/human/human_ta_089.wav,human,Real Human Recording,Human_ta_089,Male,Tamil Native,Tamil,4.0,16000,Clean Speech,Human Tamil speech sample 89
human_ta_090.wav,voice data/human/human_ta_090.wav,human,Real Human Recording,Human_ta_090,Female,Tamil Native,Tamil,4.0,16000,Ambient Noise Added,Human Tamil speech sample 90
human_ta_091.wav,voice data/human/human_ta_091.wav,human,Real Human Recording,Human_ta_091,Male,Tamil Native,Tamil,4.0,16000,Ambient Noise Added,Human Tamil speech sample 91
human_ta_092.wav,voice data/human/human_ta_092.wav,human,Real Human Recording,Human_ta_092,Female,Tamil Native,Tamil,4.0,16000,Clean Speech,Human Tamil speech sample 92
human_ta_093.wav,voice data/human/human_ta_093.wav,human,Real Human Recording,Human_ta_093,Male,Tamil Native,Tamil,4.0,16000,Clean Speech,Human Tamil speech sample 93
human_ta_094.wav,voice data/human/human_ta_094.wav,human,Real Human Recording,Human_ta_094,Female,Tamil Native,Tamil,4.0,16000,Clean Speech,Human Tamil speech sample 94
human_ta_095.wav,voice data/human/human_ta_095.wav,human,Real Human Recording,Human_ta_095,Male,Tamil Native,Tamil,4.0,16000,Ambient Noise Added,Human Tamil speech sample 95
human_ta_096.wav,voice data/human/human_ta_096.wav,human,Real Human Recording,Human_ta_096,Female,Tamil Native,Tamil,4.0,16000,Ambient Noise Added,Human Tamil speech sample 96
human_ta_097.wav,voice data/human/human_ta_097.wav,human,Real Human Recording,Human_ta_097,Male,Tamil Native,Tamil,4.0,16000,Clean Speech,Human Tamil speech sample 97
human_ta_098.wav,voice data/human/human_ta_098.wav,human,Real Human Recording,Human_ta_098,Female,Tamil Native,Tamil,4.0,16000,Clean Speech,Human Tamil speech sample 98
human_ta_099.wav,voice data/human/human_ta_099.wav,human,Real Human Recording,Human_ta_099,Male,Tamil Native,Tamil,4.0,16000,Clean Speech,Human Tamil speech sample 99
human_ta_100.wav,voice data/human/human_ta_100.wav,human,Real Human Recording,Human_ta_100,Female,Tamil Native,Tamil,4.0,16000,Ambient Noise Added,Human Tamil speech sample 100
human_gu_001.wav,voice data/human/human_gu_001.wav,human,Real Human Recording,Human_gu_001,Male,Gujarati Native,Gujarati,4.0,16000,Ambient Noise Added,Human Gujarati speech sample 1
human_gu_002.wav,voice data/human/human_gu_002.wav,human,Real Human Recording,Human_gu_002,Female,Gujarati Native,Gujarati,4.0,16000,Clean Speech,Human Gujarati speech sample 2
human_gu_003.wav,voice data/human/human_gu_003.wav,human,Real Human Recording,Human_gu_003,Male,Gujarati Native,Gujarati,4.0,16000,Clean Speech,Human Gujarati speech sample 3
human_gu_004.wav,voice data/human/human_gu_004.wav,human,Real Human Recording,Human_gu_004,Female,Gujarati Native,Gujarati,4.0,16000,Clean Speech,Human Gujarati speech sample 4
human_gu_005.wav,voice data/human/human_gu_005.wav,human,Real Human Recording,Human_gu_005,Male,Gujarati Native,Gujarati,4.0,16000,Ambient Noise Added,Human Gujarati speech sample 5
human_gu_006.wav,voice data/human/human_gu_006.wav,human,Real Human Recording,Human_gu_006,Female,Gujarati Native,Gujarati,4.0,16000,Ambient Noise Added,Human Gujarati speech sample 6
human_gu_007.wav,voice data/human/human_gu_007.wav,human,Real Human Recording,Human_gu_007,Male,Gujarati Native,Gujarati,4.0,16000,Clean Speech,Human Gujarati speech sample 7
human_gu_008.wav,voice data/human/human_gu_008.wav,human,Real Human Recording,Human_gu_008,Female,Gujarati Native,Gujarati,4.0,16000,Clean Speech,Human Gujarati speech sample 8
human_gu_009.wav,voice data/human/human_gu_009.wav,human,Real Human Recording,Human_gu_009,Male,Gujarati Native,Gujarati,4.0,16000,Clean Speech,Human Gujarati speech sample 9
human_gu_010.wav,voice data/human/human_gu_010.wav,human,Real Human Recording,Human_gu_010,Female,Gujarati Native,Gujarati,4.0,16000,Ambient Noise Added,Human Gujarati speech sample 10
human_gu_011.wav,voice data/human/human_gu_011.wav,human,Real Human Recording,Human_gu_011,Male,Gujarati Native,Gujarati,4.0,16000,Ambient Noise Added,Human Gujarati speech sample 11
human_gu_012.wav,voice data/human/human_gu_012.wav,human,Real Human Recording,Human_gu_012,Female,Gujarati Native,Gujarati,4.0,16000,Clean Speech,Human Gujarati speech sample 12
human_gu_013.wav,voice data/human/human_gu_013.wav,human,Real Human Recording,Human_gu_013,Male,Gujarati Native,Gujarati,4.0,16000,Clean Speech,Human Gujarati speech sample 13
human_gu_014.wav,voice data/human/human_gu_014.wav,human,Real Human Recording,Human_gu_014,Female,Gujarati Native,Gujarati,4.0,16000,Clean Speech,Human Gujarati speech sample 14
human_gu_015.wav,voice data/human/human_gu_015.wav,human,Real Human Recording,Human_gu_015,Male,Gujarati Native,Gujarati,4.0,16000,Ambient Noise Added,Human Gujarati speech sample 15
human_gu_016.wav,voice data/human/human_gu_016.wav,human,Real Human Recording,Human_gu_016,Female,Gujarati Native,Gujarati,4.0,16000,Ambient Noise Added,Human Gujarati speech sample 16
human_gu_017.wav,voice data/human/human_gu_017.wav,human,Real Human Recording,Human_gu_017,Male,Gujarati Native,Gujarati,4.0,16000,Clean Speech,Human Gujarati speech sample 17
human_gu_018.wav,voice data/human/human_gu_018.wav,human,Real Human Recording,Human_gu_018,Female,Gujarati Native,Gujarati,4.0,16000,Clean Speech,Human Gujarati speech sample 18
human_gu_019.wav,voice data/human/human_gu_019.wav,human,Real Human Recording,Human_gu_019,Male,Gujarati Native,Gujarati,4.0,16000,Clean Speech,Human Gujarati speech sample 19
human_gu_020.wav,voice data/human/human_gu_020.wav,human,Real Human Recording,Human_gu_020,Female,Gujarati Native,Gujarati,4.0,16000,Ambient Noise Added,Human Gujarati speech sample 20
human_gu_021.wav,voice data/human/human_gu_021.wav,human,Real Human Recording,Human_gu_021,Male,Gujarati Native,Gujarati,4.0,16000,Ambient Noise Added,Human Gujarati speech sample 21
human_gu_022.wav,voice data/human/human_gu_022.wav,human,Real Human Recording,Human_gu_022,Female,Gujarati Native,Gujarati,4.0,16000,Clean Speech,Human Gujarati speech sample 22
human_gu_023.wav,voice data/human/human_gu_023.wav,human,Real Human Recording,Human_gu_023,Male,Gujarati Native,Gujarati,4.0,16000,Clean Speech,Human Gujarati speech sample 23
human_gu_024.wav,voice data/human/human_gu_024.wav,human,Real Human Recording,Human_gu_024,Female,Gujarati Native,Gujarati,4.0,16000,Clean Speech,Human Gujarati speech sample 24
human_gu_025.wav,voice data/human/human_gu_025.wav,human,Real Human Recording,Human_gu_025,Male,Gujarati Native,Gujarati,4.0,16000,Ambient Noise Added,Human Gujarati speech sample 25
human_gu_026.wav,voice data/human/human_gu_026.wav,human,Real Human Recording,Human_gu_026,Female,Gujarati Native,Gujarati,4.0,16000,Ambient Noise Added,Human Gujarati speech sample 26
human_gu_027.wav,voice data/human/human_gu_027.wav,human,Real Human Recording,Human_gu_027,Male,Gujarati Native,Gujarati,4.0,16000,Clean Speech,Human Gujarati speech sample 27
human_gu_028.wav,voice data/human/human_gu_028.wav,human,Real Human Recording,Human_gu_028,Female,Gujarati Native,Gujarati,4.0,16000,Clean Speech,Human Gujarati speech sample 28
human_gu_029.wav,voice data/human/human_gu_029.wav,human,Real Human Recording,Human_gu_029,Male,Gujarati Native,Gujarati,4.0,16000,Clean Speech,Human Gujarati speech sample 29
human_gu_030.wav,voice data/human/human_gu_030.wav,human,Real Human Recording,Human_gu_030,Female,Gujarati Native,Gujarati,4.0,16000,Ambient Noise Added,Human Gujarati speech sample 30
human_gu_031.wav,voice data/human/human_gu_031.wav,human,Real Human Recording,Human_gu_031,Male,Gujarati Native,Gujarati,4.0,16000,Ambient Noise Added,Human Gujarati speech sample 31
human_gu_032.wav,voice data/human/human_gu_032.wav,human,Real Human Recording,Human_gu_032,Female,Gujarati Native,Gujarati,4.0,16000,Clean Speech,Human Gujarati speech sample 32
human_gu_033.wav,voice data/human/human_gu_033.wav,human,Real Human Recording,Human_gu_033,Male,Gujarati Native,Gujarati,4.0,16000,Clean Speech,Human Gujarati speech sample 33
human_gu_034.wav,voice data/human/human_gu_034.wav,human,Real Human Recording,Human_gu_034,Female,Gujarati Native,Gujarati,4.0,16000,Clean Speech,Human Gujarati speech sample 34
human_gu_035.wav,voice data/human/human_gu_035.wav,human,Real Human Recording,Human_gu_035,Male,Gujarati Native,Gujarati,4.0,16000,Ambient Noise Added,Human Gujarati speech sample 35
human_gu_036.wav,voice data/human/human_gu_036.wav,human,Real Human Recording,Human_gu_036,Female,Gujarati Native,Gujarati,4.0,16000,Ambient Noise Added,Human Gujarati speech sample 36
human_gu_037.wav,voice data/human/human_gu_037.wav,human,Real Human Recording,Human_gu_037,Male,Gujarati Native,Gujarati,4.0,16000,Clean Speech,Human Gujarati speech sample 37
human_gu_038.wav,voice data/human/human_gu_038.wav,human,Real Human Recording,Human_gu_038,Female,Gujarati Native,Gujarati,4.0,16000,Clean Speech,Human Gujarati speech sample 38
human_gu_039.wav,voice data/human/human_gu_039.wav,human,Real Human Recording,Human_gu_039,Male,Gujarati Native,Gujarati,4.0,16000,Clean Speech,Human Gujarati speech sample 39
human_gu_040.wav,voice data/human/human_gu_040.wav,human,Real Human Recording,Human_gu_040,Female,Gujarati Native,Gujarati,4.0,16000,Ambient Noise Added,Human Gujarati speech sample 40
human_gu_041.wav,voice data/human/human_gu_041.wav,human,Real Human Recording,Human_gu_041,Male,Gujarati Native,Gujarati,4.0,16000,Ambient Noise Added,Human Gujarati speech sample 41
human_gu_042.wav,voice data/human/human_gu_042.wav,human,Real Human Recording,Human_gu_042,Female,Gujarati Native,Gujarati,4.0,16000,Clean Speech,Human Gujarati speech sample 42
human_gu_043.wav,voice data/human/human_gu_043.wav,human,Real Human Recording,Human_gu_043,Male,Gujarati Native,Gujarati,4.0,16000,Clean Speech,Human Gujarati speech sample 43
human_gu_044.wav,voice data/human/human_gu_044.wav,human,Real Human Recording,Human_gu_044,Female,Gujarati Native,Gujarati,4.0,16000,Clean Speech,Human Gujarati speech sample 44
human_gu_045.wav,voice data/human/human_gu_045.wav,human,Real Human Recording,Human_gu_045,Male,Gujarati Native,Gujarati,4.0,16000,Ambient Noise Added,Human Gujarati speech sample 45
human_gu_046.wav,voice data/human/human_gu_046.wav,human,Real Human Recording,Human_gu_046,Female,Gujarati Native,Gujarati,4.0,16000,Ambient Noise Added,Human Gujarati speech sample 46
human_gu_047.wav,voice data/human/human_gu_047.wav,human,Real Human Recording,Human_gu_047,Male,Gujarati Native,Gujarati,4.0,16000,Clean Speech,Human Gujarati speech sample 47
human_gu_048.wav,voice data/human/human_gu_048.wav,human,Real Human Recording,Human_gu_048,Female,Gujarati Native,Gujarati,4.0,16000,Clean Speech,Human Gujarati speech sample 48
human_gu_049.wav,voice data/human/human_gu_049.wav,human,Real Human Recording,Human_gu_049,Male,Gujarati Native,Gujarati,4.0,16000,Clean Speech,Human Gujarati speech sample 49
human_gu_050.wav,voice data/human/human_gu_050.wav,human,Real Human Recording,Human_gu_050,Female,Gujarati Native,Gujarati,4.0,16000,Ambient Noise Added,Human Gujarati speech sample 50
human_gu_051.wav,voice data/human/human_gu_051.wav,human,Real Human Recording,Human_gu_051,Male,Gujarati Native,Gujarati,4.0,16000,Ambient Noise Added,Human Gujarati speech sample 51
human_gu_052.wav,voice data/human/human_gu_052.wav,human,Real Human Recording,Human_gu_052,Female,Gujarati Native,Gujarati,4.0,16000,Clean Speech,Human Gujarati speech sample 52
human_gu_053.wav,voice data/human/human_gu_053.wav,human,Real Human Recording,Human_gu_053,Male,Gujarati Native,Gujarati,4.0,16000,Clean Speech,Human Gujarati speech sample 53
human_gu_054.wav,voice data/human/human_gu_054.wav,human,Real Human Recording,Human_gu_054,Female,Gujarati Native,Gujarati,4.0,16000,Clean Speech,Human Gujarati speech sample 54
human_gu_055.wav,voice data/human/human_gu_055.wav,human,Real Human Recording,Human_gu_055,Male,Gujarati Native,Gujarati,4.0,16000,Ambient Noise Added,Human Gujarati speech sample 55
human_gu_056.wav,voice data/human/human_gu_056.wav,human,Real Human Recording,Human_gu_056,Female,Gujarati Native,Gujarati,4.0,16000,Ambient Noise Added,Human Gujarati speech sample 56
human_gu_057.wav,voice data/human/human_gu_057.wav,human,Real Human Recording,Human_gu_057,Male,Gujarati Native,Gujarati,4.0,16000,Clean Speech,Human Gujarati speech sample 57
human_gu_058.wav,voice data/human/human_gu_058.wav,human,Real Human Recording,Human_gu_058,Female,Gujarati Native,Gujarati,4.0,16000,Clean Speech,Human Gujarati speech sample 58
human_gu_059.wav,voice data/human/human_gu_059.wav,human,Real Human Recording,Human_gu_059,Male,Gujarati Native,Gujarati,4.0,16000,Clean Speech,Human Gujarati speech sample 59
human_gu_060.wav,voice data/human/human_gu_060.wav,human,Real Human Recording,Human_gu_060,Female,Gujarati Native,Gujarati,4.0,16000,Ambient Noise Added,Human Gujarati speech sample 60
human_gu_061.wav,voice data/human/human_gu_061.wav,human,Real Human Recording,Human_gu_061,Male,Gujarati Native,Gujarati,4.0,16000,Ambient Noise Added,Human Gujarati speech sample 61
human_gu_062.wav,voice data/human/human_gu_062.wav,human,Real Human Recording,Human_gu_062,Female,Gujarati Native,Gujarati,4.0,16000,Clean Speech,Human Gujarati speech sample 62
human_gu_063.wav,voice data/human/human_gu_063.wav,human,Real Human Recording,Human_gu_063,Male,Gujarati Native,Gujarati,4.0,16000,Clean Speech,Human Gujarati speech sample 63
human_gu_064.wav,voice data/human/human_gu_064.wav,human,Real Human Recording,Human_gu_064,Female,Gujarati Native,Gujarati,4.0,16000,Clean Speech,Human Gujarati speech sample 64
human_gu_065.wav,voice data/human/human_gu_065.wav,human,Real Human Recording,Human_gu_065,Male,Gujarati Native,Gujarati,4.0,16000,Ambient Noise Added,Human Gujarati speech sample 65
human_gu_066.wav,voice data/human/human_gu_066.wav,human,Real Human Recording,Human_gu_066,Female,Gujarati Native,Gujarati,4.0,16000,Ambient Noise Added,Human Gujarati speech sample 66
human_gu_067.wav,voice data/human/human_gu_067.wav,human,Real Human Recording,Human_gu_067,Male,Gujarati Native,Gujarati,4.0,16000,Clean Speech,Human Gujarati speech sample 67
human_gu_068.wav,voice data/human/human_gu_068.wav,human,Real Human Recording,Human_gu_068,Female,Gujarati Native,Gujarati,4.0,16000,Clean Speech,Human Gujarati speech sample 68
human_gu_069.wav,voice data/human/human_gu_069.wav,human,Real Human Recording,Human_gu_069,Male,Gujarati Native,Gujarati,4.0,16000,Clean Speech,Human Gujarati speech sample 69
human_gu_070.wav,voice data/human/human_gu_070.wav,human,Real Human Recording,Human_gu_070,Female,Gujarati Native,Gujarati,4.0,16000,Ambient Noise Added,Human Gujarati speech sample 70
human_gu_071.wav,voice data/human/human_gu_071.wav,human,Real Human Recording,Human_gu_071,Male,Gujarati Native,Gujarati,4.0,16000,Ambient Noise Added,Human Gujarati speech sample 71
human_gu_072.wav,voice data/human/human_gu_072.wav,human,Real Human Recording,Human_gu_072,Female,Gujarati Native,Gujarati,4.0,16000,Clean Speech,Human Gujarati speech sample 72
human_gu_073.wav,voice data/human/human_gu_073.wav,human,Real Human Recording,Human_gu_073,Male,Gujarati Native,Gujarati,4.0,16000,Clean Speech,Human Gujarati speech sample 73
human_gu_074.wav,voice data/human/human_gu_074.wav,human,Real Human Recording,Human_gu_074,Female,Gujarati Native,Gujarati,4.0,16000,Clean Speech,Human Gujarati speech sample 74
human_gu_075.wav,voice data/human/human_gu_075.wav,human,Real Human Recording,Human_gu_075,Male,Gujarati Native,Gujarati,4.0,16000,Ambient Noise Added,Human Gujarati speech sample 75
human_kn_001.wav,voice data/human/human_kn_001.wav,human,Real Human Recording,Human_kn_001,Male,Kannada Native,Kannada,4.0,16000,Ambient Noise Added,Human Kannada speech sample 1
human_kn_002.wav,voice data/human/human_kn_002.wav,human,Real Human Recording,Human_kn_002,Female,Kannada Native,Kannada,4.0,16000,Clean Speech,Human Kannada speech sample 2
human_kn_003.wav,voice data/human/human_kn_003.wav,human,Real Human Recording,Human_kn_003,Male,Kannada Native,Kannada,4.0,16000,Clean Speech,Human Kannada speech sample 3
human_kn_004.wav,voice data/human/human_kn_004.wav,human,Real Human Recording,Human_kn_004,Female,Kannada Native,Kannada,4.0,16000,Clean Speech,Human Kannada speech sample 4
human_kn_005.wav,voice data/human/human_kn_005.wav,human,Real Human Recording,Human_kn_005,Male,Kannada Native,Kannada,4.0,16000,Ambient Noise Added,Human Kannada speech sample 5
human_kn_006.wav,voice data/human/human_kn_006.wav,human,Real Human Recording,Human_kn_006,Female,Kannada Native,Kannada,4.0,16000,Ambient Noise Added,Human Kannada speech sample 6
human_kn_007.wav,voice data/human/human_kn_007.wav,human,Real Human Recording,Human_kn_007,Male,Kannada Native,Kannada,4.0,16000,Clean Speech,Human Kannada speech sample 7
human_kn_008.wav,voice data/human/human_kn_008.wav,human,Real Human Recording,Human_kn_008,Female,Kannada Native,Kannada,4.0,16000,Clean Speech,Human Kannada speech sample 8
human_kn_009.wav,voice data/human/human_kn_009.wav,human,Real Human Recording,Human_kn_009,Male,Kannada Native,Kannada,4.0,16000,Clean Speech,Human Kannada speech sample 9
human_kn_010.wav,voice data/human/human_kn_010.wav,human,Real Human Recording,Human_kn_010,Female,Kannada Native,Kannada,4.0,16000,Ambient Noise Added,Human Kannada speech sample 10
human_kn_011.wav,voice data/human/human_kn_011.wav,human,Real Human Recording,Human_kn_011,Male,Kannada Native,Kannada,4.0,16000,Ambient Noise Added,Human Kannada speech sample 11
human_kn_012.wav,voice data/human/human_kn_012.wav,human,Real Human Recording,Human_kn_012,Female,Kannada Native,Kannada,4.0,16000,Clean Speech,Human Kannada speech sample 12
human_kn_013.wav,voice data/human/human_kn_013.wav,human,Real Human Recording,Human_kn_013,Male,Kannada Native,Kannada,4.0,16000,Clean Speech,Human Kannada speech sample 13
human_kn_014.wav,voice data/human/human_kn_014.wav,human,Real Human Recording,Human_kn_014,Female,Kannada Native,Kannada,4.0,16000,Clean Speech,Human Kannada speech sample 14
human_kn_015.wav,voice data/human/human_kn_015.wav,human,Real Human Recording,Human_kn_015,Male,Kannada Native,Kannada,4.0,16000,Ambient Noise Added,Human Kannada speech sample 15
human_kn_016.wav,voice data/human/human_kn_016.wav,human,Real Human Recording,Human_kn_016,Female,Kannada Native,Kannada,4.0,16000,Ambient Noise Added,Human Kannada speech sample 16
human_kn_017.wav,voice data/human/human_kn_017.wav,human,Real Human Recording,Human_kn_017,Male,Kannada Native,Kannada,4.0,16000,Clean Speech,Human Kannada speech sample 17
human_kn_018.wav,voice data/human/human_kn_018.wav,human,Real Human Recording,Human_kn_018,Female,Kannada Native,Kannada,4.0,16000,Clean Speech,Human Kannada speech sample 18
human_kn_019.wav,voice data/human/human_kn_019.wav,human,Real Human Recording,Human_kn_019,Male,Kannada Native,Kannada,4.0,16000,Clean Speech,Human Kannada speech sample 19
human_kn_020.wav,voice data/human/human_kn_020.wav,human,Real Human Recording,Human_kn_020,Female,Kannada Native,Kannada,4.0,16000,Ambient Noise Added,Human Kannada speech sample 20
human_kn_021.wav,voice data/human/human_kn_021.wav,human,Real Human Recording,Human_kn_021,Male,Kannada Native,Kannada,4.0,16000,Ambient Noise Added,Human Kannada speech sample 21
human_kn_022.wav,voice data/human/human_kn_022.wav,human,Real Human Recording,Human_kn_022,Female,Kannada Native,Kannada,4.0,16000,Clean Speech,Human Kannada speech sample 22
human_kn_023.wav,voice data/human/human_kn_023.wav,human,Real Human Recording,Human_kn_023,Male,Kannada Native,Kannada,4.0,16000,Clean Speech,Human Kannada speech sample 23
human_kn_024.wav,voice data/human/human_kn_024.wav,human,Real Human Recording,Human_kn_024,Female,Kannada Native,Kannada,4.0,16000,Clean Speech,Human Kannada speech sample 24
human_kn_025.wav,voice data/human/human_kn_025.wav,human,Real Human Recording,Human_kn_025,Male,Kannada Native,Kannada,4.0,16000,Ambient Noise Added,Human Kannada speech sample 25
human_kn_026.wav,voice data/human/human_kn_026.wav,human,Real Human Recording,Human_kn_026,Female,Kannada Native,Kannada,4.0,16000,Ambient Noise Added,Human Kannada speech sample 26
human_kn_027.wav,voice data/human/human_kn_027.wav,human,Real Human Recording,Human_kn_027,Male,Kannada Native,Kannada,4.0,16000,Clean Speech,Human Kannada speech sample 27
human_kn_028.wav,voice data/human/human_kn_028.wav,human,Real Human Recording,Human_kn_028,Female,Kannada Native,Kannada,4.0,16000,Clean Speech,Human Kannada speech sample 28
human_kn_029.wav,voice data/human/human_kn_029.wav,human,Real Human Recording,Human_kn_029,Male,Kannada Native,Kannada,4.0,16000,Clean Speech,Human Kannada speech sample 29
human_kn_030.wav,voice data/human/human_kn_030.wav,human,Real Human Recording,Human_kn_030,Female,Kannada Native,Kannada,4.0,16000,Ambient Noise Added,Human Kannada speech sample 30
human_kn_031.wav,voice data/human/human_kn_031.wav,human,Real Human Recording,Human_kn_031,Male,Kannada Native,Kannada,4.0,16000,Ambient Noise Added,Human Kannada speech sample 31
human_kn_032.wav,voice data/human/human_kn_032.wav,human,Real Human Recording,Human_kn_032,Female,Kannada Native,Kannada,4.0,16000,Clean Speech,Human Kannada speech sample 32
human_kn_033.wav,voice data/human/human_kn_033.wav,human,Real Human Recording,Human_kn_033,Male,Kannada Native,Kannada,4.0,16000,Clean Speech,Human Kannada speech sample 33
human_kn_034.wav,voice data/human/human_kn_034.wav,human,Real Human Recording,Human_kn_034,Female,Kannada Native,Kannada,4.0,16000,Clean Speech,Human Kannada speech sample 34
human_kn_035.wav,voice data/human/human_kn_035.wav,human,Real Human Recording,Human_kn_035,Male,Kannada Native,Kannada,4.0,16000,Ambient Noise Added,Human Kannada speech sample 35
human_kn_036.wav,voice data/human/human_kn_036.wav,human,Real Human Recording,Human_kn_036,Female,Kannada Native,Kannada,4.0,16000,Ambient Noise Added,Human Kannada speech sample 36
human_kn_037.wav,voice data/human/human_kn_037.wav,human,Real Human Recording,Human_kn_037,Male,Kannada Native,Kannada,4.0,16000,Clean Speech,Human Kannada speech sample 37
human_kn_038.wav,voice data/human/human_kn_038.wav,human,Real Human Recording,Human_kn_038,Female,Kannada Native,Kannada,4.0,16000,Clean Speech,Human Kannada speech sample 38
human_kn_039.wav,voice data/human/human_kn_039.wav,human,Real Human Recording,Human_kn_039,Male,Kannada Native,Kannada,4.0,16000,Clean Speech,Human Kannada speech sample 39
human_kn_040.wav,voice data/human/human_kn_040.wav,human,Real Human Recording,Human_kn_040,Female,Kannada Native,Kannada,4.0,16000,Ambient Noise Added,Human Kannada speech sample 40
human_kn_041.wav,voice data/human/human_kn_041.wav,human,Real Human Recording,Human_kn_041,Male,Kannada Native,Kannada,4.0,16000,Ambient Noise Added,Human Kannada speech sample 41
human_kn_042.wav,voice data/human/human_kn_042.wav,human,Real Human Recording,Human_kn_042,Female,Kannada Native,Kannada,4.0,16000,Clean Speech,Human Kannada speech sample 42
human_kn_043.wav,voice data/human/human_kn_043.wav,human,Real Human Recording,Human_kn_043,Male,Kannada Native,Kannada,4.0,16000,Clean Speech,Human Kannada speech sample 43
human_kn_044.wav,voice data/human/human_kn_044.wav,human,Real Human Recording,Human_kn_044,Female,Kannada Native,Kannada,4.0,16000,Clean Speech,Human Kannada speech sample 44
human_kn_045.wav,voice data/human/human_kn_045.wav,human,Real Human Recording,Human_kn_045,Male,Kannada Native,Kannada,4.0,16000,Ambient Noise Added,Human Kannada speech sample 45
human_kn_046.wav,voice data/human/human_kn_046.wav,human,Real Human Recording,Human_kn_046,Female,Kannada Native,Kannada,4.0,16000,Ambient Noise Added,Human Kannada speech sample 46
human_kn_047.wav,voice data/human/human_kn_047.wav,human,Real Human Recording,Human_kn_047,Male,Kannada Native,Kannada,4.0,16000,Clean Speech,Human Kannada speech sample 47
human_kn_048.wav,voice data/human/human_kn_048.wav,human,Real Human Recording,Human_kn_048,Female,Kannada Native,Kannada,4.0,16000,Clean Speech,Human Kannada speech sample 48
human_kn_049.wav,voice data/human/human_kn_049.wav,human,Real Human Recording,Human_kn_049,Male,Kannada Native,Kannada,4.0,16000,Clean Speech,Human Kannada speech sample 49
human_kn_050.wav,voice data/human/human_kn_050.wav,human,Real Human Recording,Human_kn_050,Female,Kannada Native,Kannada,4.0,16000,Ambient Noise Added,Human Kannada speech sample 50
human_kn_051.wav,voice data/human/human_kn_051.wav,human,Real Human Recording,Human_kn_051,Male,Kannada Native,Kannada,4.0,16000,Ambient Noise Added,Human Kannada speech sample 51
human_kn_052.wav,voice data/human/human_kn_052.wav,human,Real Human Recording,Human_kn_052,Female,Kannada Native,Kannada,4.0,16000,Clean Speech,Human Kannada speech sample 52
human_kn_053.wav,voice data/human/human_kn_053.wav,human,Real Human Recording,Human_kn_053,Male,Kannada Native,Kannada,4.0,16000,Clean Speech,Human Kannada speech sample 53
human_kn_054.wav,voice data/human/human_kn_054.wav,human,Real Human Recording,Human_kn_054,Female,Kannada Native,Kannada,4.0,16000,Clean Speech,Human Kannada speech sample 54
human_kn_055.wav,voice data/human/human_kn_055.wav,human,Real Human Recording,Human_kn_055,Male,Kannada Native,Kannada,4.0,16000,Ambient Noise Added,Human Kannada speech sample 55
human_kn_056.wav,voice data/human/human_kn_056.wav,human,Real Human Recording,Human_kn_056,Female,Kannada Native,Kannada,4.0,16000,Ambient Noise Added,Human Kannada speech sample 56
human_kn_057.wav,voice data/human/human_kn_057.wav,human,Real Human Recording,Human_kn_057,Male,Kannada Native,Kannada,4.0,16000,Clean Speech,Human Kannada speech sample 57
human_kn_058.wav,voice data/human/human_kn_058.wav,human,Real Human Recording,Human_kn_058,Female,Kannada Native,Kannada,4.0,16000,Clean Speech,Human Kannada speech sample 58
human_kn_059.wav,voice data/human/human_kn_059.wav,human,Real Human Recording,Human_kn_059,Male,Kannada Native,Kannada,4.0,16000,Clean Speech,Human Kannada speech sample 59
human_kn_060.wav,voice data/human/human_kn_060.wav,human,Real Human Recording,Human_kn_060,Female,Kannada Native,Kannada,4.0,16000,Ambient Noise Added,Human Kannada speech sample 60
human_kn_061.wav,voice data/human/human_kn_061.wav,human,Real Human Recording,Human_kn_061,Male,Kannada Native,Kannada,4.0,16000,Ambient Noise Added,Human Kannada speech sample 61
human_kn_062.wav,voice data/human/human_kn_062.wav,human,Real Human Recording,Human_kn_062,Female,Kannada Native,Kannada,4.0,16000,Clean Speech,Human Kannada speech sample 62
human_kn_063.wav,voice data/human/human_kn_063.wav,human,Real Human Recording,Human_kn_063,Male,Kannada Native,Kannada,4.0,16000,Clean Speech,Human Kannada speech sample 63
human_kn_064.wav,voice data/human/human_kn_064.wav,human,Real Human Recording,Human_kn_064,Female,Kannada Native,Kannada,4.0,16000,Clean Speech,Human Kannada speech sample 64
human_kn_065.wav,voice data/human/human_kn_065.wav,human,Real Human Recording,Human_kn_065,Male,Kannada Native,Kannada,4.0,16000,Ambient Noise Added,Human Kannada speech sample 65
human_kn_066.wav,voice data/human/human_kn_066.wav,human,Real Human Recording,Human_kn_066,Female,Kannada Native,Kannada,4.0,16000,Ambient Noise Added,Human Kannada speech sample 66
human_kn_067.wav,voice data/human/human_kn_067.wav,human,Real Human Recording,Human_kn_067,Male,Kannada Native,Kannada,4.0,16000,Clean Speech,Human Kannada speech sample 67
human_kn_068.wav,voice data/human/human_kn_068.wav,human,Real Human Recording,Human_kn_068,Female,Kannada Native,Kannada,4.0,16000,Clean Speech,Human Kannada speech sample 68
human_kn_069.wav,voice data/human/human_kn_069.wav,human,Real Human Recording,Human_kn_069,Male,Kannada Native,Kannada,4.0,16000,Clean Speech,Human Kannada speech sample 69
human_kn_070.wav,voice data/human/human_kn_070.wav,human,Real Human Recording,Human_kn_070,Female,Kannada Native,Kannada,4.0,16000,Ambient Noise Added,Human Kannada speech sample 70
human_kn_071.wav,voice data/human/human_kn_071.wav,human,Real Human Recording,Human_kn_071,Male,Kannada Native,Kannada,4.0,16000,Ambient Noise Added,Human Kannada speech sample 71
human_kn_072.wav,voice data/human/human_kn_072.wav,human,Real Human Recording,Human_kn_072,Female,Kannada Native,Kannada,4.0,16000,Clean Speech,Human Kannada speech sample 72
human_kn_073.wav,voice data/human/human_kn_073.wav,human,Real Human Recording,Human_kn_073,Male,Kannada Native,Kannada,4.0,16000,Clean Speech,Human Kannada speech sample 73
human_kn_074.wav,voice data/human/human_kn_074.wav,human,Real Human Recording,Human_kn_074,Female,Kannada Native,Kannada,4.0,16000,Clean Speech,Human Kannada speech sample 74
human_kn_075.wav,voice data/human/human_kn_075.wav,human,Real Human Recording,Human_kn_075,Male,Kannada Native,Kannada,4.0,16000,Ambient Noise Added,Human Kannada speech sample 75
human_ml_001.wav,voice data/human/human_ml_001.wav,human,Real Human Recording,Human_ml_001,Male,Malayalam Native,Malayalam,4.0,16000,Ambient Noise Added,Human Malayalam speech sample 1
human_ml_002.wav,voice data/human/human_ml_002.wav,human,Real Human Recording,Human_ml_002,Female,Malayalam Native,Malayalam,4.0,16000,Clean Speech,Human Malayalam speech sample 2
human_ml_003.wav,voice data/human/human_ml_003.wav,human,Real Human Recording,Human_ml_003,Male,Malayalam Native,Malayalam,4.0,16000,Clean Speech,Human Malayalam speech sample 3
human_ml_004.wav,voice data/human/human_ml_004.wav,human,Real Human Recording,Human_ml_004,Female,Malayalam Native,Malayalam,4.0,16000,Clean Speech,Human Malayalam speech sample 4
human_ml_005.wav,voice data/human/human_ml_005.wav,human,Real Human Recording,Human_ml_005,Male,Malayalam Native,Malayalam,4.0,16000,Ambient Noise Added,Human Malayalam speech sample 5
human_ml_006.wav,voice data/human/human_ml_006.wav,human,Real Human Recording,Human_ml_006,Female,Malayalam Native,Malayalam,4.0,16000,Ambient Noise Added,Human Malayalam speech sample 6
human_ml_007.wav,voice data/human/human_ml_007.wav,human,Real Human Recording,Human_ml_007,Male,Malayalam Native,Malayalam,4.0,16000,Clean Speech,Human Malayalam speech sample 7
human_ml_008.wav,voice data/human/human_ml_008.wav,human,Real Human Recording,Human_ml_008,Female,Malayalam Native,Malayalam,4.0,16000,Clean Speech,Human Malayalam speech sample 8
human_ml_009.wav,voice data/human/human_ml_009.wav,human,Real Human Recording,Human_ml_009,Male,Malayalam Native,Malayalam,4.0,16000,Clean Speech,Human Malayalam speech sample 9
human_ml_010.wav,voice data/human/human_ml_010.wav,human,Real Human Recording,Human_ml_010,Female,Malayalam Native,Malayalam,4.0,16000,Ambient Noise Added,Human Malayalam speech sample 10
human_ml_011.wav,voice data/human/human_ml_011.wav,human,Real Human Recording,Human_ml_011,Male,Malayalam Native,Malayalam,4.0,16000,Ambient Noise Added,Human Malayalam speech sample 11
human_ml_012.wav,voice data/human/human_ml_012.wav,human,Real Human Recording,Human_ml_012,Female,Malayalam Native,Malayalam,4.0,16000,Clean Speech,Human Malayalam speech sample 12
human_ml_013.wav,voice data/human/human_ml_013.wav,human,Real Human Recording,Human_ml_013,Male,Malayalam Native,Malayalam,4.0,16000,Clean Speech,Human Malayalam speech sample 13
human_ml_014.wav,voice data/human/human_ml_014.wav,human,Real Human Recording,Human_ml_014,Female,Malayalam Native,Malayalam,4.0,16000,Clean Speech,Human Malayalam speech sample 14
human_ml_015.wav,voice data/human/human_ml_015.wav,human,Real Human Recording,Human_ml_015,Male,Malayalam Native,Malayalam,4.0,16000,Ambient Noise Added,Human Malayalam speech sample 15
human_ml_016.wav,voice data/human/human_ml_016.wav,human,Real Human Recording,Human_ml_016,Female,Malayalam Native,Malayalam,4.0,16000,Ambient Noise Added,Human Malayalam speech sample 16
human_ml_017.wav,voice data/human/human_ml_017.wav,human,Real Human Recording,Human_ml_017,Male,Malayalam Native,Malayalam,4.0,16000,Clean Speech,Human Malayalam speech sample 17
human_ml_018.wav,voice data/human/human_ml_018.wav,human,Real Human Recording,Human_ml_018,Female,Malayalam Native,Malayalam,4.0,16000,Clean Speech,Human Malayalam speech sample 18
human_ml_019.wav,voice data/human/human_ml_019.wav,human,Real Human Recording,Human_ml_019,Male,Malayalam Native,Malayalam,4.0,16000,Clean Speech,Human Malayalam speech sample 19
human_ml_020.wav,voice data/human/human_ml_020.wav,human,Real Human Recording,Human_ml_020,Female,Malayalam Native,Malayalam,4.0,16000,Ambient Noise Added,Human Malayalam speech sample 20
human_ml_021.wav,voice data/human/human_ml_021.wav,human,Real Human Recording,Human_ml_021,Male,Malayalam Native,Malayalam,4.0,16000,Ambient Noise Added,Human Malayalam speech sample 21
human_ml_022.wav,voice data/human/human_ml_022.wav,human,Real Human Recording,Human_ml_022,Female,Malayalam Native,Malayalam,4.0,16000,Clean Speech,Human Malayalam speech sample 22
human_ml_023.wav,voice data/human/human_ml_023.wav,human,Real Human Recording,Human_ml_023,Male,Malayalam Native,Malayalam,4.0,16000,Clean Speech,Human Malayalam speech sample 23
human_ml_024.wav,voice data/human/human_ml_024.wav,human,Real Human Recording,Human_ml_024,Female,Malayalam Native,Malayalam,4.0,16000,Clean Speech,Human Malayalam speech sample 24
human_ml_025.wav,voice data/human/human_ml_025.wav,human,Real Human Recording,Human_ml_025,Male,Malayalam Native,Malayalam,4.0,16000,Ambient Noise Added,Human Malayalam speech sample 25
human_ml_026.wav,voice data/human/human_ml_026.wav,human,Real Human Recording,Human_ml_026,Female,Malayalam Native,Malayalam,4.0,16000,Ambient Noise Added,Human Malayalam speech sample 26
human_ml_027.wav,voice data/human/human_ml_027.wav,human,Real Human Recording,Human_ml_027,Male,Malayalam Native,Malayalam,4.0,16000,Clean Speech,Human Malayalam speech sample 27
human_ml_028.wav,voice data/human/human_ml_028.wav,human,Real Human Recording,Human_ml_028,Female,Malayalam Native,Malayalam,4.0,16000,Clean Speech,Human Malayalam speech sample 28
human_ml_029.wav,voice data/human/human_ml_029.wav,human,Real Human Recording,Human_ml_029,Male,Malayalam Native,Malayalam,4.0,16000,Clean Speech,Human Malayalam speech sample 29
human_ml_030.wav,voice data/human/human_ml_030.wav,human,Real Human Recording,Human_ml_030,Female,Malayalam Native,Malayalam,4.0,16000,Ambient Noise Added,Human Malayalam speech sample 30
human_ml_031.wav,voice data/human/human_ml_031.wav,human,Real Human Recording,Human_ml_031,Male,Malayalam Native,Malayalam,4.0,16000,Ambient Noise Added,Human Malayalam speech sample 31
human_ml_032.wav,voice data/human/human_ml_032.wav,human,Real Human Recording,Human_ml_032,Female,Malayalam Native,Malayalam,4.0,16000,Clean Speech,Human Malayalam speech sample 32
human_ml_033.wav,voice data/human/human_ml_033.wav,human,Real Human Recording,Human_ml_033,Male,Malayalam Native,Malayalam,4.0,16000,Clean Speech,Human Malayalam speech sample 33
human_ml_034.wav,voice data/human/human_ml_034.wav,human,Real Human Recording,Human_ml_034,Female,Malayalam Native,Malayalam,4.0,16000,Clean Speech,Human Malayalam speech sample 34
human_ml_035.wav,voice data/human/human_ml_035.wav,human,Real Human Recording,Human_ml_035,Male,Malayalam Native,Malayalam,4.0,16000,Ambient Noise Added,Human Malayalam speech sample 35
human_ml_036.wav,voice data/human/human_ml_036.wav,human,Real Human Recording,Human_ml_036,Female,Malayalam Native,Malayalam,4.0,16000,Ambient Noise Added,Human Malayalam speech sample 36
human_ml_037.wav,voice data/human/human_ml_037.wav,human,Real Human Recording,Human_ml_037,Male,Malayalam Native,Malayalam,4.0,16000,Clean Speech,Human Malayalam speech sample 37
human_ml_038.wav,voice data/human/human_ml_038.wav,human,Real Human Recording,Human_ml_038,Female,Malayalam Native,Malayalam,4.0,16000,Clean Speech,Human Malayalam speech sample 38
human_ml_039.wav,voice data/human/human_ml_039.wav,human,Real Human Recording,Human_ml_039,Male,Malayalam Native,Malayalam,4.0,16000,Clean Speech,Human Malayalam speech sample 39
human_ml_040.wav,voice data/human/human_ml_040.wav,human,Real Human Recording,Human_ml_040,Female,Malayalam Native,Malayalam,4.0,16000,Ambient Noise Added,Human Malayalam speech sample 40
human_ml_041.wav,voice data/human/human_ml_041.wav,human,Real Human Recording,Human_ml_041,Male,Malayalam Native,Malayalam,4.0,16000,Ambient Noise Added,Human Malayalam speech sample 41
human_ml_042.wav,voice data/human/human_ml_042.wav,human,Real Human Recording,Human_ml_042,Female,Malayalam Native,Malayalam,4.0,16000,Clean Speech,Human Malayalam speech sample 42
human_ml_043.wav,voice data/human/human_ml_043.wav,human,Real Human Recording,Human_ml_043,Male,Malayalam Native,Malayalam,4.0,16000,Clean Speech,Human Malayalam speech sample 43
human_ml_044.wav,voice data/human/human_ml_044.wav,human,Real Human Recording,Human_ml_044,Female,Malayalam Native,Malayalam,4.0,16000,Clean Speech,Human Malayalam speech sample 44
human_ml_045.wav,voice data/human/human_ml_045.wav,human,Real Human Recording,Human_ml_045,Male,Malayalam Native,Malayalam,4.0,16000,Ambient Noise Added,Human Malayalam speech sample 45
human_ml_046.wav,voice data/human/human_ml_046.wav,human,Real Human Recording,Human_ml_046,Female,Malayalam Native,Malayalam,4.0,16000,Ambient Noise Added,Human Malayalam speech sample 46
human_ml_047.wav,voice data/human/human_ml_047.wav,human,Real Human Recording,Human_ml_047,Male,Malayalam Native,Malayalam,4.0,16000,Clean Speech,Human Malayalam speech sample 47
human_ml_048.wav,voice data/human/human_ml_048.wav,human,Real Human Recording,Human_ml_048,Female,Malayalam Native,Malayalam,4.0,16000,Clean Speech,Human Malayalam speech sample 48
human_ml_049.wav,voice data/human/human_ml_049.wav,human,Real Human Recording,Human_ml_049,Male,Malayalam Native,Malayalam,4.0,16000,Clean Speech,Human Malayalam speech sample 49
human_ml_050.wav,voice data/human/human_ml_050.wav,human,Real Human Recording,Human_ml_050,Female,Malayalam Native,Malayalam,4.0,16000,Ambient Noise Added,Human Malayalam speech sample 50
human_ml_051.wav,voice data/human/human_ml_051.wav,human,Real Human Recording,Human_ml_051,Male,Malayalam Native,Malayalam,4.0,16000,Ambient Noise Added,Human Malayalam speech sample 51
human_ml_052.wav,voice data/human/human_ml_052.wav,human,Real Human Recording,Human_ml_052,Female,Malayalam Native,Malayalam,4.0,16000,Clean Speech,Human Malayalam speech sample 52
human_ml_053.wav,voice data/human/human_ml_053.wav,human,Real Human Recording,Human_ml_053,Male,Malayalam Native,Malayalam,4.0,16000,Clean Speech,Human Malayalam speech sample 53
human_ml_054.wav,voice data/human/human_ml_054.wav,human,Real Human Recording,Human_ml_054,Female,Malayalam Native,Malayalam,4.0,16000,Clean Speech,Human Malayalam speech sample 54
human_ml_055.wav,voice data/human/human_ml_055.wav,human,Real Human Recording,Human_ml_055,Male,Malayalam Native,Malayalam,4.0,16000,Ambient Noise Added,Human Malayalam speech sample 55
human_ml_056.wav,voice data/human/human_ml_056.wav,human,Real Human Recording,Human_ml_056,Female,Malayalam Native,Malayalam,4.0,16000,Ambient Noise Added,Human Malayalam speech sample 56
human_ml_057.wav,voice data/human/human_ml_057.wav,human,Real Human Recording,Human_ml_057,Male,Malayalam Native,Malayalam,4.0,16000,Clean Speech,Human Malayalam speech sample 57
human_ml_058.wav,voice data/human/human_ml_058.wav,human,Real Human Recording,Human_ml_058,Female,Malayalam Native,Malayalam,4.0,16000,Clean Speech,Human Malayalam speech sample 58
human_ml_059.wav,voice data/human/human_ml_059.wav,human,Real Human Recording,Human_ml_059,Male,Malayalam Native,Malayalam,4.0,16000,Clean Speech,Human Malayalam speech sample 59
human_ml_060.wav,voice data/human/human_ml_060.wav,human,Real Human Recording,Human_ml_060,Female,Malayalam Native,Malayalam,4.0,16000,Ambient Noise Added,Human Malayalam speech sample 60
human_ml_061.wav,voice data/human/human_ml_061.wav,human,Real Human Recording,Human_ml_061,Male,Malayalam Native,Malayalam,4.0,16000,Ambient Noise Added,Human Malayalam speech sample 61
human_ml_062.wav,voice data/human/human_ml_062.wav,human,Real Human Recording,Human_ml_062,Female,Malayalam Native,Malayalam,4.0,16000,Clean Speech,Human Malayalam speech sample 62
human_ml_063.wav,voice data/human/human_ml_063.wav,human,Real Human Recording,Human_ml_063,Male,Malayalam Native,Malayalam,4.0,16000,Clean Speech,Human Malayalam speech sample 63
human_ml_064.wav,voice data/human/human_ml_064.wav,human,Real Human Recording,Human_ml_064,Female,Malayalam Native,Malayalam,4.0,16000,Clean Speech,Human Malayalam speech sample 64
human_ml_065.wav,voice data/human/human_ml_065.wav,human,Real Human Recording,Human_ml_065,Male,Malayalam Native,Malayalam,4.0,16000,Ambient Noise Added,Human Malayalam speech sample 65
human_ml_066.wav,voice data/human/human_ml_066.wav,human,Real Human Recording,Human_ml_066,Female,Malayalam Native,Malayalam,4.0,16000,Ambient Noise Added,Human Malayalam speech sample 66
human_ml_067.wav,voice data/human/human_ml_067.wav,human,Real Human Recording,Human_ml_067,Male,Malayalam Native,Malayalam,4.0,16000,Clean Speech,Human Malayalam speech sample 67
human_ml_068.wav,voice data/human/human_ml_068.wav,human,Real Human Recording,Human_ml_068,Female,Malayalam Native,Malayalam,4.0,16000,Clean Speech,Human Malayalam speech sample 68
human_ml_069.wav,voice data/human/human_ml_069.wav,human,Real Human Recording,Human_ml_069,Male,Malayalam Native,Malayalam,4.0,16000,Clean Speech,Human Malayalam speech sample 69
human_ml_070.wav,voice data/human/human_ml_070.wav,human,Real Human Recording,Human_ml_070,Female,Malayalam Native,Malayalam,4.0,16000,Ambient Noise Added,Human Malayalam speech sample 70
human_ml_071.wav,voice data/human/human_ml_071.wav,human,Real Human Recording,Human_ml_071,Male,Malayalam Native,Malayalam,4.0,16000,Ambient Noise Added,Human Malayalam speech sample 71
human_ml_072.wav,voice data/human/human_ml_072.wav,human,Real Human Recording,Human_ml_072,Female,Malayalam Native,Malayalam,4.0,16000,Clean Speech,Human Malayalam speech sample 72
human_ml_073.wav,voice data/human/human_ml_073.wav,human,Real Human Recording,Human_ml_073,Male,Malayalam Native,Malayalam,4.0,16000,Clean Speech,Human Malayalam speech sample 73
human_ml_074.wav,voice data/human/human_ml_074.wav,human,Real Human Recording,Human_ml_074,Female,Malayalam Native,Malayalam,4.0,16000,Clean Speech,Human Malayalam speech sample 74
human_ml_075.wav,voice data/human/human_ml_075.wav,human,Real Human Recording,Human_ml_075,Male,Malayalam Native,Malayalam,4.0,16000,Ambient Noise Added,Human Malayalam speech sample 75
human_pa_001.wav,voice data/human/human_pa_001.wav,human,Real Human Recording,Human_pa_001,Male,Punjabi Native,Punjabi,4.0,16000,Ambient Noise Added,Human Punjabi speech sample 1
human_pa_002.wav,voice data/human/human_pa_002.wav,human,Real Human Recording,Human_pa_002,Female,Punjabi Native,Punjabi,4.0,16000,Clean Speech,Human Punjabi speech sample 2
human_pa_003.wav,voice data/human/human_pa_003.wav,human,Real Human Recording,Human_pa_003,Male,Punjabi Native,Punjabi,4.0,16000,Clean Speech,Human Punjabi speech sample 3
human_pa_004.wav,voice data/human/human_pa_004.wav,human,Real Human Recording,Human_pa_004,Female,Punjabi Native,Punjabi,4.0,16000,Clean Speech,Human Punjabi speech sample 4
human_pa_005.wav,voice data/human/human_pa_005.wav,human,Real Human Recording,Human_pa_005,Male,Punjabi Native,Punjabi,4.0,16000,Ambient Noise Added,Human Punjabi speech sample 5
human_pa_006.wav,voice data/human/human_pa_006.wav,human,Real Human Recording,Human_pa_006,Female,Punjabi Native,Punjabi,4.0,16000,Ambient Noise Added,Human Punjabi speech sample 6
human_pa_007.wav,voice data/human/human_pa_007.wav,human,Real Human Recording,Human_pa_007,Male,Punjabi Native,Punjabi,4.0,16000,Clean Speech,Human Punjabi speech sample 7
human_pa_008.wav,voice data/human/human_pa_008.wav,human,Real Human Recording,Human_pa_008,Female,Punjabi Native,Punjabi,4.0,16000,Clean Speech,Human Punjabi speech sample 8
human_pa_009.wav,voice data/human/human_pa_009.wav,human,Real Human Recording,Human_pa_009,Male,Punjabi Native,Punjabi,4.0,16000,Clean Speech,Human Punjabi speech sample 9
human_pa_010.wav,voice data/human/human_pa_010.wav,human,Real Human Recording,Human_pa_010,Female,Punjabi Native,Punjabi,4.0,16000,Ambient Noise Added,Human Punjabi speech sample 10
human_pa_011.wav,voice data/human/human_pa_011.wav,human,Real Human Recording,Human_pa_011,Male,Punjabi Native,Punjabi,4.0,16000,Ambient Noise Added,Human Punjabi speech sample 11
human_pa_012.wav,voice data/human/human_pa_012.wav,human,Real Human Recording,Human_pa_012,Female,Punjabi Native,Punjabi,4.0,16000,Clean Speech,Human Punjabi speech sample 12
human_pa_013.wav,voice data/human/human_pa_013.wav,human,Real Human Recording,Human_pa_013,Male,Punjabi Native,Punjabi,4.0,16000,Clean Speech,Human Punjabi speech sample 13
human_pa_014.wav,voice data/human/human_pa_014.wav,human,Real Human Recording,Human_pa_014,Female,Punjabi Native,Punjabi,4.0,16000,Clean Speech,Human Punjabi speech sample 14
human_pa_015.wav,voice data/human/human_pa_015.wav,human,Real Human Recording,Human_pa_015,Male,Punjabi Native,Punjabi,4.0,16000,Ambient Noise Added,Human Punjabi speech sample 15
human_pa_016.wav,voice data/human/human_pa_016.wav,human,Real Human Recording,Human_pa_016,Female,Punjabi Native,Punjabi,4.0,16000,Ambient Noise Added,Human Punjabi speech sample 16
human_pa_017.wav,voice data/human/human_pa_017.wav,human,Real Human Recording,Human_pa_017,Male,Punjabi Native,Punjabi,4.0,16000,Clean Speech,Human Punjabi speech sample 17
human_pa_018.wav,voice data/human/human_pa_018.wav,human,Real Human Recording,Human_pa_018,Female,Punjabi Native,Punjabi,4.0,16000,Clean Speech,Human Punjabi speech sample 18
human_pa_019.wav,voice data/human/human_pa_019.wav,human,Real Human Recording,Human_pa_019,Male,Punjabi Native,Punjabi,4.0,16000,Clean Speech,Human Punjabi speech sample 19
human_pa_020.wav,voice data/human/human_pa_020.wav,human,Real Human Recording,Human_pa_020,Female,Punjabi Native,Punjabi,4.0,16000,Ambient Noise Added,Human Punjabi speech sample 20
human_pa_021.wav,voice data/human/human_pa_021.wav,human,Real Human Recording,Human_pa_021,Male,Punjabi Native,Punjabi,4.0,16000,Ambient Noise Added,Human Punjabi speech sample 21
human_pa_022.wav,voice data/human/human_pa_022.wav,human,Real Human Recording,Human_pa_022,Female,Punjabi Native,Punjabi,4.0,16000,Clean Speech,Human Punjabi speech sample 22
human_pa_023.wav,voice data/human/human_pa_023.wav,human,Real Human Recording,Human_pa_023,Male,Punjabi Native,Punjabi,4.0,16000,Clean Speech,Human Punjabi speech sample 23
human_pa_024.wav,voice data/human/human_pa_024.wav,human,Real Human Recording,Human_pa_024,Female,Punjabi Native,Punjabi,4.0,16000,Clean Speech,Human Punjabi speech sample 24
human_pa_025.wav,voice data/human/human_pa_025.wav,human,Real Human Recording,Human_pa_025,Male,Punjabi Native,Punjabi,4.0,16000,Ambient Noise Added,Human Punjabi speech sample 25
human_pa_026.wav,voice data/human/human_pa_026.wav,human,Real Human Recording,Human_pa_026,Female,Punjabi Native,Punjabi,4.0,16000,Ambient Noise Added,Human Punjabi speech sample 26
human_pa_027.wav,voice data/human/human_pa_027.wav,human,Real Human Recording,Human_pa_027,Male,Punjabi Native,Punjabi,4.0,16000,Clean Speech,Human Punjabi speech sample 27
human_pa_028.wav,voice data/human/human_pa_028.wav,human,Real Human Recording,Human_pa_028,Female,Punjabi Native,Punjabi,4.0,16000,Clean Speech,Human Punjabi speech sample 28
human_pa_029.wav,voice data/human/human_pa_029.wav,human,Real Human Recording,Human_pa_029,Male,Punjabi Native,Punjabi,4.0,16000,Clean Speech,Human Punjabi speech sample 29
human_pa_030.wav,voice data/human/human_pa_030.wav,human,Real Human Recording,Human_pa_030,Female,Punjabi Native,Punjabi,4.0,16000,Ambient Noise Added,Human Punjabi speech sample 30
human_pa_031.wav,voice data/human/human_pa_031.wav,human,Real Human Recording,Human_pa_031,Male,Punjabi Native,Punjabi,4.0,16000,Ambient Noise Added,Human Punjabi speech sample 31
human_pa_032.wav,voice data/human/human_pa_032.wav,human,Real Human Recording,Human_pa_032,Female,Punjabi Native,Punjabi,4.0,16000,Clean Speech,Human Punjabi speech sample 32
human_pa_033.wav,voice data/human/human_pa_033.wav,human,Real Human Recording,Human_pa_033,Male,Punjabi Native,Punjabi,4.0,16000,Clean Speech,Human Punjabi speech sample 33
human_pa_034.wav,voice data/human/human_pa_034.wav,human,Real Human Recording,Human_pa_034,Female,Punjabi Native,Punjabi,4.0,16000,Clean Speech,Human Punjabi speech sample 34
human_pa_035.wav,voice data/human/human_pa_035.wav,human,Real Human Recording,Human_pa_035,Male,Punjabi Native,Punjabi,4.0,16000,Ambient Noise Added,Human Punjabi speech sample 35
human_pa_036.wav,voice data/human/human_pa_036.wav,human,Real Human Recording,Human_pa_036,Female,Punjabi Native,Punjabi,4.0,16000,Ambient Noise Added,Human Punjabi speech sample 36
human_pa_037.wav,voice data/human/human_pa_037.wav,human,Real Human Recording,Human_pa_037,Male,Punjabi Native,Punjabi,4.0,16000,Clean Speech,Human Punjabi speech sample 37
human_pa_038.wav,voice data/human/human_pa_038.wav,human,Real Human Recording,Human_pa_038,Female,Punjabi Native,Punjabi,4.0,16000,Clean Speech,Human Punjabi speech sample 38
human_pa_039.wav,voice data/human/human_pa_039.wav,human,Real Human Recording,Human_pa_039,Male,Punjabi Native,Punjabi,4.0,16000,Clean Speech,Human Punjabi speech sample 39
human_pa_040.wav,voice data/human/human_pa_040.wav,human,Real Human Recording,Human_pa_040,Female,Punjabi Native,Punjabi,4.0,16000,Ambient Noise Added,Human Punjabi speech sample 40
human_pa_041.wav,voice data/human/human_pa_041.wav,human,Real Human Recording,Human_pa_041,Male,Punjabi Native,Punjabi,4.0,16000,Ambient Noise Added,Human Punjabi speech sample 41
human_pa_042.wav,voice data/human/human_pa_042.wav,human,Real Human Recording,Human_pa_042,Female,Punjabi Native,Punjabi,4.0,16000,Clean Speech,Human Punjabi speech sample 42
human_pa_043.wav,voice data/human/human_pa_043.wav,human,Real Human Recording,Human_pa_043,Male,Punjabi Native,Punjabi,4.0,16000,Clean Speech,Human Punjabi speech sample 43
human_pa_044.wav,voice data/human/human_pa_044.wav,human,Real Human Recording,Human_pa_044,Female,Punjabi Native,Punjabi,4.0,16000,Clean Speech,Human Punjabi speech sample 44
human_pa_045.wav,voice data/human/human_pa_045.wav,human,Real Human Recording,Human_pa_045,Male,Punjabi Native,Punjabi,4.0,16000,Ambient Noise Added,Human Punjabi speech sample 45
human_pa_046.wav,voice data/human/human_pa_046.wav,human,Real Human Recording,Human_pa_046,Female,Punjabi Native,Punjabi,4.0,16000,Ambient Noise Added,Human Punjabi speech sample 46
human_pa_047.wav,voice data/human/human_pa_047.wav,human,Real Human Recording,Human_pa_047,Male,Punjabi Native,Punjabi,4.0,16000,Clean Speech,Human Punjabi speech sample 47
human_pa_048.wav,voice data/human/human_pa_048.wav,human,Real Human Recording,Human_pa_048,Female,Punjabi Native,Punjabi,4.0,16000,Clean Speech,Human Punjabi speech sample 48
human_pa_049.wav,voice data/human/human_pa_049.wav,human,Real Human Recording,Human_pa_049,Male,Punjabi Native,Punjabi,4.0,16000,Clean Speech,Human Punjabi speech sample 49
human_pa_050.wav,voice data/human/human_pa_050.wav,human,Real Human Recording,Human_pa_050,Female,Punjabi Native,Punjabi,4.0,16000,Ambient Noise Added,Human Punjabi speech sample 50
human_ur_001.wav,voice data/human/human_ur_001.wav,human,Real Human Recording,Human_ur_001,Male,Urdu Native,Urdu,4.0,16000,Ambient Noise Added,Human Urdu speech sample 1
human_ur_002.wav,voice data/human/human_ur_002.wav,human,Real Human Recording,Human_ur_002,Female,Urdu Native,Urdu,4.0,16000,Clean Speech,Human Urdu speech sample 2
human_ur_003.wav,voice data/human/human_ur_003.wav,human,Real Human Recording,Human_ur_003,Male,Urdu Native,Urdu,4.0,16000,Clean Speech,Human Urdu speech sample 3
human_ur_004.wav,voice data/human/human_ur_004.wav,human,Real Human Recording,Human_ur_004,Female,Urdu Native,Urdu,4.0,16000,Clean Speech,Human Urdu speech sample 4
human_ur_005.wav,voice data/human/human_ur_005.wav,human,Real Human Recording,Human_ur_005,Male,Urdu Native,Urdu,4.0,16000,Ambient Noise Added,Human Urdu speech sample 5
human_ur_006.wav,voice data/human/human_ur_006.wav,human,Real Human Recording,Human_ur_006,Female,Urdu Native,Urdu,4.0,16000,Ambient Noise Added,Human Urdu speech sample 6
human_ur_007.wav,voice data/human/human_ur_007.wav,human,Real Human Recording,Human_ur_007,Male,Urdu Native,Urdu,4.0,16000,Clean Speech,Human Urdu speech sample 7
human_ur_008.wav,voice data/human/human_ur_008.wav,human,Real Human Recording,Human_ur_008,Female,Urdu Native,Urdu,4.0,16000,Clean Speech,Human Urdu speech sample 8
human_ur_009.wav,voice data/human/human_ur_009.wav,human,Real Human Recording,Human_ur_009,Male,Urdu Native,Urdu,4.0,16000,Clean Speech,Human Urdu speech sample 9
human_ur_010.wav,voice data/human/human_ur_010.wav,human,Real Human Recording,Human_ur_010,Female,Urdu Native,Urdu,4.0,16000,Ambient Noise Added,Human Urdu speech sample 10
human_ur_011.wav,voice data/human/human_ur_011.wav,human,Real Human Recording,Human_ur_011,Male,Urdu Native,Urdu,4.0,16000,Ambient Noise Added,Human Urdu speech sample 11
human_ur_012.wav,voice data/human/human_ur_012.wav,human,Real Human Recording,Human_ur_012,Female,Urdu Native,Urdu,4.0,16000,Clean Speech,Human Urdu speech sample 12
human_ur_013.wav,voice data/human/human_ur_013.wav,human,Real Human Recording,Human_ur_013,Male,Urdu Native,Urdu,4.0,16000,Clean Speech,Human Urdu speech sample 13
human_ur_014.wav,voice data/human/human_ur_014.wav,human,Real Human Recording,Human_ur_014,Female,Urdu Native,Urdu,4.0,16000,Clean Speech,Human Urdu speech sample 14
human_ur_015.wav,voice data/human/human_ur_015.wav,human,Real Human Recording,Human_ur_015,Male,Urdu Native,Urdu,4.0,16000,Ambient Noise Added,Human Urdu speech sample 15
human_ur_016.wav,voice data/human/human_ur_016.wav,human,Real Human Recording,Human_ur_016,Female,Urdu Native,Urdu,4.0,16000,Ambient Noise Added,Human Urdu speech sample 16
human_ur_017.wav,voice data/human/human_ur_017.wav,human,Real Human Recording,Human_ur_017,Male,Urdu Native,Urdu,4.0,16000,Clean Speech,Human Urdu speech sample 17
human_ur_018.wav,voice data/human/human_ur_018.wav,human,Real Human Recording,Human_ur_018,Female,Urdu Native,Urdu,4.0,16000,Clean Speech,Human Urdu speech sample 18
human_ur_019.wav,voice data/human/human_ur_019.wav,human,Real Human Recording,Human_ur_019,Male,Urdu Native,Urdu,4.0,16000,Clean Speech,Human Urdu speech sample 19
human_ur_020.wav,voice data/human/human_ur_020.wav,human,Real Human Recording,Human_ur_020,Female,Urdu Native,Urdu,4.0,16000,Ambient Noise Added,Human Urdu speech sample 20
human_ur_021.wav,voice data/human/human_ur_021.wav,human,Real Human Recording,Human_ur_021,Male,Urdu Native,Urdu,4.0,16000,Ambient Noise Added,Human Urdu speech sample 21
human_ur_022.wav,voice data/human/human_ur_022.wav,human,Real Human Recording,Human_ur_022,Female,Urdu Native,Urdu,4.0,16000,Clean Speech,Human Urdu speech sample 22
human_ur_023.wav,voice data/human/human_ur_023.wav,human,Real Human Recording,Human_ur_023,Male,Urdu Native,Urdu,4.0,16000,Clean Speech,Human Urdu speech sample 23
human_ur_024.wav,voice data/human/human_ur_024.wav,human,Real Human Recording,Human_ur_024,Female,Urdu Native,Urdu,4.0,16000,Clean Speech,Human Urdu speech sample 24
human_ur_025.wav,voice data/human/human_ur_025.wav,human,Real Human Recording,Human_ur_025,Male,Urdu Native,Urdu,4.0,16000,Ambient Noise Added,Human Urdu speech sample 25
human_ur_026.wav,voice data/human/human_ur_026.wav,human,Real Human Recording,Human_ur_026,Female,Urdu Native,Urdu,4.0,16000,Ambient Noise Added,Human Urdu speech sample 26
human_ur_027.wav,voice data/human/human_ur_027.wav,human,Real Human Recording,Human_ur_027,Male,Urdu Native,Urdu,4.0,16000,Clean Speech,Human Urdu speech sample 27
human_ur_028.wav,voice data/human/human_ur_028.wav,human,Real Human Recording,Human_ur_028,Female,Urdu Native,Urdu,4.0,16000,Clean Speech,Human Urdu speech sample 28
human_ur_029.wav,voice data/human/human_ur_029.wav,human,Real Human Recording,Human_ur_029,Male,Urdu Native,Urdu,4.0,16000,Clean Speech,Human Urdu speech sample 29
human_ur_030.wav,voice data/human/human_ur_030.wav,human,Real Human Recording,Human_ur_030,Female,Urdu Native,Urdu,4.0,16000,Ambient Noise Added,Human Urdu speech sample 30
human_ur_031.wav,voice data/human/human_ur_031.wav,human,Real Human Recording,Human_ur_031,Male,Urdu Native,Urdu,4.0,16000,Ambient Noise Added,Human Urdu speech sample 31
human_ur_032.wav,voice data/human/human_ur_032.wav,human,Real Human Recording,Human_ur_032,Female,Urdu Native,Urdu,4.0,16000,Clean Speech,Human Urdu speech sample 32
human_ur_033.wav,voice data/human/human_ur_033.wav,human,Real Human Recording,Human_ur_033,Male,Urdu Native,Urdu,4.0,16000,Clean Speech,Human Urdu speech sample 33
human_ur_034.wav,voice data/human/human_ur_034.wav,human,Real Human Recording,Human_ur_034,Female,Urdu Native,Urdu,4.0,16000,Clean Speech,Human Urdu speech sample 34
human_ur_035.wav,voice data/human/human_ur_035.wav,human,Real Human Recording,Human_ur_035,Male,Urdu Native,Urdu,4.0,16000,Ambient Noise Added,Human Urdu speech sample 35
human_ur_036.wav,voice data/human/human_ur_036.wav,human,Real Human Recording,Human_ur_036,Female,Urdu Native,Urdu,4.0,16000,Ambient Noise Added,Human Urdu speech sample 36
human_ur_037.wav,voice data/human/human_ur_037.wav,human,Real Human Recording,Human_ur_037,Male,Urdu Native,Urdu,4.0,16000,Clean Speech,Human Urdu speech sample 37
human_ur_038.wav,voice data/human/human_ur_038.wav,human,Real Human Recording,Human_ur_038,Female,Urdu Native,Urdu,4.0,16000,Clean Speech,Human Urdu speech sample 38
human_ur_039.wav,voice data/human/human_ur_039.wav,human,Real Human Recording,Human_ur_039,Male,Urdu Native,Urdu,4.0,16000,Clean Speech,Human Urdu speech sample 39
human_ur_040.wav,voice data/human/human_ur_040.wav,human,Real Human Recording,Human_ur_040,Female,Urdu Native,Urdu,4.0,16000,Ambient Noise Added,Human Urdu speech sample 40
human_ur_041.wav,voice data/human/human_ur_041.wav,human,Real Human Recording,Human_ur_041,Male,Urdu Native,Urdu,4.0,16000,Ambient Noise Added,Human Urdu speech sample 41
human_ur_042.wav,voice data/human/human_ur_042.wav,human,Real Human Recording,Human_ur_042,Female,Urdu Native,Urdu,4.0,16000,Clean Speech,Human Urdu speech sample 42
human_ur_043.wav,voice data/human/human_ur_043.wav,human,Real Human Recording,Human_ur_043,Male,Urdu Native,Urdu,4.0,16000,Clean Speech,Human Urdu speech sample 43
human_ur_044.wav,voice data/human/human_ur_044.wav,human,Real Human Recording,Human_ur_044,Female,Urdu Native,Urdu,4.0,16000,Clean Speech,Human Urdu speech sample 44
human_ur_045.wav,voice data/human/human_ur_045.wav,human,Real Human Recording,Human_ur_045,Male,Urdu Native,Urdu,4.0,16000,Ambient Noise Added,Human Urdu speech sample 45
human_ur_046.wav,voice data/human/human_ur_046.wav,human,Real Human Recording,Human_ur_046,Female,Urdu Native,Urdu,4.0,16000,Ambient Noise Added,Human Urdu speech sample 46
human_ur_047.wav,voice data/human/human_ur_047.wav,human,Real Human Recording,Human_ur_047,Male,Urdu Native,Urdu,4.0,16000,Clean Speech,Human Urdu speech sample 47
human_ur_048.wav,voice data/human/human_ur_048.wav,human,Real Human Recording,Human_ur_048,Female,Urdu Native,Urdu,4.0,16000,Clean Speech,Human Urdu speech sample 48
human_ur_049.wav,voice data/human/human_ur_049.wav,human,Real Human Recording,Human_ur_049,Male,Urdu Native,Urdu,4.0,16000,Clean Speech,Human Urdu speech sample 49
human_ur_050.wav,voice data/human/human_ur_050.wav,human,Real Human Recording,Human_ur_050,Female,Urdu Native,Urdu,4.0,16000,Ambient Noise Added,Human Urdu speech sample 50
human_or_001.wav,voice data/human/human_or_001.wav,human,Real Human Recording,Human_or_001,Male,Odia Native,Odia,4.0,16000,Ambient Noise Added,Human Odia speech sample 1
human_or_002.wav,voice data/human/human_or_002.wav,human,Real Human Recording,Human_or_002,Female,Odia Native,Odia,4.0,16000,Clean Speech,Human Odia speech sample 2
human_or_003.wav,voice data/human/human_or_003.wav,human,Real Human Recording,Human_or_003,Male,Odia Native,Odia,4.0,16000,Clean Speech,Human Odia speech sample 3
human_or_004.wav,voice data/human/human_or_004.wav,human,Real Human Recording,Human_or_004,Female,Odia Native,Odia,4.0,16000,Clean Speech,Human Odia speech sample 4
human_or_005.wav,voice data/human/human_or_005.wav,human,Real Human Recording,Human_or_005,Male,Odia Native,Odia,4.0,16000,Ambient Noise Added,Human Odia speech sample 5
human_or_006.wav,voice data/human/human_or_006.wav,human,Real Human Recording,Human_or_006,Female,Odia Native,Odia,4.0,16000,Ambient Noise Added,Human Odia speech sample 6
human_or_007.wav,voice data/human/human_or_007.wav,human,Real Human Recording,Human_or_007,Male,Odia Native,Odia,4.0,16000,Clean Speech,Human Odia speech sample 7
human_or_008.wav,voice data/human/human_or_008.wav,human,Real Human Recording,Human_or_008,Female,Odia Native,Odia,4.0,16000,Clean Speech,Human Odia speech sample 8
human_or_009.wav,voice data/human/human_or_009.wav,human,Real Human Recording,Human_or_009,Male,Odia Native,Odia,4.0,16000,Clean Speech,Human Odia speech sample 9
human_or_010.wav,voice data/human/human_or_010.wav,human,Real Human Recording,Human_or_010,Female,Odia Native,Odia,4.0,16000,Ambient Noise Added,Human Odia speech sample 10
human_or_011.wav,voice data/human/human_or_011.wav,human,Real Human Recording,Human_or_011,Male,Odia Native,Odia,4.0,16000,Ambient Noise Added,Human Odia speech sample 11
human_or_012.wav,voice data/human/human_or_012.wav,human,Real Human Recording,Human_or_012,Female,Odia Native,Odia,4.0,16000,Clean Speech,Human Odia speech sample 12
human_or_013.wav,voice data/human/human_or_013.wav,human,Real Human Recording,Human_or_013,Male,Odia Native,Odia,4.0,16000,Clean Speech,Human Odia speech sample 13
human_or_014.wav,voice data/human/human_or_014.wav,human,Real Human Recording,Human_or_014,Female,Odia Native,Odia,4.0,16000,Clean Speech,Human Odia speech sample 14
human_or_015.wav,voice data/human/human_or_015.wav,human,Real Human Recording,Human_or_015,Male,Odia Native,Odia,4.0,16000,Ambient Noise Added,Human Odia speech sample 15
human_or_016.wav,voice data/human/human_or_016.wav,human,Real Human Recording,Human_or_016,Female,Odia Native,Odia,4.0,16000,Ambient Noise Added,Human Odia speech sample 16
human_or_017.wav,voice data/human/human_or_017.wav,human,Real Human Recording,Human_or_017,Male,Odia Native,Odia,4.0,16000,Clean Speech,Human Odia speech sample 17
human_or_018.wav,voice data/human/human_or_018.wav,human,Real Human Recording,Human_or_018,Female,Odia Native,Odia,4.0,16000,Clean Speech,Human Odia speech sample 18
human_or_019.wav,voice data/human/human_or_019.wav,human,Real Human Recording,Human_or_019,Male,Odia Native,Odia,4.0,16000,Clean Speech,Human Odia speech sample 19
human_or_020.wav,voice data/human/human_or_020.wav,human,Real Human Recording,Human_or_020,Female,Odia Native,Odia,4.0,16000,Ambient Noise Added,Human Odia speech sample 20
human_or_021.wav,voice data/human/human_or_021.wav,human,Real Human Recording,Human_or_021,Male,Odia Native,Odia,4.0,16000,Ambient Noise Added,Human Odia speech sample 21
human_or_022.wav,voice data/human/human_or_022.wav,human,Real Human Recording,Human_or_022,Female,Odia Native,Odia,4.0,16000,Clean Speech,Human Odia speech sample 22
human_or_023.wav,voice data/human/human_or_023.wav,human,Real Human Recording,Human_or_023,Male,Odia Native,Odia,4.0,16000,Clean Speech,Human Odia speech sample 23
human_or_024.wav,voice data/human/human_or_024.wav,human,Real Human Recording,Human_or_024,Female,Odia Native,Odia,4.0,16000,Clean Speech,Human Odia speech sample 24
human_or_025.wav,voice data/human/human_or_025.wav,human,Real Human Recording,Human_or_025,Male,Odia Native,Odia,4.0,16000,Ambient Noise Added,Human Odia speech sample 25
human_or_026.wav,voice data/human/human_or_026.wav,human,Real Human Recording,Human_or_026,Female,Odia Native,Odia,4.0,16000,Ambient Noise Added,Human Odia speech sample 26
human_or_027.wav,voice data/human/human_or_027.wav,human,Real Human Recording,Human_or_027,Male,Odia Native,Odia,4.0,16000,Clean Speech,Human Odia speech sample 27
human_or_028.wav,voice data/human/human_or_028.wav,human,Real Human Recording,Human_or_028,Female,Odia Native,Odia,4.0,16000,Clean Speech,Human Odia speech sample 28
human_or_029.wav,voice data/human/human_or_029.wav,human,Real Human Recording,Human_or_029,Male,Odia Native,Odia,4.0,16000,Clean Speech,Human Odia speech sample 29
human_or_030.wav,voice data/human/human_or_030.wav,human,Real Human Recording,Human_or_030,Female,Odia Native,Odia,4.0,16000,Ambient Noise Added,Human Odia speech sample 30
human_or_031.wav,voice data/human/human_or_031.wav,human,Real Human Recording,Human_or_031,Male,Odia Native,Odia,4.0,16000,Ambient Noise Added,Human Odia speech sample 31
human_or_032.wav,voice data/human/human_or_032.wav,human,Real Human Recording,Human_or_032,Female,Odia Native,Odia,4.0,16000,Clean Speech,Human Odia speech sample 32
human_or_033.wav,voice data/human/human_or_033.wav,human,Real Human Recording,Human_or_033,Male,Odia Native,Odia,4.0,16000,Clean Speech,Human Odia speech sample 33
human_or_034.wav,voice data/human/human_or_034.wav,human,Real Human Recording,Human_or_034,Female,Odia Native,Odia,4.0,16000,Clean Speech,Human Odia speech sample 34
human_or_035.wav,voice data/human/human_or_035.wav,human,Real Human Recording,Human_or_035,Male,Odia Native,Odia,4.0,16000,Ambient Noise Added,Human Odia speech sample 35
human_or_036.wav,voice data/human/human_or_036.wav,human,Real Human Recording,Human_or_036,Female,Odia Native,Odia,4.0,16000,Ambient Noise Added,Human Odia speech sample 36
human_or_037.wav,voice data/human/human_or_037.wav,human,Real Human Recording,Human_or_037,Male,Odia Native,Odia,4.0,16000,Clean Speech,Human Odia speech sample 37
human_or_038.wav,voice data/human/human_or_038.wav,human,Real Human Recording,Human_or_038,Female,Odia Native,Odia,4.0,16000,Clean Speech,Human Odia speech sample 38
human_or_039.wav,voice data/human/human_or_039.wav,human,Real Human Recording,Human_or_039,Male,Odia Native,Odia,4.0,16000,Clean Speech,Human Odia speech sample 39
human_or_040.wav,voice data/human/human_or_040.wav,human,Real Human Recording,Human_or_040,Female,Odia Native,Odia,4.0,16000,Ambient Noise Added,Human Odia speech sample 40
human_or_041.wav,voice data/human/human_or_041.wav,human,Real Human Recording,Human_or_041,Male,Odia Native,Odia,4.0,16000,Ambient Noise Added,Human Odia speech sample 41
human_or_042.wav,voice data/human/human_or_042.wav,human,Real Human Recording,Human_or_042,Female,Odia Native,Odia,4.0,16000,Clean Speech,Human Odia speech sample 42
human_or_043.wav,voice data/human/human_or_043.wav,human,Real Human Recording,Human_or_043,Male,Odia Native,Odia,4.0,16000,Clean Speech,Human Odia speech sample 43
human_or_044.wav,voice data/human/human_or_044.wav,human,Real Human Recording,Human_or_044,Female,Odia Native,Odia,4.0,16000,Clean Speech,Human Odia speech sample 44
human_or_045.wav,voice data/human/human_or_045.wav,human,Real Human Recording,Human_or_045,Male,Odia Native,Odia,4.0,16000,Ambient Noise Added,Human Odia speech sample 45
human_or_046.wav,voice data/human/human_or_046.wav,human,Real Human Recording,Human_or_046,Female,Odia Native,Odia,4.0,16000,Ambient Noise Added,Human Odia speech sample 46
human_or_047.wav,voice data/human/human_or_047.wav,human,Real Human Recording,Human_or_047,Male,Odia Native,Odia,4.0,16000,Clean Speech,Human Odia speech sample 47
human_or_048.wav,voice data/human/human_or_048.wav,human,Real Human Recording,Human_or_048,Female,Odia Native,Odia,4.0,16000,Clean Speech,Human Odia speech sample 48
human_or_049.wav,voice data/human/human_or_049.wav,human,Real Human Recording,Human_or_049,Male,Odia Native,Odia,4.0,16000,Clean Speech,Human Odia speech sample 49
human_or_050.wav,voice data/human/human_or_050.wav,human,Real Human Recording,Human_or_050,Female,Odia Native,Odia,4.0,16000,Ambient Noise Added,Human Odia speech sample 50
human_as_001.wav,voice data/human/human_as_001.wav,human,Real Human Recording,Human_as_001,Male,Assamese Native,Assamese,4.0,16000,Ambient Noise Added,Human Assamese speech sample 1
human_as_002.wav,voice data/human/human_as_002.wav,human,Real Human Recording,Human_as_002,Female,Assamese Native,Assamese,4.0,16000,Clean Speech,Human Assamese speech sample 2
human_as_003.wav,voice data/human/human_as_003.wav,human,Real Human Recording,Human_as_003,Male,Assamese Native,Assamese,4.0,16000,Clean Speech,Human Assamese speech sample 3
human_as_004.wav,voice data/human/human_as_004.wav,human,Real Human Recording,Human_as_004,Female,Assamese Native,Assamese,4.0,16000,Clean Speech,Human Assamese speech sample 4
human_as_005.wav,voice data/human/human_as_005.wav,human,Real Human Recording,Human_as_005,Male,Assamese Native,Assamese,4.0,16000,Ambient Noise Added,Human Assamese speech sample 5
human_as_006.wav,voice data/human/human_as_006.wav,human,Real Human Recording,Human_as_006,Female,Assamese Native,Assamese,4.0,16000,Ambient Noise Added,Human Assamese speech sample 6
human_as_007.wav,voice data/human/human_as_007.wav,human,Real Human Recording,Human_as_007,Male,Assamese Native,Assamese,4.0,16000,Clean Speech,Human Assamese speech sample 7
human_as_008.wav,voice data/human/human_as_008.wav,human,Real Human Recording,Human_as_008,Female,Assamese Native,Assamese,4.0,16000,Clean Speech,Human Assamese speech sample 8
human_as_009.wav,voice data/human/human_as_009.wav,human,Real Human Recording,Human_as_009,Male,Assamese Native,Assamese,4.0,16000,Clean Speech,Human Assamese speech sample 9
human_as_010.wav,voice data/human/human_as_010.wav,human,Real Human Recording,Human_as_010,Female,Assamese Native,Assamese,4.0,16000,Ambient Noise Added,Human Assamese speech sample 10
human_as_011.wav,voice data/human/human_as_011.wav,human,Real Human Recording,Human_as_011,Male,Assamese Native,Assamese,4.0,16000,Ambient Noise Added,Human Assamese speech sample 11
human_as_012.wav,voice data/human/human_as_012.wav,human,Real Human Recording,Human_as_012,Female,Assamese Native,Assamese,4.0,16000,Clean Speech,Human Assamese speech sample 12
human_as_013.wav,voice data/human/human_as_013.wav,human,Real Human Recording,Human_as_013,Male,Assamese Native,Assamese,4.0,16000,Clean Speech,Human Assamese speech sample 13
human_as_014.wav,voice data/human/human_as_014.wav,human,Real Human Recording,Human_as_014,Female,Assamese Native,Assamese,4.0,16000,Clean Speech,Human Assamese speech sample 14
human_as_015.wav,voice data/human/human_as_015.wav,human,Real Human Recording,Human_as_015,Male,Assamese Native,Assamese,4.0,16000,Ambient Noise Added,Human Assamese speech sample 15
human_as_016.wav,voice data/human/human_as_016.wav,human,Real Human Recording,Human_as_016,Female,Assamese Native,Assamese,4.0,16000,Ambient Noise Added,Human Assamese speech sample 16
human_as_017.wav,voice data/human/human_as_017.wav,human,Real Human Recording,Human_as_017,Male,Assamese Native,Assamese,4.0,16000,Clean Speech,Human Assamese speech sample 17
human_as_018.wav,voice data/human/human_as_018.wav,human,Real Human Recording,Human_as_018,Female,Assamese Native,Assamese,4.0,16000,Clean Speech,Human Assamese speech sample 18
human_as_019.wav,voice data/human/human_as_019.wav,human,Real Human Recording,Human_as_019,Male,Assamese Native,Assamese,4.0,16000,Clean Speech,Human Assamese speech sample 19
human_as_020.wav,voice data/human/human_as_020.wav,human,Real Human Recording,Human_as_020,Female,Assamese Native,Assamese,4.0,16000,Ambient Noise Added,Human Assamese speech sample 20
human_as_021.wav,voice data/human/human_as_021.wav,human,Real Human Recording,Human_as_021,Male,Assamese Native,Assamese,4.0,16000,Ambient Noise Added,Human Assamese speech sample 21
human_as_022.wav,voice data/human/human_as_022.wav,human,Real Human Recording,Human_as_022,Female,Assamese Native,Assamese,4.0,16000,Clean Speech,Human Assamese speech sample 22
human_as_023.wav,voice data/human/human_as_023.wav,human,Real Human Recording,Human_as_023,Male,Assamese Native,Assamese,4.0,16000,Clean Speech,Human Assamese speech sample 23
human_as_024.wav,voice data/human/human_as_024.wav,human,Real Human Recording,Human_as_024,Female,Assamese Native,Assamese,4.0,16000,Clean Speech,Human Assamese speech sample 24
human_as_025.wav,voice data/human/human_as_025.wav,human,Real Human Recording,Human_as_025,Male,Assamese Native,Assamese,4.0,16000,Ambient Noise Added,Human Assamese speech sample 25
ai_en_001.wav,voice data/ai/ai_en_001.wav,ai,Neural TTS,en-US-AndrewNeural,Male,English Synth,English,4.0,16000,Codec Simulated,Digital speech processing analyzes acoustic harmonics and pitch contours for accurate identification.
ai_en_002.wav,voice data/ai/ai_en_002.wav,ai,Neural TTS,en-US-EmmaNeural,Female,English Synth,English,4.0,16000,Raw TTS,Voice deepfake classification relies on extracting Mel-frequency cepstral coefficients.
ai_en_003.wav,voice data/ai/ai_en_003.wav,ai,Neural TTS,en-US-BrianNeural,Male,English Synth,English,4.0,16000,Raw TTS,Artificial intelligence models learn spectral voice representations to identify synthetic speech.
ai_en_004.wav,voice data/ai/ai_en_004.wav,ai,Neural TTS,en-GB-SoniaNeural,Female,English Synth,English,4.0,16000,Raw TTS,Digital speech processing analyzes acoustic harmonics and pitch contours for accurate identification.
ai_en_005.wav,voice data/ai/ai_en_005.wav,ai,Neural TTS,en-GB-RyanNeural,Male,English Synth,English,4.0,16000,Codec Simulated,Voice deepfake classification relies on extracting Mel-frequency cepstral coefficients.
ai_en_006.wav,voice data/ai/ai_en_006.wav,ai,Neural TTS,en-IN-NeerjaNeural,Female,English Synth,English,4.0,16000,Codec Simulated,Artificial intelligence models learn spectral voice representations to identify synthetic speech.
ai_en_007.wav,voice data/ai/ai_en_007.wav,ai,Neural TTS,en-US-AvaNeural,Male,English Synth,English,4.0,16000,Raw TTS,Digital speech processing analyzes acoustic harmonics and pitch contours for accurate identification.
ai_en_008.wav,voice data/ai/ai_en_008.wav,ai,Neural TTS,en-US-AndrewNeural,Female,English Synth,English,4.0,16000,Raw TTS,Voice deepfake classification relies on extracting Mel-frequency cepstral coefficients.
ai_en_009.wav,voice data/ai/ai_en_009.wav,ai,Neural TTS,en-US-EmmaNeural,Male,English Synth,English,4.0,16000,Raw TTS,Artificial intelligence models learn spectral voice representations to identify synthetic speech.
ai_en_010.wav,voice data/ai/ai_en_010.wav,ai,Neural TTS,en-US-BrianNeural,Female,English Synth,English,4.0,16000,Codec Simulated,Digital speech processing analyzes acoustic harmonics and pitch contours for accurate identification.
ai_en_011.wav,voice data/ai/ai_en_011.wav,ai,Neural TTS,en-GB-SoniaNeural,Male,English Synth,English,4.0,16000,Codec Simulated,Voice deepfake classification relies on extracting Mel-frequency cepstral coefficients.
ai_en_012.wav,voice data/ai/ai_en_012.wav,ai,Neural TTS,en-GB-RyanNeural,Female,English Synth,English,4.0,16000,Raw TTS,Artificial intelligence models learn spectral voice representations to identify synthetic speech.
ai_en_013.wav,voice data/ai/ai_en_013.wav,ai,Neural TTS,en-IN-NeerjaNeural,Male,English Synth,English,4.0,16000,Raw TTS,Digital speech processing analyzes acoustic harmonics and pitch contours for accurate identification.
ai_en_014.wav,voice data/ai/ai_en_014.wav,ai,Neural TTS,en-US-AvaNeural,Female,English Synth,English,4.0,16000,Raw TTS,Voice deepfake classification relies on extracting Mel-frequency cepstral coefficients.
ai_en_015.wav,voice data/ai/ai_en_015.wav,ai,Neural TTS,en-US-AndrewNeural,Male,English Synth,English,4.0,16000,Codec Simulated,Artificial intelligence models learn spectral voice representations to identify synthetic speech.
ai_en_016.wav,voice data/ai/ai_en_016.wav,ai,Neural TTS,en-US-EmmaNeural,Female,English Synth,English,4.0,16000,Codec Simulated,Digital speech processing analyzes acoustic harmonics and pitch contours for accurate identification.
ai_en_017.wav,voice data/ai/ai_en_017.wav,ai,Neural TTS,en-US-BrianNeural,Male,English Synth,English,4.0,16000,Raw TTS,Voice deepfake classification relies on extracting Mel-frequency cepstral coefficients.
ai_en_018.wav,voice data/ai/ai_en_018.wav,ai,Neural TTS,en-GB-SoniaNeural,Female,English Synth,English,4.0,16000,Raw TTS,Artificial intelligence models learn spectral voice representations to identify synthetic speech.
ai_en_019.wav,voice data/ai/ai_en_019.wav,ai,Neural TTS,en-GB-RyanNeural,Male,English Synth,English,4.0,16000,Raw TTS,Digital speech processing analyzes acoustic harmonics and pitch contours for accurate identification.
ai_en_020.wav,voice data/ai/ai_en_020.wav,ai,Neural TTS,en-IN-NeerjaNeural,Female,English Synth,English,4.0,16000,Codec Simulated,Voice deepfake classification relies on extracting Mel-frequency cepstral coefficients.
ai_en_021.wav,voice data/ai/ai_en_021.wav,ai,Neural TTS,en-US-AvaNeural,Male,English Synth,English,4.0,16000,Codec Simulated,Artificial intelligence models learn spectral voice representations to identify synthetic speech.
ai_en_022.wav,voice data/ai/ai_en_022.wav,ai,Neural TTS,en-US-AndrewNeural,Female,English Synth,English,4.0,16000,Raw TTS,Digital speech processing analyzes acoustic harmonics and pitch contours for accurate identification.
ai_en_023.wav,voice data/ai/ai_en_023.wav,ai,Neural TTS,en-US-EmmaNeural,Male,English Synth,English,4.0,16000,Raw TTS,Voice deepfake classification relies on extracting Mel-frequency cepstral coefficients.
ai_en_024.wav,voice data/ai/ai_en_024.wav,ai,Neural TTS,en-US-BrianNeural,Female,English Synth,English,4.0,16000,Raw TTS,Artificial intelligence models learn spectral voice representations to identify synthetic speech.
ai_en_025.wav,voice data/ai/ai_en_025.wav,ai,Neural TTS,en-GB-SoniaNeural,Male,English Synth,English,4.0,16000,Codec Simulated,Digital speech processing analyzes acoustic harmonics and pitch contours for accurate identification.
ai_en_026.wav,voice data/ai/ai_en_026.wav,ai,Neural TTS,en-GB-RyanNeural,Female,English Synth,English,4.0,16000,Codec Simulated,Voice deepfake classification relies on extracting Mel-frequency cepstral coefficients.
ai_en_027.wav,voice data/ai/ai_en_027.wav,ai,Neural TTS,en-IN-NeerjaNeural,Male,English Synth,English,4.0,16000,Raw TTS,Artificial intelligence models learn spectral voice representations to identify synthetic speech.
ai_en_028.wav,voice data/ai/ai_en_028.wav,ai,Neural TTS,en-US-AvaNeural,Female,English Synth,English,4.0,16000,Raw TTS,Digital speech processing analyzes acoustic harmonics and pitch contours for accurate identification.
ai_en_029.wav,voice data/ai/ai_en_029.wav,ai,Neural TTS,en-US-AndrewNeural,Male,English Synth,English,4.0,16000,Raw TTS,Voice deepfake classification relies on extracting Mel-frequency cepstral coefficients.
ai_en_030.wav,voice data/ai/ai_en_030.wav,ai,Neural TTS,en-US-EmmaNeural,Female,English Synth,English,4.0,16000,Codec Simulated,Artificial intelligence models learn spectral voice representations to identify synthetic speech.
ai_en_031.wav,voice data/ai/ai_en_031.wav,ai,Neural TTS,en-US-BrianNeural,Male,English Synth,English,4.0,16000,Codec Simulated,Digital speech processing analyzes acoustic harmonics and pitch contours for accurate identification.
ai_en_032.wav,voice data/ai/ai_en_032.wav,ai,Neural TTS,en-GB-SoniaNeural,Female,English Synth,English,4.0,16000,Raw TTS,Voice deepfake classification relies on extracting Mel-frequency cepstral coefficients.
ai_en_033.wav,voice data/ai/ai_en_033.wav,ai,Neural TTS,en-GB-RyanNeural,Male,English Synth,English,4.0,16000,Raw TTS,Artificial intelligence models learn spectral voice representations to identify synthetic speech.
ai_en_034.wav,voice data/ai/ai_en_034.wav,ai,Neural TTS,en-IN-NeerjaNeural,Female,English Synth,English,4.0,16000,Raw TTS,Digital speech processing analyzes acoustic harmonics and pitch contours for accurate identification.
ai_en_035.wav,voice data/ai/ai_en_035.wav,ai,Neural TTS,en-US-AvaNeural,Male,English Synth,English,4.0,16000,Codec Simulated,Voice deepfake classification relies on extracting Mel-frequency cepstral coefficients.
ai_en_036.wav,voice data/ai/ai_en_036.wav,ai,Neural TTS,en-US-AndrewNeural,Female,English Synth,English,4.0,16000,Codec Simulated,Artificial intelligence models learn spectral voice representations to identify synthetic speech.
ai_en_037.wav,voice data/ai/ai_en_037.wav,ai,Neural TTS,en-US-EmmaNeural,Male,English Synth,English,4.0,16000,Raw TTS,Digital speech processing analyzes acoustic harmonics and pitch contours for accurate identification.
ai_en_038.wav,voice data/ai/ai_en_038.wav,ai,Neural TTS,en-US-BrianNeural,Female,English Synth,English,4.0,16000,Raw TTS,Voice deepfake classification relies on extracting Mel-frequency cepstral coefficients.
ai_en_039.wav,voice data/ai/ai_en_039.wav,ai,Neural TTS,en-GB-SoniaNeural,Male,English Synth,English,4.0,16000,Raw TTS,Artificial intelligence models learn spectral voice representations to identify synthetic speech.
ai_en_040.wav,voice data/ai/ai_en_040.wav,ai,Neural TTS,en-GB-RyanNeural,Female,English Synth,English,4.0,16000,Codec Simulated,Digital speech processing analyzes acoustic harmonics and pitch contours for accurate identification.
ai_en_041.wav,voice data/ai/ai_en_041.wav,ai,Neural TTS,en-IN-NeerjaNeural,Male,English Synth,English,4.0,16000,Codec Simulated,Voice deepfake classification relies on extracting Mel-frequency cepstral coefficients.
ai_en_042.wav,voice data/ai/ai_en_042.wav,ai,Neural TTS,en-US-AvaNeural,Female,English Synth,English,4.0,16000,Raw TTS,Artificial intelligence models learn spectral voice representations to identify synthetic speech.
ai_en_043.wav,voice data/ai/ai_en_043.wav,ai,Neural TTS,en-US-AndrewNeural,Male,English Synth,English,4.0,16000,Raw TTS,Digital speech processing analyzes acoustic harmonics and pitch contours for accurate identification.
ai_en_044.wav,voice data/ai/ai_en_044.wav,ai,Neural TTS,en-US-EmmaNeural,Female,English Synth,English,4.0,16000,Raw TTS,Voice deepfake classification relies on extracting Mel-frequency cepstral coefficients.
ai_en_045.wav,voice data/ai/ai_en_045.wav,ai,Neural TTS,en-US-BrianNeural,Male,English Synth,English,4.0,16000,Codec Simulated,Artificial intelligence models learn spectral voice representations to identify synthetic speech.
ai_en_046.wav,voice data/ai/ai_en_046.wav,ai,Neural TTS,en-GB-SoniaNeural,Female,English Synth,English,4.0,16000,Codec Simulated,Digital speech processing analyzes acoustic harmonics and pitch contours for accurate identification.
ai_en_047.wav,voice data/ai/ai_en_047.wav,ai,Neural TTS,en-GB-RyanNeural,Male,English Synth,English,4.0,16000,Raw TTS,Voice deepfake classification relies on extracting Mel-frequency cepstral coefficients.
ai_en_048.wav,voice data/ai/ai_en_048.wav,ai,Neural TTS,en-IN-NeerjaNeural,Female,English Synth,English,4.0,16000,Raw TTS,Artificial intelligence models learn spectral voice representations to identify synthetic speech.
ai_en_049.wav,voice data/ai/ai_en_049.wav,ai,Neural TTS,en-US-AvaNeural,Male,English Synth,English,4.0,16000,Raw TTS,Digital speech processing analyzes acoustic harmonics and pitch contours for accurate identification.
ai_en_050.wav,voice data/ai/ai_en_050.wav,ai,Neural TTS,en-US-AndrewNeural,Female,English Synth,English,4.0,16000,Codec Simulated,Voice deepfake classification relies on extracting Mel-frequency cepstral coefficients.
ai_en_051.wav,voice data/ai/ai_en_051.wav,ai,Neural TTS,en-US-EmmaNeural,Male,English Synth,English,4.0,16000,Codec Simulated,Artificial intelligence models learn spectral voice representations to identify synthetic speech.
ai_en_052.wav,voice data/ai/ai_en_052.wav,ai,Neural TTS,en-US-BrianNeural,Female,English Synth,English,4.0,16000,Raw TTS,Digital speech processing analyzes acoustic harmonics and pitch contours for accurate identification.
ai_en_053.wav,voice data/ai/ai_en_053.wav,ai,Neural TTS,en-GB-SoniaNeural,Male,English Synth,English,4.0,16000,Raw TTS,Voice deepfake classification relies on extracting Mel-frequency cepstral coefficients.
ai_en_054.wav,voice data/ai/ai_en_054.wav,ai,Neural TTS,en-GB-RyanNeural,Female,English Synth,English,4.0,16000,Raw TTS,Artificial intelligence models learn spectral voice representations to identify synthetic speech.
ai_en_055.wav,voice data/ai/ai_en_055.wav,ai,Neural TTS,en-IN-NeerjaNeural,Male,English Synth,English,4.0,16000,Codec Simulated,Digital speech processing analyzes acoustic harmonics and pitch contours for accurate identification.
ai_en_056.wav,voice data/ai/ai_en_056.wav,ai,Neural TTS,en-US-AvaNeural,Female,English Synth,English,4.0,16000,Codec Simulated,Voice deepfake classification relies on extracting Mel-frequency cepstral coefficients.
ai_en_057.wav,voice data/ai/ai_en_057.wav,ai,Neural TTS,en-US-AndrewNeural,Male,English Synth,English,4.0,16000,Raw TTS,Artificial intelligence models learn spectral voice representations to identify synthetic speech.
ai_en_058.wav,voice data/ai/ai_en_058.wav,ai,Neural TTS,en-US-EmmaNeural,Female,English Synth,English,4.0,16000,Raw TTS,Digital speech processing analyzes acoustic harmonics and pitch contours for accurate identification.
ai_en_059.wav,voice data/ai/ai_en_059.wav,ai,Neural TTS,en-US-BrianNeural,Male,English Synth,English,4.0,16000,Raw TTS,Voice deepfake classification relies on extracting Mel-frequency cepstral coefficients.
ai_en_060.wav,voice data/ai/ai_en_060.wav,ai,Neural TTS,en-GB-SoniaNeural,Female,English Synth,English,4.0,16000,Codec Simulated,Artificial intelligence models learn spectral voice representations to identify synthetic speech.
ai_en_061.wav,voice data/ai/ai_en_061.wav,ai,Neural TTS,en-GB-RyanNeural,Male,English Synth,English,4.0,16000,Codec Simulated,Digital speech processing analyzes acoustic harmonics and pitch contours for accurate identification.
ai_en_062.wav,voice data/ai/ai_en_062.wav,ai,Neural TTS,en-IN-NeerjaNeural,Female,English Synth,English,4.0,16000,Raw TTS,Voice deepfake classification relies on extracting Mel-frequency cepstral coefficients.
ai_en_063.wav,voice data/ai/ai_en_063.wav,ai,Neural TTS,en-US-AvaNeural,Male,English Synth,English,4.0,16000,Raw TTS,Artificial intelligence models learn spectral voice representations to identify synthetic speech.
ai_en_064.wav,voice data/ai/ai_en_064.wav,ai,Neural TTS,en-US-AndrewNeural,Female,English Synth,English,4.0,16000,Raw TTS,Digital speech processing analyzes acoustic harmonics and pitch contours for accurate identification.
ai_en_065.wav,voice data/ai/ai_en_065.wav,ai,Neural TTS,en-US-EmmaNeural,Male,English Synth,English,4.0,16000,Codec Simulated,Voice deepfake classification relies on extracting Mel-frequency cepstral coefficients.
ai_en_066.wav,voice data/ai/ai_en_066.wav,ai,Neural TTS,en-US-BrianNeural,Female,English Synth,English,4.0,16000,Codec Simulated,Artificial intelligence models learn spectral voice representations to identify synthetic speech.
ai_en_067.wav,voice data/ai/ai_en_067.wav,ai,Neural TTS,en-GB-SoniaNeural,Male,English Synth,English,4.0,16000,Raw TTS,Digital speech processing analyzes acoustic harmonics and pitch contours for accurate identification.
ai_en_068.wav,voice data/ai/ai_en_068.wav,ai,Neural TTS,en-GB-RyanNeural,Female,English Synth,English,4.0,16000,Raw TTS,Voice deepfake classification relies on extracting Mel-frequency cepstral coefficients.
ai_en_069.wav,voice data/ai/ai_en_069.wav,ai,Neural TTS,en-IN-NeerjaNeural,Male,English Synth,English,4.0,16000,Raw TTS,Artificial intelligence models learn spectral voice representations to identify synthetic speech.
ai_en_070.wav,voice data/ai/ai_en_070.wav,ai,Neural TTS,en-US-AvaNeural,Female,English Synth,English,4.0,16000,Codec Simulated,Digital speech processing analyzes acoustic harmonics and pitch contours for accurate identification.
ai_en_071.wav,voice data/ai/ai_en_071.wav,ai,Neural TTS,en-US-AndrewNeural,Male,English Synth,English,4.0,16000,Codec Simulated,Voice deepfake classification relies on extracting Mel-frequency cepstral coefficients.
ai_en_072.wav,voice data/ai/ai_en_072.wav,ai,Neural TTS,en-US-EmmaNeural,Female,English Synth,English,4.0,16000,Raw TTS,Artificial intelligence models learn spectral voice representations to identify synthetic speech.
ai_en_073.wav,voice data/ai/ai_en_073.wav,ai,Neural TTS,en-US-BrianNeural,Male,English Synth,English,4.0,16000,Raw TTS,Digital speech processing analyzes acoustic harmonics and pitch contours for accurate identification.
ai_en_074.wav,voice data/ai/ai_en_074.wav,ai,Neural TTS,en-GB-SoniaNeural,Female,English Synth,English,4.0,16000,Raw TTS,Voice deepfake classification relies on extracting Mel-frequency cepstral coefficients.
ai_en_075.wav,voice data/ai/ai_en_075.wav,ai,Neural TTS,en-GB-RyanNeural,Male,English Synth,English,4.0,16000,Codec Simulated,Artificial intelligence models learn spectral voice representations to identify synthetic speech.
ai_en_076.wav,voice data/ai/ai_en_076.wav,ai,Neural TTS,en-IN-NeerjaNeural,Female,English Synth,English,4.0,16000,Codec Simulated,Digital speech processing analyzes acoustic harmonics and pitch contours for accurate identification.
ai_en_077.wav,voice data/ai/ai_en_077.wav,ai,Neural TTS,en-US-AvaNeural,Male,English Synth,English,4.0,16000,Raw TTS,Voice deepfake classification relies on extracting Mel-frequency cepstral coefficients.
ai_en_078.wav,voice data/ai/ai_en_078.wav,ai,Neural TTS,en-US-AndrewNeural,Female,English Synth,English,4.0,16000,Raw TTS,Artificial intelligence models learn spectral voice representations to identify synthetic speech.
ai_en_079.wav,voice data/ai/ai_en_079.wav,ai,Neural TTS,en-US-EmmaNeural,Male,English Synth,English,4.0,16000,Raw TTS,Digital speech processing analyzes acoustic harmonics and pitch contours for accurate identification.
ai_en_080.wav,voice data/ai/ai_en_080.wav,ai,Neural TTS,en-US-BrianNeural,Female,English Synth,English,4.0,16000,Codec Simulated,Voice deepfake classification relies on extracting Mel-frequency cepstral coefficients.
ai_en_081.wav,voice data/ai/ai_en_081.wav,ai,Neural TTS,en-GB-SoniaNeural,Male,English Synth,English,4.0,16000,Codec Simulated,Artificial intelligence models learn spectral voice representations to identify synthetic speech.
ai_en_082.wav,voice data/ai/ai_en_082.wav,ai,Neural TTS,en-GB-RyanNeural,Female,English Synth,English,4.0,16000,Raw TTS,Digital speech processing analyzes acoustic harmonics and pitch contours for accurate identification.
ai_en_083.wav,voice data/ai/ai_en_083.wav,ai,Neural TTS,en-IN-NeerjaNeural,Male,English Synth,English,4.0,16000,Raw TTS,Voice deepfake classification relies on extracting Mel-frequency cepstral coefficients.
ai_en_084.wav,voice data/ai/ai_en_084.wav,ai,Neural TTS,en-US-AvaNeural,Female,English Synth,English,4.0,16000,Raw TTS,Artificial intelligence models learn spectral voice representations to identify synthetic speech.
ai_en_085.wav,voice data/ai/ai_en_085.wav,ai,Neural TTS,en-US-AndrewNeural,Male,English Synth,English,4.0,16000,Codec Simulated,Digital speech processing analyzes acoustic harmonics and pitch contours for accurate identification.
ai_en_086.wav,voice data/ai/ai_en_086.wav,ai,Neural TTS,en-US-EmmaNeural,Female,English Synth,English,4.0,16000,Codec Simulated,Voice deepfake classification relies on extracting Mel-frequency cepstral coefficients.
ai_en_087.wav,voice data/ai/ai_en_087.wav,ai,Neural TTS,en-US-BrianNeural,Male,English Synth,English,4.0,16000,Raw TTS,Artificial intelligence models learn spectral voice representations to identify synthetic speech.
ai_en_088.wav,voice data/ai/ai_en_088.wav,ai,Neural TTS,en-GB-SoniaNeural,Female,English Synth,English,4.0,16000,Raw TTS,Digital speech processing analyzes acoustic harmonics and pitch contours for accurate identification.
ai_en_089.wav,voice data/ai/ai_en_089.wav,ai,Neural TTS,en-GB-RyanNeural,Male,English Synth,English,4.0,16000,Raw TTS,Voice deepfake classification relies on extracting Mel-frequency cepstral coefficients.
ai_en_090.wav,voice data/ai/ai_en_090.wav,ai,Neural TTS,en-IN-NeerjaNeural,Female,English Synth,English,4.0,16000,Codec Simulated,Artificial intelligence models learn spectral voice representations to identify synthetic speech.
ai_en_091.wav,voice data/ai/ai_en_091.wav,ai,Neural TTS,en-US-AvaNeural,Male,English Synth,English,4.0,16000,Codec Simulated,Digital speech processing analyzes acoustic harmonics and pitch contours for accurate identification.
ai_en_092.wav,voice data/ai/ai_en_092.wav,ai,Neural TTS,en-US-AndrewNeural,Female,English Synth,English,4.0,16000,Raw TTS,Voice deepfake classification relies on extracting Mel-frequency cepstral coefficients.
ai_en_093.wav,voice data/ai/ai_en_093.wav,ai,Neural TTS,en-US-EmmaNeural,Male,English Synth,English,4.0,16000,Raw TTS,Artificial intelligence models learn spectral voice representations to identify synthetic speech.
ai_en_094.wav,voice data/ai/ai_en_094.wav,ai,Neural TTS,en-US-BrianNeural,Female,English Synth,English,4.0,16000,Raw TTS,Digital speech processing analyzes acoustic harmonics and pitch contours for accurate identification.
ai_en_095.wav,voice data/ai/ai_en_095.wav,ai,Neural TTS,en-GB-SoniaNeural,Male,English Synth,English,4.0,16000,Codec Simulated,Voice deepfake classification relies on extracting Mel-frequency cepstral coefficients.
ai_en_096.wav,voice data/ai/ai_en_096.wav,ai,Neural TTS,en-GB-RyanNeural,Female,English Synth,English,4.0,16000,Codec Simulated,Artificial intelligence models learn spectral voice representations to identify synthetic speech.
ai_en_097.wav,voice data/ai/ai_en_097.wav,ai,Neural TTS,en-IN-NeerjaNeural,Male,English Synth,English,4.0,16000,Raw TTS,Digital speech processing analyzes acoustic harmonics and pitch contours for accurate identification.
ai_en_098.wav,voice data/ai/ai_en_098.wav,ai,Neural TTS,en-US-AvaNeural,Female,English Synth,English,4.0,16000,Raw TTS,Voice deepfake classification relies on extracting Mel-frequency cepstral coefficients.
ai_en_099.wav,voice data/ai/ai_en_099.wav,ai,Neural TTS,en-US-AndrewNeural,Male,English Synth,English,4.0,16000,Raw TTS,Artificial intelligence models learn spectral voice representations to identify synthetic speech.
ai_en_100.wav,voice data/ai/ai_en_100.wav,ai,Neural TTS,en-US-EmmaNeural,Female,English Synth,English,4.0,16000,Codec Simulated,Digital speech processing analyzes acoustic harmonics and pitch contours for accurate identification.
ai_en_101.wav,voice data/ai/ai_en_101.wav,ai,Neural TTS,en-US-BrianNeural,Male,English Synth,English,4.0,16000,Codec Simulated,Voice deepfake classification relies on extracting Mel-frequency cepstral coefficients.
ai_en_102.wav,voice data/ai/ai_en_102.wav,ai,Neural TTS,en-GB-SoniaNeural,Female,English Synth,English,4.0,16000,Raw TTS,Artificial intelligence models learn spectral voice representations to identify synthetic speech.
ai_en_103.wav,voice data/ai/ai_en_103.wav,ai,Neural TTS,en-GB-RyanNeural,Male,English Synth,English,4.0,16000,Raw TTS,Digital speech processing analyzes acoustic harmonics and pitch contours for accurate identification.
ai_en_104.wav,voice data/ai/ai_en_104.wav,ai,Neural TTS,en-IN-NeerjaNeural,Female,English Synth,English,4.0,16000,Raw TTS,Voice deepfake classification relies on extracting Mel-frequency cepstral coefficients.
ai_en_105.wav,voice data/ai/ai_en_105.wav,ai,Neural TTS,en-US-AvaNeural,Male,English Synth,English,4.0,16000,Codec Simulated,Artificial intelligence models learn spectral voice representations to identify synthetic speech.
ai_en_106.wav,voice data/ai/ai_en_106.wav,ai,Neural TTS,en-US-AndrewNeural,Female,English Synth,English,4.0,16000,Codec Simulated,Digital speech processing analyzes acoustic harmonics and pitch contours for accurate identification.
ai_en_107.wav,voice data/ai/ai_en_107.wav,ai,Neural TTS,en-US-EmmaNeural,Male,English Synth,English,4.0,16000,Raw TTS,Voice deepfake classification relies on extracting Mel-frequency cepstral coefficients.
ai_en_108.wav,voice data/ai/ai_en_108.wav,ai,Neural TTS,en-US-BrianNeural,Female,English Synth,English,4.0,16000,Raw TTS,Artificial intelligence models learn spectral voice representations to identify synthetic speech.
ai_en_109.wav,voice data/ai/ai_en_109.wav,ai,Neural TTS,en-GB-SoniaNeural,Male,English Synth,English,4.0,16000,Raw TTS,Digital speech processing analyzes acoustic harmonics and pitch contours for accurate identification.
ai_en_110.wav,voice data/ai/ai_en_110.wav,ai,Neural TTS,en-GB-RyanNeural,Female,English Synth,English,4.0,16000,Codec Simulated,Voice deepfake classification relies on extracting Mel-frequency cepstral coefficients.
ai_en_111.wav,voice data/ai/ai_en_111.wav,ai,Neural TTS,en-IN-NeerjaNeural,Male,English Synth,English,4.0,16000,Codec Simulated,Artificial intelligence models learn spectral voice representations to identify synthetic speech.
ai_en_112.wav,voice data/ai/ai_en_112.wav,ai,Neural TTS,en-US-AvaNeural,Female,English Synth,English,4.0,16000,Raw TTS,Digital speech processing analyzes acoustic harmonics and pitch contours for accurate identification.
ai_en_113.wav,voice data/ai/ai_en_113.wav,ai,Neural TTS,en-US-AndrewNeural,Male,English Synth,English,4.0,16000,Raw TTS,Voice deepfake classification relies on extracting Mel-frequency cepstral coefficients.
ai_en_114.wav,voice data/ai/ai_en_114.wav,ai,Neural TTS,en-US-EmmaNeural,Female,English Synth,English,4.0,16000,Raw TTS,Artificial intelligence models learn spectral voice representations to identify synthetic speech.
ai_en_115.wav,voice data/ai/ai_en_115.wav,ai,Neural TTS,en-US-BrianNeural,Male,English Synth,English,4.0,16000,Codec Simulated,Digital speech processing analyzes acoustic harmonics and pitch contours for accurate identification.
ai_en_116.wav,voice data/ai/ai_en_116.wav,ai,Neural TTS,en-GB-SoniaNeural,Female,English Synth,English,4.0,16000,Codec Simulated,Voice deepfake classification relies on extracting Mel-frequency cepstral coefficients.
ai_en_117.wav,voice data/ai/ai_en_117.wav,ai,Neural TTS,en-GB-RyanNeural,Male,English Synth,English,4.0,16000,Raw TTS,Artificial intelligence models learn spectral voice representations to identify synthetic speech.
ai_en_118.wav,voice data/ai/ai_en_118.wav,ai,Neural TTS,en-IN-NeerjaNeural,Female,English Synth,English,4.0,16000,Raw TTS,Digital speech processing analyzes acoustic harmonics and pitch contours for accurate identification.
ai_en_119.wav,voice data/ai/ai_en_119.wav,ai,Neural TTS,en-US-AvaNeural,Male,English Synth,English,4.0,16000,Raw TTS,Voice deepfake classification relies on extracting Mel-frequency cepstral coefficients.
ai_en_120.wav,voice data/ai/ai_en_120.wav,ai,Neural TTS,en-US-AndrewNeural,Female,English Synth,English,4.0,16000,Codec Simulated,Artificial intelligence models learn spectral voice representations to identify synthetic speech.
ai_en_121.wav,voice data/ai/ai_en_121.wav,ai,Neural TTS,en-US-EmmaNeural,Male,English Synth,English,4.0,16000,Codec Simulated,Digital speech processing analyzes acoustic harmonics and pitch contours for accurate identification.
ai_en_122.wav,voice data/ai/ai_en_122.wav,ai,Neural TTS,en-US-BrianNeural,Female,English Synth,English,4.0,16000,Raw TTS,Voice deepfake classification relies on extracting Mel-frequency cepstral coefficients.
ai_en_123.wav,voice data/ai/ai_en_123.wav,ai,Neural TTS,en-GB-SoniaNeural,Male,English Synth,English,4.0,16000,Raw TTS,Artificial intelligence models learn spectral voice representations to identify synthetic speech.
ai_en_124.wav,voice data/ai/ai_en_124.wav,ai,Neural TTS,en-GB-RyanNeural,Female,English Synth,English,4.0,16000,Raw TTS,Digital speech processing analyzes acoustic harmonics and pitch contours for accurate identification.
ai_en_125.wav,voice data/ai/ai_en_125.wav,ai,Neural TTS,en-IN-NeerjaNeural,Male,English Synth,English,4.0,16000,Codec Simulated,Voice deepfake classification relies on extracting Mel-frequency cepstral coefficients.
ai_en_126.wav,voice data/ai/ai_en_126.wav,ai,Neural TTS,en-US-AvaNeural,Female,English Synth,English,4.0,16000,Codec Simulated,Artificial intelligence models learn spectral voice representations to identify synthetic speech.
ai_en_127.wav,voice data/ai/ai_en_127.wav,ai,Neural TTS,en-US-AndrewNeural,Male,English Synth,English,4.0,16000,Raw TTS,Digital speech processing analyzes acoustic harmonics and pitch contours for accurate identification.
ai_en_128.wav,voice data/ai/ai_en_128.wav,ai,Neural TTS,en-US-EmmaNeural,Female,English Synth,English,4.0,16000,Raw TTS,Voice deepfake classification relies on extracting Mel-frequency cepstral coefficients.
ai_en_129.wav,voice data/ai/ai_en_129.wav,ai,Neural TTS,en-US-BrianNeural,Male,English Synth,English,4.0,16000,Raw TTS,Artificial intelligence models learn spectral voice representations to identify synthetic speech.
ai_en_130.wav,voice data/ai/ai_en_130.wav,ai,Neural TTS,en-GB-SoniaNeural,Female,English Synth,English,4.0,16000,Codec Simulated,Digital speech processing analyzes acoustic harmonics and pitch contours for accurate identification.
ai_en_131.wav,voice data/ai/ai_en_131.wav,ai,Neural TTS,en-GB-RyanNeural,Male,English Synth,English,4.0,16000,Codec Simulated,Voice deepfake classification relies on extracting Mel-frequency cepstral coefficients.
ai_en_132.wav,voice data/ai/ai_en_132.wav,ai,Neural TTS,en-IN-NeerjaNeural,Female,English Synth,English,4.0,16000,Raw TTS,Artificial intelligence models learn spectral voice representations to identify synthetic speech.
ai_en_133.wav,voice data/ai/ai_en_133.wav,ai,Neural TTS,en-US-AvaNeural,Male,English Synth,English,4.0,16000,Raw TTS,Digital speech processing analyzes acoustic harmonics and pitch contours for accurate identification.
ai_en_134.wav,voice data/ai/ai_en_134.wav,ai,Neural TTS,en-US-AndrewNeural,Female,English Synth,English,4.0,16000,Raw TTS,Voice deepfake classification relies on extracting Mel-frequency cepstral coefficients.
ai_en_135.wav,voice data/ai/ai_en_135.wav,ai,Neural TTS,en-US-EmmaNeural,Male,English Synth,English,4.0,16000,Codec Simulated,Artificial intelligence models learn spectral voice representations to identify synthetic speech.
ai_en_136.wav,voice data/ai/ai_en_136.wav,ai,Neural TTS,en-US-BrianNeural,Female,English Synth,English,4.0,16000,Codec Simulated,Digital speech processing analyzes acoustic harmonics and pitch contours for accurate identification.
ai_en_137.wav,voice data/ai/ai_en_137.wav,ai,Neural TTS,en-GB-SoniaNeural,Male,English Synth,English,4.0,16000,Raw TTS,Voice deepfake classification relies on extracting Mel-frequency cepstral coefficients.
ai_en_138.wav,voice data/ai/ai_en_138.wav,ai,Neural TTS,en-GB-RyanNeural,Female,English Synth,English,4.0,16000,Raw TTS,Artificial intelligence models learn spectral voice representations to identify synthetic speech.
ai_en_139.wav,voice data/ai/ai_en_139.wav,ai,Neural TTS,en-IN-NeerjaNeural,Male,English Synth,English,4.0,16000,Raw TTS,Digital speech processing analyzes acoustic harmonics and pitch contours for accurate identification.
ai_en_140.wav,voice data/ai/ai_en_140.wav,ai,Neural TTS,en-US-AvaNeural,Female,English Synth,English,4.0,16000,Codec Simulated,Voice deepfake classification relies on extracting Mel-frequency cepstral coefficients.
ai_en_141.wav,voice data/ai/ai_en_141.wav,ai,Neural TTS,en-US-AndrewNeural,Male,English Synth,English,4.0,16000,Codec Simulated,Artificial intelligence models learn spectral voice representations to identify synthetic speech.
ai_en_142.wav,voice data/ai/ai_en_142.wav,ai,Neural TTS,en-US-EmmaNeural,Female,English Synth,English,4.0,16000,Raw TTS,Digital speech processing analyzes acoustic harmonics and pitch contours for accurate identification.
ai_en_143.wav,voice data/ai/ai_en_143.wav,ai,Neural TTS,en-US-BrianNeural,Male,English Synth,English,4.0,16000,Raw TTS,Voice deepfake classification relies on extracting Mel-frequency cepstral coefficients.
ai_en_144.wav,voice data/ai/ai_en_144.wav,ai,Neural TTS,en-GB-SoniaNeural,Female,English Synth,English,4.0,16000,Raw TTS,Artificial intelligence models learn spectral voice representations to identify synthetic speech.
ai_en_145.wav,voice data/ai/ai_en_145.wav,ai,Neural TTS,en-GB-RyanNeural,Male,English Synth,English,4.0,16000,Codec Simulated,Digital speech processing analyzes acoustic harmonics and pitch contours for accurate identification.
ai_en_146.wav,voice data/ai/ai_en_146.wav,ai,Neural TTS,en-IN-NeerjaNeural,Female,English Synth,English,4.0,16000,Codec Simulated,Voice deepfake classification relies on extracting Mel-frequency cepstral coefficients.
ai_en_147.wav,voice data/ai/ai_en_147.wav,ai,Neural TTS,en-US-AvaNeural,Male,English Synth,English,4.0,16000,Raw TTS,Artificial intelligence models learn spectral voice representations to identify synthetic speech.
ai_en_148.wav,voice data/ai/ai_en_148.wav,ai,Neural TTS,en-US-AndrewNeural,Female,English Synth,English,4.0,16000,Raw TTS,Digital speech processing analyzes acoustic harmonics and pitch contours for accurate identification.
ai_en_149.wav,voice data/ai/ai_en_149.wav,ai,Neural TTS,en-US-EmmaNeural,Male,English Synth,English,4.0,16000,Raw TTS,Voice deepfake classification relies on extracting Mel-frequency cepstral coefficients.
ai_en_150.wav,voice data/ai/ai_en_150.wav,ai,Neural TTS,en-US-BrianNeural,Female,English Synth,English,4.0,16000,Codec Simulated,Artificial intelligence models learn spectral voice representations to identify synthetic speech.
ai_en_151.wav,voice data/ai/ai_en_151.wav,ai,Neural TTS,en-GB-SoniaNeural,Male,English Synth,English,4.0,16000,Codec Simulated,Digital speech processing analyzes acoustic harmonics and pitch contours for accurate identification.
ai_en_152.wav,voice data/ai/ai_en_152.wav,ai,Neural TTS,en-GB-RyanNeural,Female,English Synth,English,4.0,16000,Raw TTS,Voice deepfake classification relies on extracting Mel-frequency cepstral coefficients.
ai_en_153.wav,voice data/ai/ai_en_153.wav,ai,Neural TTS,en-IN-NeerjaNeural,Male,English Synth,English,4.0,16000,Raw TTS,Artificial intelligence models learn spectral voice representations to identify synthetic speech.
ai_en_154.wav,voice data/ai/ai_en_154.wav,ai,Neural TTS,en-US-AvaNeural,Female,English Synth,English,4.0,16000,Raw TTS,Digital speech processing analyzes acoustic harmonics and pitch contours for accurate identification.
ai_en_155.wav,voice data/ai/ai_en_155.wav,ai,Neural TTS,en-US-AndrewNeural,Male,English Synth,English,4.0,16000,Codec Simulated,Voice deepfake classification relies on extracting Mel-frequency cepstral coefficients.
ai_en_156.wav,voice data/ai/ai_en_156.wav,ai,Neural TTS,en-US-EmmaNeural,Female,English Synth,English,4.0,16000,Codec Simulated,Artificial intelligence models learn spectral voice representations to identify synthetic speech.
ai_en_157.wav,voice data/ai/ai_en_157.wav,ai,Neural TTS,en-US-BrianNeural,Male,English Synth,English,4.0,16000,Raw TTS,Digital speech processing analyzes acoustic harmonics and pitch contours for accurate identification.
ai_en_158.wav,voice data/ai/ai_en_158.wav,ai,Neural TTS,en-GB-SoniaNeural,Female,English Synth,English,4.0,16000,Raw TTS,Voice deepfake classification relies on extracting Mel-frequency cepstral coefficients.
ai_en_159.wav,voice data/ai/ai_en_159.wav,ai,Neural TTS,en-GB-RyanNeural,Male,English Synth,English,4.0,16000,Raw TTS,Artificial intelligence models learn spectral voice representations to identify synthetic speech.
ai_en_160.wav,voice data/ai/ai_en_160.wav,ai,Neural TTS,en-IN-NeerjaNeural,Female,English Synth,English,4.0,16000,Codec Simulated,Digital speech processing analyzes acoustic harmonics and pitch contours for accurate identification.
ai_en_161.wav,voice data/ai/ai_en_161.wav,ai,Neural TTS,en-US-AvaNeural,Male,English Synth,English,4.0,16000,Codec Simulated,Voice deepfake classification relies on extracting Mel-frequency cepstral coefficients.
ai_en_162.wav,voice data/ai/ai_en_162.wav,ai,Neural TTS,en-US-AndrewNeural,Female,English Synth,English,4.0,16000,Raw TTS,Artificial intelligence models learn spectral voice representations to identify synthetic speech.
ai_en_163.wav,voice data/ai/ai_en_163.wav,ai,Neural TTS,en-US-EmmaNeural,Male,English Synth,English,4.0,16000,Raw TTS,Digital speech processing analyzes acoustic harmonics and pitch contours for accurate identification.
ai_en_164.wav,voice data/ai/ai_en_164.wav,ai,Neural TTS,en-US-BrianNeural,Female,English Synth,English,4.0,16000,Raw TTS,Voice deepfake classification relies on extracting Mel-frequency cepstral coefficients.
ai_en_165.wav,voice data/ai/ai_en_165.wav,ai,Neural TTS,en-GB-SoniaNeural,Male,English Synth,English,4.0,16000,Codec Simulated,Artificial intelligence models learn spectral voice representations to identify synthetic speech.
ai_en_166.wav,voice data/ai/ai_en_166.wav,ai,Neural TTS,en-GB-RyanNeural,Female,English Synth,English,4.0,16000,Codec Simulated,Digital speech processing analyzes acoustic harmonics and pitch contours for accurate identification.
ai_en_167.wav,voice data/ai/ai_en_167.wav,ai,Neural TTS,en-IN-NeerjaNeural,Male,English Synth,English,4.0,16000,Raw TTS,Voice deepfake classification relies on extracting Mel-frequency cepstral coefficients.
ai_en_168.wav,voice data/ai/ai_en_168.wav,ai,Neural TTS,en-US-AvaNeural,Female,English Synth,English,4.0,16000,Raw TTS,Artificial intelligence models learn spectral voice representations to identify synthetic speech.
ai_en_169.wav,voice data/ai/ai_en_169.wav,ai,Neural TTS,en-US-AndrewNeural,Male,English Synth,English,4.0,16000,Raw TTS,Digital speech processing analyzes acoustic harmonics and pitch contours for accurate identification.
ai_en_170.wav,voice data/ai/ai_en_170.wav,ai,Neural TTS,en-US-EmmaNeural,Female,English Synth,English,4.0,16000,Codec Simulated,Voice deepfake classification relies on extracting Mel-frequency cepstral coefficients.
ai_en_171.wav,voice data/ai/ai_en_171.wav,ai,Neural TTS,en-US-BrianNeural,Male,English Synth,English,4.0,16000,Codec Simulated,Artificial intelligence models learn spectral voice representations to identify synthetic speech.
ai_en_172.wav,voice data/ai/ai_en_172.wav,ai,Neural TTS,en-GB-SoniaNeural,Female,English Synth,English,4.0,16000,Raw TTS,Digital speech processing analyzes acoustic harmonics and pitch contours for accurate identification.
ai_en_173.wav,voice data/ai/ai_en_173.wav,ai,Neural TTS,en-GB-RyanNeural,Male,English Synth,English,4.0,16000,Raw TTS,Voice deepfake classification relies on extracting Mel-frequency cepstral coefficients.
ai_en_174.wav,voice data/ai/ai_en_174.wav,ai,Neural TTS,en-IN-NeerjaNeural,Female,English Synth,English,4.0,16000,Raw TTS,Artificial intelligence models learn spectral voice representations to identify synthetic speech.
ai_en_175.wav,voice data/ai/ai_en_175.wav,ai,Neural TTS,en-US-AvaNeural,Male,English Synth,English,4.0,16000,Codec Simulated,Digital speech processing analyzes acoustic harmonics and pitch contours for accurate identification.
ai_en_176.wav,voice data/ai/ai_en_176.wav,ai,Neural TTS,en-US-AndrewNeural,Female,English Synth,English,4.0,16000,Codec Simulated,Voice deepfake classification relies on extracting Mel-frequency cepstral coefficients.
ai_en_177.wav,voice data/ai/ai_en_177.wav,ai,Neural TTS,en-US-EmmaNeural,Male,English Synth,English,4.0,16000,Raw TTS,Artificial intelligence models learn spectral voice representations to identify synthetic speech.
ai_en_178.wav,voice data/ai/ai_en_178.wav,ai,Neural TTS,en-US-BrianNeural,Female,English Synth,English,4.0,16000,Raw TTS,Digital speech processing analyzes acoustic harmonics and pitch contours for accurate identification.
ai_en_179.wav,voice data/ai/ai_en_179.wav,ai,Neural TTS,en-GB-SoniaNeural,Male,English Synth,English,4.0,16000,Raw TTS,Voice deepfake classification relies on extracting Mel-frequency cepstral coefficients.
ai_en_180.wav,voice data/ai/ai_en_180.wav,ai,Neural TTS,en-GB-RyanNeural,Female,English Synth,English,4.0,16000,Codec Simulated,Artificial intelligence models learn spectral voice representations to identify synthetic speech.
ai_en_181.wav,voice data/ai/ai_en_181.wav,ai,Neural TTS,en-IN-NeerjaNeural,Male,English Synth,English,4.0,16000,Codec Simulated,Digital speech processing analyzes acoustic harmonics and pitch contours for accurate identification.
ai_en_182.wav,voice data/ai/ai_en_182.wav,ai,Neural TTS,en-US-AvaNeural,Female,English Synth,English,4.0,16000,Raw TTS,Voice deepfake classification relies on extracting Mel-frequency cepstral coefficients.
ai_en_183.wav,voice data/ai/ai_en_183.wav,ai,Neural TTS,en-US-AndrewNeural,Male,English Synth,English,4.0,16000,Raw TTS,Artificial intelligence models learn spectral voice representations to identify synthetic speech.
ai_en_184.wav,voice data/ai/ai_en_184.wav,ai,Neural TTS,en-US-EmmaNeural,Female,English Synth,English,4.0,16000,Raw TTS,Digital speech processing analyzes acoustic harmonics and pitch contours for accurate identification.
ai_en_185.wav,voice data/ai/ai_en_185.wav,ai,Neural TTS,en-US-BrianNeural,Male,English Synth,English,4.0,16000,Codec Simulated,Voice deepfake classification relies on extracting Mel-frequency cepstral coefficients.
ai_en_186.wav,voice data/ai/ai_en_186.wav,ai,Neural TTS,en-GB-SoniaNeural,Female,English Synth,English,4.0,16000,Codec Simulated,Artificial intelligence models learn spectral voice representations to identify synthetic speech.
ai_en_187.wav,voice data/ai/ai_en_187.wav,ai,Neural TTS,en-GB-RyanNeural,Male,English Synth,English,4.0,16000,Raw TTS,Digital speech processing analyzes acoustic harmonics and pitch contours for accurate identification.
ai_en_188.wav,voice data/ai/ai_en_188.wav,ai,Neural TTS,en-IN-NeerjaNeural,Female,English Synth,English,4.0,16000,Raw TTS,Voice deepfake classification relies on extracting Mel-frequency cepstral coefficients.
ai_en_189.wav,voice data/ai/ai_en_189.wav,ai,Neural TTS,en-US-AvaNeural,Male,English Synth,English,4.0,16000,Raw TTS,Artificial intelligence models learn spectral voice representations to identify synthetic speech.
ai_en_190.wav,voice data/ai/ai_en_190.wav,ai,Neural TTS,en-US-AndrewNeural,Female,English Synth,English,4.0,16000,Codec Simulated,Digital speech processing analyzes acoustic harmonics and pitch contours for accurate identification.
ai_en_191.wav,voice data/ai/ai_en_191.wav,ai,Neural TTS,en-US-EmmaNeural,Male,English Synth,English,4.0,16000,Codec Simulated,Voice deepfake classification relies on extracting Mel-frequency cepstral coefficients.
ai_en_192.wav,voice data/ai/ai_en_192.wav,ai,Neural TTS,en-US-BrianNeural,Female,English Synth,English,4.0,16000,Raw TTS,Artificial intelligence models learn spectral voice representations to identify synthetic speech.
ai_en_193.wav,voice data/ai/ai_en_193.wav,ai,Neural TTS,en-GB-SoniaNeural,Male,English Synth,English,4.0,16000,Raw TTS,Digital speech processing analyzes acoustic harmonics and pitch contours for accurate identification.
ai_en_194.wav,voice data/ai/ai_en_194.wav,ai,Neural TTS,en-GB-RyanNeural,Female,English Synth,English,4.0,16000,Raw TTS,Voice deepfake classification relies on extracting Mel-frequency cepstral coefficients.
ai_en_195.wav,voice data/ai/ai_en_195.wav,ai,Neural TTS,en-IN-NeerjaNeural,Male,English Synth,English,4.0,16000,Codec Simulated,Artificial intelligence models learn spectral voice representations to identify synthetic speech.
ai_en_196.wav,voice data/ai/ai_en_196.wav,ai,Neural TTS,en-US-AvaNeural,Female,English Synth,English,4.0,16000,Codec Simulated,Digital speech processing analyzes acoustic harmonics and pitch contours for accurate identification.
ai_en_197.wav,voice data/ai/ai_en_197.wav,ai,Neural TTS,en-US-AndrewNeural,Male,English Synth,English,4.0,16000,Raw TTS,Voice deepfake classification relies on extracting Mel-frequency cepstral coefficients.
ai_en_198.wav,voice data/ai/ai_en_198.wav,ai,Neural TTS,en-US-EmmaNeural,Female,English Synth,English,4.0,16000,Raw TTS,Artificial intelligence models learn spectral voice representations to identify synthetic speech.
ai_en_199.wav,voice data/ai/ai_en_199.wav,ai,Neural TTS,en-US-BrianNeural,Male,English Synth,English,4.0,16000,Raw TTS,Digital speech processing analyzes acoustic harmonics and pitch contours for accurate identification.
ai_en_200.wav,voice data/ai/ai_en_200.wav,ai,Neural TTS,en-GB-SoniaNeural,Female,English Synth,English,4.0,16000,Codec Simulated,Voice deepfake classification relies on extracting Mel-frequency cepstral coefficients.
ai_en_201.wav,voice data/ai/ai_en_201.wav,ai,Neural TTS,en-GB-RyanNeural,Male,English Synth,English,4.0,16000,Codec Simulated,Artificial intelligence models learn spectral voice representations to identify synthetic speech.
ai_en_202.wav,voice data/ai/ai_en_202.wav,ai,Neural TTS,en-IN-NeerjaNeural,Female,English Synth,English,4.0,16000,Raw TTS,Digital speech processing analyzes acoustic harmonics and pitch contours for accurate identification.
ai_en_203.wav,voice data/ai/ai_en_203.wav,ai,Neural TTS,en-US-AvaNeural,Male,English Synth,English,4.0,16000,Raw TTS,Voice deepfake classification relies on extracting Mel-frequency cepstral coefficients.
ai_en_204.wav,voice data/ai/ai_en_204.wav,ai,Neural TTS,en-US-AndrewNeural,Female,English Synth,English,4.0,16000,Raw TTS,Artificial intelligence models learn spectral voice representations to identify synthetic speech.
ai_en_205.wav,voice data/ai/ai_en_205.wav,ai,Neural TTS,en-US-EmmaNeural,Male,English Synth,English,4.0,16000,Codec Simulated,Digital speech processing analyzes acoustic harmonics and pitch contours for accurate identification.
ai_en_206.wav,voice data/ai/ai_en_206.wav,ai,Neural TTS,en-US-BrianNeural,Female,English Synth,English,4.0,16000,Codec Simulated,Voice deepfake classification relies on extracting Mel-frequency cepstral coefficients.
ai_en_207.wav,voice data/ai/ai_en_207.wav,ai,Neural TTS,en-GB-SoniaNeural,Male,English Synth,English,4.0,16000,Raw TTS,Artificial intelligence models learn spectral voice representations to identify synthetic speech.
ai_en_208.wav,voice data/ai/ai_en_208.wav,ai,Neural TTS,en-GB-RyanNeural,Female,English Synth,English,4.0,16000,Raw TTS,Digital speech processing analyzes acoustic harmonics and pitch contours for accurate identification.
ai_en_209.wav,voice data/ai/ai_en_209.wav,ai,Neural TTS,en-IN-NeerjaNeural,Male,English Synth,English,4.0,16000,Raw TTS,Voice deepfake classification relies on extracting Mel-frequency cepstral coefficients.
ai_en_210.wav,voice data/ai/ai_en_210.wav,ai,Neural TTS,en-US-AvaNeural,Female,English Synth,English,4.0,16000,Codec Simulated,Artificial intelligence models learn spectral voice representations to identify synthetic speech.
ai_en_211.wav,voice data/ai/ai_en_211.wav,ai,Neural TTS,en-US-AndrewNeural,Male,English Synth,English,4.0,16000,Codec Simulated,Digital speech processing analyzes acoustic harmonics and pitch contours for accurate identification.
ai_en_212.wav,voice data/ai/ai_en_212.wav,ai,Neural TTS,en-US-EmmaNeural,Female,English Synth,English,4.0,16000,Raw TTS,Voice deepfake classification relies on extracting Mel-frequency cepstral coefficients.
ai_en_213.wav,voice data/ai/ai_en_213.wav,ai,Neural TTS,en-US-BrianNeural,Male,English Synth,English,4.0,16000,Raw TTS,Artificial intelligence models learn spectral voice representations to identify synthetic speech.
ai_en_214.wav,voice data/ai/ai_en_214.wav,ai,Neural TTS,en-GB-SoniaNeural,Female,English Synth,English,4.0,16000,Raw TTS,Digital speech processing analyzes acoustic harmonics and pitch contours for accurate identification.
ai_en_215.wav,voice data/ai/ai_en_215.wav,ai,Neural TTS,en-GB-RyanNeural,Male,English Synth,English,4.0,16000,Codec Simulated,Voice deepfake classification relies on extracting Mel-frequency cepstral coefficients.
ai_en_216.wav,voice data/ai/ai_en_216.wav,ai,Neural TTS,en-IN-NeerjaNeural,Female,English Synth,English,4.0,16000,Codec Simulated,Artificial intelligence models learn spectral voice representations to identify synthetic speech.
ai_en_217.wav,voice data/ai/ai_en_217.wav,ai,Neural TTS,en-US-AvaNeural,Male,English Synth,English,4.0,16000,Raw TTS,Digital speech processing analyzes acoustic harmonics and pitch contours for accurate identification.
ai_en_218.wav,voice data/ai/ai_en_218.wav,ai,Neural TTS,en-US-AndrewNeural,Female,English Synth,English,4.0,16000,Raw TTS,Voice deepfake classification relies on extracting Mel-frequency cepstral coefficients.
ai_en_219.wav,voice data/ai/ai_en_219.wav,ai,Neural TTS,en-US-EmmaNeural,Male,English Synth,English,4.0,16000,Raw TTS,Artificial intelligence models learn spectral voice representations to identify synthetic speech.
ai_en_220.wav,voice data/ai/ai_en_220.wav,ai,Neural TTS,en-US-BrianNeural,Female,English Synth,English,4.0,16000,Codec Simulated,Digital speech processing analyzes acoustic harmonics and pitch contours for accurate identification.
ai_en_221.wav,voice data/ai/ai_en_221.wav,ai,Neural TTS,en-GB-SoniaNeural,Male,English Synth,English,4.0,16000,Codec Simulated,Voice deepfake classification relies on extracting Mel-frequency cepstral coefficients.
ai_en_222.wav,voice data/ai/ai_en_222.wav,ai,Neural TTS,en-GB-RyanNeural,Female,English Synth,English,4.0,16000,Raw TTS,Artificial intelligence models learn spectral voice representations to identify synthetic speech.
ai_en_223.wav,voice data/ai/ai_en_223.wav,ai,Neural TTS,en-IN-NeerjaNeural,Male,English Synth,English,4.0,16000,Raw TTS,Digital speech processing analyzes acoustic harmonics and pitch contours for accurate identification.
ai_en_224.wav,voice data/ai/ai_en_224.wav,ai,Neural TTS,en-US-AvaNeural,Female,English Synth,English,4.0,16000,Raw TTS,Voice deepfake classification relies on extracting Mel-frequency cepstral coefficients.
ai_en_225.wav,voice data/ai/ai_en_225.wav,ai,Neural TTS,en-US-AndrewNeural,Male,English Synth,English,4.0,16000,Codec Simulated,Artificial intelligence models learn spectral voice representations to identify synthetic speech.
ai_en_226.wav,voice data/ai/ai_en_226.wav,ai,Neural TTS,en-US-EmmaNeural,Female,English Synth,English,4.0,16000,Codec Simulated,Digital speech processing analyzes acoustic harmonics and pitch contours for accurate identification.
ai_en_227.wav,voice data/ai/ai_en_227.wav,ai,Neural TTS,en-US-BrianNeural,Male,English Synth,English,4.0,16000,Raw TTS,Voice deepfake classification relies on extracting Mel-frequency cepstral coefficients.
ai_en_228.wav,voice data/ai/ai_en_228.wav,ai,Neural TTS,en-GB-SoniaNeural,Female,English Synth,English,4.0,16000,Raw TTS,Artificial intelligence models learn spectral voice representations to identify synthetic speech.
ai_en_229.wav,voice data/ai/ai_en_229.wav,ai,Neural TTS,en-GB-RyanNeural,Male,English Synth,English,4.0,16000,Raw TTS,Digital speech processing analyzes acoustic harmonics and pitch contours for accurate identification.
ai_en_230.wav,voice data/ai/ai_en_230.wav,ai,Neural TTS,en-IN-NeerjaNeural,Female,English Synth,English,4.0,16000,Codec Simulated,Voice deepfake classification relies on extracting Mel-frequency cepstral coefficients.
ai_en_231.wav,voice data/ai/ai_en_231.wav,ai,Neural TTS,en-US-AvaNeural,Male,English Synth,English,4.0,16000,Codec Simulated,Artificial intelligence models learn spectral voice representations to identify synthetic speech.
ai_en_232.wav,voice data/ai/ai_en_232.wav,ai,Neural TTS,en-US-AndrewNeural,Female,English Synth,English,4.0,16000,Raw TTS,Digital speech processing analyzes acoustic harmonics and pitch contours for accurate identification.
ai_en_233.wav,voice data/ai/ai_en_233.wav,ai,Neural TTS,en-US-EmmaNeural,Male,English Synth,English,4.0,16000,Raw TTS,Voice deepfake classification relies on extracting Mel-frequency cepstral coefficients.
ai_en_234.wav,voice data/ai/ai_en_234.wav,ai,Neural TTS,en-US-BrianNeural,Female,English Synth,English,4.0,16000,Raw TTS,Artificial intelligence models learn spectral voice representations to identify synthetic speech.
ai_en_235.wav,voice data/ai/ai_en_235.wav,ai,Neural TTS,en-GB-SoniaNeural,Male,English Synth,English,4.0,16000,Codec Simulated,Digital speech processing analyzes acoustic harmonics and pitch contours for accurate identification.
ai_en_236.wav,voice data/ai/ai_en_236.wav,ai,Neural TTS,en-GB-RyanNeural,Female,English Synth,English,4.0,16000,Codec Simulated,Voice deepfake classification relies on extracting Mel-frequency cepstral coefficients.
ai_en_237.wav,voice data/ai/ai_en_237.wav,ai,Neural TTS,en-IN-NeerjaNeural,Male,English Synth,English,4.0,16000,Raw TTS,Artificial intelligence models learn spectral voice representations to identify synthetic speech.
ai_en_238.wav,voice data/ai/ai_en_238.wav,ai,Neural TTS,en-US-AvaNeural,Female,English Synth,English,4.0,16000,Raw TTS,Digital speech processing analyzes acoustic harmonics and pitch contours for accurate identification.
ai_en_239.wav,voice data/ai/ai_en_239.wav,ai,Neural TTS,en-US-AndrewNeural,Male,English Synth,English,4.0,16000,Raw TTS,Voice deepfake classification relies on extracting Mel-frequency cepstral coefficients.
ai_en_240.wav,voice data/ai/ai_en_240.wav,ai,Neural TTS,en-US-EmmaNeural,Female,English Synth,English,4.0,16000,Codec Simulated,Artificial intelligence models learn spectral voice representations to identify synthetic speech.
ai_en_241.wav,voice data/ai/ai_en_241.wav,ai,Neural TTS,en-US-BrianNeural,Male,English Synth,English,4.0,16000,Codec Simulated,Digital speech processing analyzes acoustic harmonics and pitch contours for accurate identification.
ai_en_242.wav,voice data/ai/ai_en_242.wav,ai,Neural TTS,en-GB-SoniaNeural,Female,English Synth,English,4.0,16000,Raw TTS,Voice deepfake classification relies on extracting Mel-frequency cepstral coefficients.
ai_en_243.wav,voice data/ai/ai_en_243.wav,ai,Neural TTS,en-GB-RyanNeural,Male,English Synth,English,4.0,16000,Raw TTS,Artificial intelligence models learn spectral voice representations to identify synthetic speech.
ai_en_244.wav,voice data/ai/ai_en_244.wav,ai,Neural TTS,en-IN-NeerjaNeural,Female,English Synth,English,4.0,16000,Raw TTS,Digital speech processing analyzes acoustic harmonics and pitch contours for accurate identification.
ai_en_245.wav,voice data/ai/ai_en_245.wav,ai,Neural TTS,en-US-AvaNeural,Male,English Synth,English,4.0,16000,Codec Simulated,Voice deepfake classification relies on extracting Mel-frequency cepstral coefficients.
ai_en_246.wav,voice data/ai/ai_en_246.wav,ai,Neural TTS,en-US-AndrewNeural,Female,English Synth,English,4.0,16000,Codec Simulated,Artificial intelligence models learn spectral voice representations to identify synthetic speech.
ai_en_247.wav,voice data/ai/ai_en_247.wav,ai,Neural TTS,en-US-EmmaNeural,Male,English Synth,English,4.0,16000,Raw TTS,Digital speech processing analyzes acoustic harmonics and pitch contours for accurate identification.
ai_en_248.wav,voice data/ai/ai_en_248.wav,ai,Neural TTS,en-US-BrianNeural,Female,English Synth,English,4.0,16000,Raw TTS,Voice deepfake classification relies on extracting Mel-frequency cepstral coefficients.
ai_en_249.wav,voice data/ai/ai_en_249.wav,ai,Neural TTS,en-GB-SoniaNeural,Male,English Synth,English,4.0,16000,Raw TTS,Artificial intelligence models learn spectral voice representations to identify synthetic speech.
ai_en_250.wav,voice data/ai/ai_en_250.wav,ai,Neural TTS,en-GB-RyanNeural,Female,English Synth,English,4.0,16000,Codec Simulated,Digital speech processing analyzes acoustic harmonics and pitch contours for accurate identification.
ai_en_251.wav,voice data/ai/ai_en_251.wav,ai,Neural TTS,en-IN-NeerjaNeural,Male,English Synth,English,4.0,16000,Codec Simulated,Voice deepfake classification relies on extracting Mel-frequency cepstral coefficients.
ai_en_252.wav,voice data/ai/ai_en_252.wav,ai,Neural TTS,en-US-AvaNeural,Female,English Synth,English,4.0,16000,Raw TTS,Artificial intelligence models learn spectral voice representations to identify synthetic speech.
ai_en_253.wav,voice data/ai/ai_en_253.wav,ai,Neural TTS,en-US-AndrewNeural,Male,English Synth,English,4.0,16000,Raw TTS,Digital speech processing analyzes acoustic harmonics and pitch contours for accurate identification.
ai_en_254.wav,voice data/ai/ai_en_254.wav,ai,Neural TTS,en-US-EmmaNeural,Female,English Synth,English,4.0,16000,Raw TTS,Voice deepfake classification relies on extracting Mel-frequency cepstral coefficients.
ai_en_255.wav,voice data/ai/ai_en_255.wav,ai,Neural TTS,en-US-BrianNeural,Male,English Synth,English,4.0,16000,Codec Simulated,Artificial intelligence models learn spectral voice representations to identify synthetic speech.
ai_en_256.wav,voice data/ai/ai_en_256.wav,ai,Neural TTS,en-GB-SoniaNeural,Female,English Synth,English,4.0,16000,Codec Simulated,Digital speech processing analyzes acoustic harmonics and pitch contours for accurate identification.
ai_en_257.wav,voice data/ai/ai_en_257.wav,ai,Neural TTS,en-GB-RyanNeural,Male,English Synth,English,4.0,16000,Raw TTS,Voice deepfake classification relies on extracting Mel-frequency cepstral coefficients.
ai_en_258.wav,voice data/ai/ai_en_258.wav,ai,Neural TTS,en-IN-NeerjaNeural,Female,English Synth,English,4.0,16000,Raw TTS,Artificial intelligence models learn spectral voice representations to identify synthetic speech.
ai_en_259.wav,voice data/ai/ai_en_259.wav,ai,Neural TTS,en-US-AvaNeural,Male,English Synth,English,4.0,16000,Raw TTS,Digital speech processing analyzes acoustic harmonics and pitch contours for accurate identification.
ai_en_260.wav,voice data/ai/ai_en_260.wav,ai,Neural TTS,en-US-AndrewNeural,Female,English Synth,English,4.0,16000,Codec Simulated,Voice deepfake classification relies on extracting Mel-frequency cepstral coefficients.
ai_en_261.wav,voice data/ai/ai_en_261.wav,ai,Neural TTS,en-US-EmmaNeural,Male,English Synth,English,4.0,16000,Codec Simulated,Artificial intelligence models learn spectral voice representations to identify synthetic speech.
ai_en_262.wav,voice data/ai/ai_en_262.wav,ai,Neural TTS,en-US-BrianNeural,Female,English Synth,English,4.0,16000,Raw TTS,Digital speech processing analyzes acoustic harmonics and pitch contours for accurate identification.
ai_en_263.wav,voice data/ai/ai_en_263.wav,ai,Neural TTS,en-GB-SoniaNeural,Male,English Synth,English,4.0,16000,Raw TTS,Voice deepfake classification relies on extracting Mel-frequency cepstral coefficients.
ai_en_264.wav,voice data/ai/ai_en_264.wav,ai,Neural TTS,en-GB-RyanNeural,Female,English Synth,English,4.0,16000,Raw TTS,Artificial intelligence models learn spectral voice representations to identify synthetic speech.
ai_en_265.wav,voice data/ai/ai_en_265.wav,ai,Neural TTS,en-IN-NeerjaNeural,Male,English Synth,English,4.0,16000,Codec Simulated,Digital speech processing analyzes acoustic harmonics and pitch contours for accurate identification.
ai_en_266.wav,voice data/ai/ai_en_266.wav,ai,Neural TTS,en-US-AvaNeural,Female,English Synth,English,4.0,16000,Codec Simulated,Voice deepfake classification relies on extracting Mel-frequency cepstral coefficients.
ai_en_267.wav,voice data/ai/ai_en_267.wav,ai,Neural TTS,en-US-AndrewNeural,Male,English Synth,English,4.0,16000,Raw TTS,Artificial intelligence models learn spectral voice representations to identify synthetic speech.
ai_en_268.wav,voice data/ai/ai_en_268.wav,ai,Neural TTS,en-US-EmmaNeural,Female,English Synth,English,4.0,16000,Raw TTS,Digital speech processing analyzes acoustic harmonics and pitch contours for accurate identification.
ai_en_269.wav,voice data/ai/ai_en_269.wav,ai,Neural TTS,en-US-BrianNeural,Male,English Synth,English,4.0,16000,Raw TTS,Voice deepfake classification relies on extracting Mel-frequency cepstral coefficients.
ai_en_270.wav,voice data/ai/ai_en_270.wav,ai,Neural TTS,en-GB-SoniaNeural,Female,English Synth,English,4.0,16000,Codec Simulated,Artificial intelligence models learn spectral voice representations to identify synthetic speech.
ai_en_271.wav,voice data/ai/ai_en_271.wav,ai,Neural TTS,en-GB-RyanNeural,Male,English Synth,English,4.0,16000,Codec Simulated,Digital speech processing analyzes acoustic harmonics and pitch contours for accurate identification.
ai_en_272.wav,voice data/ai/ai_en_272.wav,ai,Neural TTS,en-IN-NeerjaNeural,Female,English Synth,English,4.0,16000,Raw TTS,Voice deepfake classification relies on extracting Mel-frequency cepstral coefficients.
ai_en_273.wav,voice data/ai/ai_en_273.wav,ai,Neural TTS,en-US-AvaNeural,Male,English Synth,English,4.0,16000,Raw TTS,Artificial intelligence models learn spectral voice representations to identify synthetic speech.
ai_en_274.wav,voice data/ai/ai_en_274.wav,ai,Neural TTS,en-US-AndrewNeural,Female,English Synth,English,4.0,16000,Raw TTS,Digital speech processing analyzes acoustic harmonics and pitch contours for accurate identification.
ai_en_275.wav,voice data/ai/ai_en_275.wav,ai,Neural TTS,en-US-EmmaNeural,Male,English Synth,English,4.0,16000,Codec Simulated,Voice deepfake classification relies on extracting Mel-frequency cepstral coefficients.
ai_en_276.wav,voice data/ai/ai_en_276.wav,ai,Neural TTS,en-US-BrianNeural,Female,English Synth,English,4.0,16000,Codec Simulated,Artificial intelligence models learn spectral voice representations to identify synthetic speech.
ai_en_277.wav,voice data/ai/ai_en_277.wav,ai,Neural TTS,en-GB-SoniaNeural,Male,English Synth,English,4.0,16000,Raw TTS,Digital speech processing analyzes acoustic harmonics and pitch contours for accurate identification.
ai_en_278.wav,voice data/ai/ai_en_278.wav,ai,Neural TTS,en-GB-RyanNeural,Female,English Synth,English,4.0,16000,Raw TTS,Voice deepfake classification relies on extracting Mel-frequency cepstral coefficients.
ai_en_279.wav,voice data/ai/ai_en_279.wav,ai,Neural TTS,en-IN-NeerjaNeural,Male,English Synth,English,4.0,16000,Raw TTS,Artificial intelligence models learn spectral voice representations to identify synthetic speech.
ai_en_280.wav,voice data/ai/ai_en_280.wav,ai,Neural TTS,en-US-AvaNeural,Female,English Synth,English,4.0,16000,Codec Simulated,Digital speech processing analyzes acoustic harmonics and pitch contours for accurate identification.
ai_en_281.wav,voice data/ai/ai_en_281.wav,ai,Neural TTS,en-US-AndrewNeural,Male,English Synth,English,4.0,16000,Codec Simulated,Voice deepfake classification relies on extracting Mel-frequency cepstral coefficients.
ai_en_282.wav,voice data/ai/ai_en_282.wav,ai,Neural TTS,en-US-EmmaNeural,Female,English Synth,English,4.0,16000,Raw TTS,Artificial intelligence models learn spectral voice representations to identify synthetic speech.
ai_en_283.wav,voice data/ai/ai_en_283.wav,ai,Neural TTS,en-US-BrianNeural,Male,English Synth,English,4.0,16000,Raw TTS,Digital speech processing analyzes acoustic harmonics and pitch contours for accurate identification.
ai_en_284.wav,voice data/ai/ai_en_284.wav,ai,Neural TTS,en-GB-SoniaNeural,Female,English Synth,English,4.0,16000,Raw TTS,Voice deepfake classification relies on extracting Mel-frequency cepstral coefficients.
ai_en_285.wav,voice data/ai/ai_en_285.wav,ai,Neural TTS,en-GB-RyanNeural,Male,English Synth,English,4.0,16000,Codec Simulated,Artificial intelligence models learn spectral voice representations to identify synthetic speech.
ai_en_286.wav,voice data/ai/ai_en_286.wav,ai,Neural TTS,en-IN-NeerjaNeural,Female,English Synth,English,4.0,16000,Codec Simulated,Digital speech processing analyzes acoustic harmonics and pitch contours for accurate identification.
ai_en_287.wav,voice data/ai/ai_en_287.wav,ai,Neural TTS,en-US-AvaNeural,Male,English Synth,English,4.0,16000,Raw TTS,Voice deepfake classification relies on extracting Mel-frequency cepstral coefficients.
ai_en_288.wav,voice data/ai/ai_en_288.wav,ai,Neural TTS,en-US-AndrewNeural,Female,English Synth,English,4.0,16000,Raw TTS,Artificial intelligence models learn spectral voice representations to identify synthetic speech.
ai_en_289.wav,voice data/ai/ai_en_289.wav,ai,Neural TTS,en-US-EmmaNeural,Male,English Synth,English,4.0,16000,Raw TTS,Digital speech processing analyzes acoustic harmonics and pitch contours for accurate identification.
ai_en_290.wav,voice data/ai/ai_en_290.wav,ai,Neural TTS,en-US-BrianNeural,Female,English Synth,English,4.0,16000,Codec Simulated,Voice deepfake classification relies on extracting Mel-frequency cepstral coefficients.
ai_en_291.wav,voice data/ai/ai_en_291.wav,ai,Neural TTS,en-GB-SoniaNeural,Male,English Synth,English,4.0,16000,Codec Simulated,Artificial intelligence models learn spectral voice representations to identify synthetic speech.
ai_en_292.wav,voice data/ai/ai_en_292.wav,ai,Neural TTS,en-GB-RyanNeural,Female,English Synth,English,4.0,16000,Raw TTS,Digital speech processing analyzes acoustic harmonics and pitch contours for accurate identification.
ai_en_293.wav,voice data/ai/ai_en_293.wav,ai,Neural TTS,en-IN-NeerjaNeural,Male,English Synth,English,4.0,16000,Raw TTS,Voice deepfake classification relies on extracting Mel-frequency cepstral coefficients.
ai_en_294.wav,voice data/ai/ai_en_294.wav,ai,Neural TTS,en-US-AvaNeural,Female,English Synth,English,4.0,16000,Raw TTS,Artificial intelligence models learn spectral voice representations to identify synthetic speech.
ai_en_295.wav,voice data/ai/ai_en_295.wav,ai,Neural TTS,en-US-AndrewNeural,Male,English Synth,English,4.0,16000,Codec Simulated,Digital speech processing analyzes acoustic harmonics and pitch contours for accurate identification.
ai_en_296.wav,voice data/ai/ai_en_296.wav,ai,Neural TTS,en-US-EmmaNeural,Female,English Synth,English,4.0,16000,Codec Simulated,Voice deepfake classification relies on extracting Mel-frequency cepstral coefficients.
ai_en_297.wav,voice data/ai/ai_en_297.wav,ai,Neural TTS,en-US-BrianNeural,Male,English Synth,English,4.0,16000,Raw TTS,Artificial intelligence models learn spectral voice representations to identify synthetic speech.
ai_en_298.wav,voice data/ai/ai_en_298.wav,ai,Neural TTS,en-GB-SoniaNeural,Female,English Synth,English,4.0,16000,Raw TTS,Digital speech processing analyzes acoustic harmonics and pitch contours for accurate identification.
ai_en_299.wav,voice data/ai/ai_en_299.wav,ai,Neural TTS,en-GB-RyanNeural,Male,English Synth,English,4.0,16000,Raw TTS,Voice deepfake classification relies on extracting Mel-frequency cepstral coefficients.
ai_en_300.wav,voice data/ai/ai_en_300.wav,ai,Neural TTS,en-IN-NeerjaNeural,Female,English Synth,English,4.0,16000,Codec Simulated,Artificial intelligence models learn spectral voice representations to identify synthetic speech.
ai_hi_001.wav,voice data/ai/ai_hi_001.wav,ai,Neural TTS,hi-IN-MadhurNeural,Male,Hindi Synth,Hindi,4.0,16000,Codec Simulated,ऑडियो सिग्नल प्रोसेसिंग मॉडल डिजिटल वॉयस फीचर्स का गहन विश्लेषण करते हैं।
ai_hi_002.wav,voice data/ai/ai_hi_002.wav,ai,Neural TTS,hi-IN-SwaraNeural,Female,Hindi Synth,Hindi,4.0,16000,Raw TTS,कृत्रिम बुद्धिमत्ता और मशीन लर्निंग तकनीक आवाज पहचान प्रणाली में क्रांतिकारी परिवर्तन ला रही हैं।
ai_hi_003.wav,voice data/ai/ai_hi_003.wav,ai,Neural TTS,hi-IN-MadhurNeural,Male,Hindi Synth,Hindi,4.0,16000,Raw TTS,ऑडियो सिग्नल प्रोसेसिंग मॉडल डिजिटल वॉयस फीचर्स का गहन विश्लेषण करते हैं।
ai_hi_004.wav,voice data/ai/ai_hi_004.wav,ai,Neural TTS,hi-IN-SwaraNeural,Female,Hindi Synth,Hindi,4.0,16000,Raw TTS,कृत्रिम बुद्धिमत्ता और मशीन लर्निंग तकनीक आवाज पहचान प्रणाली में क्रांतिकारी परिवर्तन ला रही हैं।
ai_hi_005.wav,voice data/ai/ai_hi_005.wav,ai,Neural TTS,hi-IN-MadhurNeural,Male,Hindi Synth,Hindi,4.0,16000,Codec Simulated,ऑडियो सिग्नल प्रोसेसिंग मॉडल डिजिटल वॉयस फीचर्स का गहन विश्लेषण करते हैं।
ai_hi_006.wav,voice data/ai/ai_hi_006.wav,ai,Neural TTS,hi-IN-SwaraNeural,Female,Hindi Synth,Hindi,4.0,16000,Codec Simulated,कृत्रिम बुद्धिमत्ता और मशीन लर्निंग तकनीक आवाज पहचान प्रणाली में क्रांतिकारी परिवर्तन ला रही हैं।
ai_hi_007.wav,voice data/ai/ai_hi_007.wav,ai,Neural TTS,hi-IN-MadhurNeural,Male,Hindi Synth,Hindi,4.0,16000,Raw TTS,ऑडियो सिग्नल प्रोसेसिंग मॉडल डिजिटल वॉयस फीचर्स का गहन विश्लेषण करते हैं।
ai_hi_008.wav,voice data/ai/ai_hi_008.wav,ai,Neural TTS,hi-IN-SwaraNeural,Female,Hindi Synth,Hindi,4.0,16000,Raw TTS,कृत्रिम बुद्धिमत्ता और मशीन लर्निंग तकनीक आवाज पहचान प्रणाली में क्रांतिकारी परिवर्तन ला रही हैं।
ai_hi_009.wav,voice data/ai/ai_hi_009.wav,ai,Neural TTS,hi-IN-MadhurNeural,Male,Hindi Synth,Hindi,4.0,16000,Raw TTS,ऑडियो सिग्नल प्रोसेसिंग मॉडल डिजिटल वॉयस फीचर्स का गहन विश्लेषण करते हैं।
ai_hi_010.wav,voice data/ai/ai_hi_010.wav,ai,Neural TTS,hi-IN-SwaraNeural,Female,Hindi Synth,Hindi,4.0,16000,Codec Simulated,कृत्रिम बुद्धिमत्ता और मशीन लर्निंग तकनीक आवाज पहचान प्रणाली में क्रांतिकारी परिवर्तन ला रही हैं।
ai_hi_011.wav,voice data/ai/ai_hi_011.wav,ai,Neural TTS,hi-IN-MadhurNeural,Male,Hindi Synth,Hindi,4.0,16000,Codec Simulated,ऑडियो सिग्नल प्रोसेसिंग मॉडल डिजिटल वॉयस फीचर्स का गहन विश्लेषण करते हैं।
ai_hi_012.wav,voice data/ai/ai_hi_012.wav,ai,Neural TTS,hi-IN-SwaraNeural,Female,Hindi Synth,Hindi,4.0,16000,Raw TTS,कृत्रिम बुद्धिमत्ता और मशीन लर्निंग तकनीक आवाज पहचान प्रणाली में क्रांतिकारी परिवर्तन ला रही हैं।
ai_hi_013.wav,voice data/ai/ai_hi_013.wav,ai,Neural TTS,hi-IN-MadhurNeural,Male,Hindi Synth,Hindi,4.0,16000,Raw TTS,ऑडियो सिग्नल प्रोसेसिंग मॉडल डिजिटल वॉयस फीचर्स का गहन विश्लेषण करते हैं।
ai_hi_014.wav,voice data/ai/ai_hi_014.wav,ai,Neural TTS,hi-IN-SwaraNeural,Female,Hindi Synth,Hindi,4.0,16000,Raw TTS,कृत्रिम बुद्धिमत्ता और मशीन लर्निंग तकनीक आवाज पहचान प्रणाली में क्रांतिकारी परिवर्तन ला रही हैं।
ai_hi_015.wav,voice data/ai/ai_hi_015.wav,ai,Neural TTS,hi-IN-MadhurNeural,Male,Hindi Synth,Hindi,4.0,16000,Codec Simulated,ऑडियो सिग्नल प्रोसेसिंग मॉडल डिजिटल वॉयस फीचर्स का गहन विश्लेषण करते हैं।
ai_hi_016.wav,voice data/ai/ai_hi_016.wav,ai,Neural TTS,hi-IN-SwaraNeural,Female,Hindi Synth,Hindi,4.0,16000,Codec Simulated,कृत्रिम बुद्धिमत्ता और मशीन लर्निंग तकनीक आवाज पहचान प्रणाली में क्रांतिकारी परिवर्तन ला रही हैं।
ai_hi_017.wav,voice data/ai/ai_hi_017.wav,ai,Neural TTS,hi-IN-MadhurNeural,Male,Hindi Synth,Hindi,4.0,16000,Raw TTS,ऑडियो सिग्नल प्रोसेसिंग मॉडल डिजिटल वॉयस फीचर्स का गहन विश्लेषण करते हैं।
ai_hi_018.wav,voice data/ai/ai_hi_018.wav,ai,Neural TTS,hi-IN-SwaraNeural,Female,Hindi Synth,Hindi,4.0,16000,Raw TTS,कृत्रिम बुद्धिमत्ता और मशीन लर्निंग तकनीक आवाज पहचान प्रणाली में क्रांतिकारी परिवर्तन ला रही हैं।
ai_hi_019.wav,voice data/ai/ai_hi_019.wav,ai,Neural TTS,hi-IN-MadhurNeural,Male,Hindi Synth,Hindi,4.0,16000,Raw TTS,ऑडियो सिग्नल प्रोसेसिंग मॉडल डिजिटल वॉयस फीचर्स का गहन विश्लेषण करते हैं।
ai_hi_020.wav,voice data/ai/ai_hi_020.wav,ai,Neural TTS,hi-IN-SwaraNeural,Female,Hindi Synth,Hindi,4.0,16000,Codec Simulated,कृत्रिम बुद्धिमत्ता और मशीन लर्निंग तकनीक आवाज पहचान प्रणाली में क्रांतिकारी परिवर्तन ला रही हैं।
ai_hi_021.wav,voice data/ai/ai_hi_021.wav,ai,Neural TTS,hi-IN-MadhurNeural,Male,Hindi Synth,Hindi,4.0,16000,Codec Simulated,ऑडियो सिग्नल प्रोसेसिंग मॉडल डिजिटल वॉयस फीचर्स का गहन विश्लेषण करते हैं।
ai_hi_022.wav,voice data/ai/ai_hi_022.wav,ai,Neural TTS,hi-IN-SwaraNeural,Female,Hindi Synth,Hindi,4.0,16000,Raw TTS,कृत्रिम बुद्धिमत्ता और मशीन लर्निंग तकनीक आवाज पहचान प्रणाली में क्रांतिकारी परिवर्तन ला रही हैं।
ai_hi_023.wav,voice data/ai/ai_hi_023.wav,ai,Neural TTS,hi-IN-MadhurNeural,Male,Hindi Synth,Hindi,4.0,16000,Raw TTS,ऑडियो सिग्नल प्रोसेसिंग मॉडल डिजिटल वॉयस फीचर्स का गहन विश्लेषण करते हैं।
ai_hi_024.wav,voice data/ai/ai_hi_024.wav,ai,Neural TTS,hi-IN-SwaraNeural,Female,Hindi Synth,Hindi,4.0,16000,Raw TTS,कृत्रिम बुद्धिमत्ता और मशीन लर्निंग तकनीक आवाज पहचान प्रणाली में क्रांतिकारी परिवर्तन ला रही हैं।
ai_hi_025.wav,voice data/ai/ai_hi_025.wav,ai,Neural TTS,hi-IN-MadhurNeural,Male,Hindi Synth,Hindi,4.0,16000,Codec Simulated,ऑडियो सिग्नल प्रोसेसिंग मॉडल डिजिटल वॉयस फीचर्स का गहन विश्लेषण करते हैं।
ai_hi_026.wav,voice data/ai/ai_hi_026.wav,ai,Neural TTS,hi-IN-SwaraNeural,Female,Hindi Synth,Hindi,4.0,16000,Codec Simulated,कृत्रिम बुद्धिमत्ता और मशीन लर्निंग तकनीक आवाज पहचान प्रणाली में क्रांतिकारी परिवर्तन ला रही हैं।
ai_hi_027.wav,voice data/ai/ai_hi_027.wav,ai,Neural TTS,hi-IN-MadhurNeural,Male,Hindi Synth,Hindi,4.0,16000,Raw TTS,ऑडियो सिग्नल प्रोसेसिंग मॉडल डिजिटल वॉयस फीचर्स का गहन विश्लेषण करते हैं।
ai_hi_028.wav,voice data/ai/ai_hi_028.wav,ai,Neural TTS,hi-IN-SwaraNeural,Female,Hindi Synth,Hindi,4.0,16000,Raw TTS,कृत्रिम बुद्धिमत्ता और मशीन लर्निंग तकनीक आवाज पहचान प्रणाली में क्रांतिकारी परिवर्तन ला रही हैं।
ai_hi_029.wav,voice data/ai/ai_hi_029.wav,ai,Neural TTS,hi-IN-MadhurNeural,Male,Hindi Synth,Hindi,4.0,16000,Raw TTS,ऑडियो सिग्नल प्रोसेसिंग मॉडल डिजिटल वॉयस फीचर्स का गहन विश्लेषण करते हैं।
ai_hi_030.wav,voice data/ai/ai_hi_030.wav,ai,Neural TTS,hi-IN-SwaraNeural,Female,Hindi Synth,Hindi,4.0,16000,Codec Simulated,कृत्रिम बुद्धिमत्ता और मशीन लर्निंग तकनीक आवाज पहचान प्रणाली में क्रांतिकारी परिवर्तन ला रही हैं।
ai_hi_031.wav,voice data/ai/ai_hi_031.wav,ai,Neural TTS,hi-IN-MadhurNeural,Male,Hindi Synth,Hindi,4.0,16000,Codec Simulated,ऑडियो सिग्नल प्रोसेसिंग मॉडल डिजिटल वॉयस फीचर्स का गहन विश्लेषण करते हैं।
ai_hi_032.wav,voice data/ai/ai_hi_032.wav,ai,Neural TTS,hi-IN-SwaraNeural,Female,Hindi Synth,Hindi,4.0,16000,Raw TTS,कृत्रिम बुद्धिमत्ता और मशीन लर्निंग तकनीक आवाज पहचान प्रणाली में क्रांतिकारी परिवर्तन ला रही हैं।
ai_hi_033.wav,voice data/ai/ai_hi_033.wav,ai,Neural TTS,hi-IN-MadhurNeural,Male,Hindi Synth,Hindi,4.0,16000,Raw TTS,ऑडियो सिग्नल प्रोसेसिंग मॉडल डिजिटल वॉयस फीचर्स का गहन विश्लेषण करते हैं।
ai_hi_034.wav,voice data/ai/ai_hi_034.wav,ai,Neural TTS,hi-IN-SwaraNeural,Female,Hindi Synth,Hindi,4.0,16000,Raw TTS,कृत्रिम बुद्धिमत्ता और मशीन लर्निंग तकनीक आवाज पहचान प्रणाली में क्रांतिकारी परिवर्तन ला रही हैं।
ai_hi_035.wav,voice data/ai/ai_hi_035.wav,ai,Neural TTS,hi-IN-MadhurNeural,Male,Hindi Synth,Hindi,4.0,16000,Codec Simulated,ऑडियो सिग्नल प्रोसेसिंग मॉडल डिजिटल वॉयस फीचर्स का गहन विश्लेषण करते हैं।
ai_hi_036.wav,voice data/ai/ai_hi_036.wav,ai,Neural TTS,hi-IN-SwaraNeural,Female,Hindi Synth,Hindi,4.0,16000,Codec Simulated,कृत्रिम बुद्धिमत्ता और मशीन लर्निंग तकनीक आवाज पहचान प्रणाली में क्रांतिकारी परिवर्तन ला रही हैं।
ai_hi_037.wav,voice data/ai/ai_hi_037.wav,ai,Neural TTS,hi-IN-MadhurNeural,Male,Hindi Synth,Hindi,4.0,16000,Raw TTS,ऑडियो सिग्नल प्रोसेसिंग मॉडल डिजिटल वॉयस फीचर्स का गहन विश्लेषण करते हैं।
ai_hi_038.wav,voice data/ai/ai_hi_038.wav,ai,Neural TTS,hi-IN-SwaraNeural,Female,Hindi Synth,Hindi,4.0,16000,Raw TTS,कृत्रिम बुद्धिमत्ता और मशीन लर्निंग तकनीक आवाज पहचान प्रणाली में क्रांतिकारी परिवर्तन ला रही हैं।
ai_hi_039.wav,voice data/ai/ai_hi_039.wav,ai,Neural TTS,hi-IN-MadhurNeural,Male,Hindi Synth,Hindi,4.0,16000,Raw TTS,ऑडियो सिग्नल प्रोसेसिंग मॉडल डिजिटल वॉयस फीचर्स का गहन विश्लेषण करते हैं।
ai_hi_040.wav,voice data/ai/ai_hi_040.wav,ai,Neural TTS,hi-IN-SwaraNeural,Female,Hindi Synth,Hindi,4.0,16000,Codec Simulated,कृत्रिम बुद्धिमत्ता और मशीन लर्निंग तकनीक आवाज पहचान प्रणाली में क्रांतिकारी परिवर्तन ला रही हैं।
ai_hi_041.wav,voice data/ai/ai_hi_041.wav,ai,Neural TTS,hi-IN-MadhurNeural,Male,Hindi Synth,Hindi,4.0,16000,Codec Simulated,ऑडियो सिग्नल प्रोसेसिंग मॉडल डिजिटल वॉयस फीचर्स का गहन विश्लेषण करते हैं।
ai_hi_042.wav,voice data/ai/ai_hi_042.wav,ai,Neural TTS,hi-IN-SwaraNeural,Female,Hindi Synth,Hindi,4.0,16000,Raw TTS,कृत्रिम बुद्धिमत्ता और मशीन लर्निंग तकनीक आवाज पहचान प्रणाली में क्रांतिकारी परिवर्तन ला रही हैं।
ai_hi_043.wav,voice data/ai/ai_hi_043.wav,ai,Neural TTS,hi-IN-MadhurNeural,Male,Hindi Synth,Hindi,4.0,16000,Raw TTS,ऑडियो सिग्नल प्रोसेसिंग मॉडल डिजिटल वॉयस फीचर्स का गहन विश्लेषण करते हैं।
ai_hi_044.wav,voice data/ai/ai_hi_044.wav,ai,Neural TTS,hi-IN-SwaraNeural,Female,Hindi Synth,Hindi,4.0,16000,Raw TTS,कृत्रिम बुद्धिमत्ता और मशीन लर्निंग तकनीक आवाज पहचान प्रणाली में क्रांतिकारी परिवर्तन ला रही हैं।
ai_hi_045.wav,voice data/ai/ai_hi_045.wav,ai,Neural TTS,hi-IN-MadhurNeural,Male,Hindi Synth,Hindi,4.0,16000,Codec Simulated,ऑडियो सिग्नल प्रोसेसिंग मॉडल डिजिटल वॉयस फीचर्स का गहन विश्लेषण करते हैं।
ai_hi_046.wav,voice data/ai/ai_hi_046.wav,ai,Neural TTS,hi-IN-SwaraNeural,Female,Hindi Synth,Hindi,4.0,16000,Codec Simulated,कृत्रिम बुद्धिमत्ता और मशीन लर्निंग तकनीक आवाज पहचान प्रणाली में क्रांतिकारी परिवर्तन ला रही हैं।
ai_hi_047.wav,voice data/ai/ai_hi_047.wav,ai,Neural TTS,hi-IN-MadhurNeural,Male,Hindi Synth,Hindi,4.0,16000,Raw TTS,ऑडियो सिग्नल प्रोसेसिंग मॉडल डिजिटल वॉयस फीचर्स का गहन विश्लेषण करते हैं।
ai_hi_048.wav,voice data/ai/ai_hi_048.wav,ai,Neural TTS,hi-IN-SwaraNeural,Female,Hindi Synth,Hindi,4.0,16000,Raw TTS,कृत्रिम बुद्धिमत्ता और मशीन लर्निंग तकनीक आवाज पहचान प्रणाली में क्रांतिकारी परिवर्तन ला रही हैं।
ai_hi_049.wav,voice data/ai/ai_hi_049.wav,ai,Neural TTS,hi-IN-MadhurNeural,Male,Hindi Synth,Hindi,4.0,16000,Raw TTS,ऑडियो सिग्नल प्रोसेसिंग मॉडल डिजिटल वॉयस फीचर्स का गहन विश्लेषण करते हैं।
ai_hi_050.wav,voice data/ai/ai_hi_050.wav,ai,Neural TTS,hi-IN-SwaraNeural,Female,Hindi Synth,Hindi,4.0,16000,Codec Simulated,कृत्रिम बुद्धिमत्ता और मशीन लर्निंग तकनीक आवाज पहचान प्रणाली में क्रांतिकारी परिवर्तन ला रही हैं।
ai_hi_051.wav,voice data/ai/ai_hi_051.wav,ai,Neural TTS,hi-IN-MadhurNeural,Male,Hindi Synth,Hindi,4.0,16000,Codec Simulated,ऑडियो सिग्नल प्रोसेसिंग मॉडल डिजिटल वॉयस फीचर्स का गहन विश्लेषण करते हैं।
ai_hi_052.wav,voice data/ai/ai_hi_052.wav,ai,Neural TTS,hi-IN-SwaraNeural,Female,Hindi Synth,Hindi,4.0,16000,Raw TTS,कृत्रिम बुद्धिमत्ता और मशीन लर्निंग तकनीक आवाज पहचान प्रणाली में क्रांतिकारी परिवर्तन ला रही हैं।
ai_hi_053.wav,voice data/ai/ai_hi_053.wav,ai,Neural TTS,hi-IN-MadhurNeural,Male,Hindi Synth,Hindi,4.0,16000,Raw TTS,ऑडियो सिग्नल प्रोसेसिंग मॉडल डिजिटल वॉयस फीचर्स का गहन विश्लेषण करते हैं।
ai_hi_054.wav,voice data/ai/ai_hi_054.wav,ai,Neural TTS,hi-IN-SwaraNeural,Female,Hindi Synth,Hindi,4.0,16000,Raw TTS,कृत्रिम बुद्धिमत्ता और मशीन लर्निंग तकनीक आवाज पहचान प्रणाली में क्रांतिकारी परिवर्तन ला रही हैं।
ai_hi_055.wav,voice data/ai/ai_hi_055.wav,ai,Neural TTS,hi-IN-MadhurNeural,Male,Hindi Synth,Hindi,4.0,16000,Codec Simulated,ऑडियो सिग्नल प्रोसेसिंग मॉडल डिजिटल वॉयस फीचर्स का गहन विश्लेषण करते हैं।
ai_hi_056.wav,voice data/ai/ai_hi_056.wav,ai,Neural TTS,hi-IN-SwaraNeural,Female,Hindi Synth,Hindi,4.0,16000,Codec Simulated,कृत्रिम बुद्धिमत्ता और मशीन लर्निंग तकनीक आवाज पहचान प्रणाली में क्रांतिकारी परिवर्तन ला रही हैं।
ai_hi_057.wav,voice data/ai/ai_hi_057.wav,ai,Neural TTS,hi-IN-MadhurNeural,Male,Hindi Synth,Hindi,4.0,16000,Raw TTS,ऑडियो सिग्नल प्रोसेसिंग मॉडल डिजिटल वॉयस फीचर्स का गहन विश्लेषण करते हैं।
ai_hi_058.wav,voice data/ai/ai_hi_058.wav,ai,Neural TTS,hi-IN-SwaraNeural,Female,Hindi Synth,Hindi,4.0,16000,Raw TTS,कृत्रिम बुद्धिमत्ता और मशीन लर्निंग तकनीक आवाज पहचान प्रणाली में क्रांतिकारी परिवर्तन ला रही हैं।
ai_hi_059.wav,voice data/ai/ai_hi_059.wav,ai,Neural TTS,hi-IN-MadhurNeural,Male,Hindi Synth,Hindi,4.0,16000,Raw TTS,ऑडियो सिग्नल प्रोसेसिंग मॉडल डिजिटल वॉयस फीचर्स का गहन विश्लेषण करते हैं।
ai_hi_060.wav,voice data/ai/ai_hi_060.wav,ai,Neural TTS,hi-IN-SwaraNeural,Female,Hindi Synth,Hindi,4.0,16000,Codec Simulated,कृत्रिम बुद्धिमत्ता और मशीन लर्निंग तकनीक आवाज पहचान प्रणाली में क्रांतिकारी परिवर्तन ला रही हैं।
ai_hi_061.wav,voice data/ai/ai_hi_061.wav,ai,Neural TTS,hi-IN-MadhurNeural,Male,Hindi Synth,Hindi,4.0,16000,Codec Simulated,ऑडियो सिग्नल प्रोसेसिंग मॉडल डिजिटल वॉयस फीचर्स का गहन विश्लेषण करते हैं।
ai_hi_062.wav,voice data/ai/ai_hi_062.wav,ai,Neural TTS,hi-IN-SwaraNeural,Female,Hindi Synth,Hindi,4.0,16000,Raw TTS,कृत्रिम बुद्धिमत्ता और मशीन लर्निंग तकनीक आवाज पहचान प्रणाली में क्रांतिकारी परिवर्तन ला रही हैं।
ai_hi_063.wav,voice data/ai/ai_hi_063.wav,ai,Neural TTS,hi-IN-MadhurNeural,Male,Hindi Synth,Hindi,4.0,16000,Raw TTS,ऑडियो सिग्नल प्रोसेसिंग मॉडल डिजिटल वॉयस फीचर्स का गहन विश्लेषण करते हैं।
ai_hi_064.wav,voice data/ai/ai_hi_064.wav,ai,Neural TTS,hi-IN-SwaraNeural,Female,Hindi Synth,Hindi,4.0,16000,Raw TTS,कृत्रिम बुद्धिमत्ता और मशीन लर्निंग तकनीक आवाज पहचान प्रणाली में क्रांतिकारी परिवर्तन ला रही हैं।
ai_hi_065.wav,voice data/ai/ai_hi_065.wav,ai,Neural TTS,hi-IN-MadhurNeural,Male,Hindi Synth,Hindi,4.0,16000,Codec Simulated,ऑडियो सिग्नल प्रोसेसिंग मॉडल डिजिटल वॉयस फीचर्स का गहन विश्लेषण करते हैं।
ai_hi_066.wav,voice data/ai/ai_hi_066.wav,ai,Neural TTS,hi-IN-SwaraNeural,Female,Hindi Synth,Hindi,4.0,16000,Codec Simulated,कृत्रिम बुद्धिमत्ता और मशीन लर्निंग तकनीक आवाज पहचान प्रणाली में क्रांतिकारी परिवर्तन ला रही हैं।
ai_hi_067.wav,voice data/ai/ai_hi_067.wav,ai,Neural TTS,hi-IN-MadhurNeural,Male,Hindi Synth,Hindi,4.0,16000,Raw TTS,ऑडियो सिग्नल प्रोसेसिंग मॉडल डिजिटल वॉयस फीचर्स का गहन विश्लेषण करते हैं।
ai_hi_068.wav,voice data/ai/ai_hi_068.wav,ai,Neural TTS,hi-IN-SwaraNeural,Female,Hindi Synth,Hindi,4.0,16000,Raw TTS,कृत्रिम बुद्धिमत्ता और मशीन लर्निंग तकनीक आवाज पहचान प्रणाली में क्रांतिकारी परिवर्तन ला रही हैं।
ai_hi_069.wav,voice data/ai/ai_hi_069.wav,ai,Neural TTS,hi-IN-MadhurNeural,Male,Hindi Synth,Hindi,4.0,16000,Raw TTS,ऑडियो सिग्नल प्रोसेसिंग मॉडल डिजिटल वॉयस फीचर्स का गहन विश्लेषण करते हैं।
ai_hi_070.wav,voice data/ai/ai_hi_070.wav,ai,Neural TTS,hi-IN-SwaraNeural,Female,Hindi Synth,Hindi,4.0,16000,Codec Simulated,कृत्रिम बुद्धिमत्ता और मशीन लर्निंग तकनीक आवाज पहचान प्रणाली में क्रांतिकारी परिवर्तन ला रही हैं।
ai_hi_071.wav,voice data/ai/ai_hi_071.wav,ai,Neural TTS,hi-IN-MadhurNeural,Male,Hindi Synth,Hindi,4.0,16000,Codec Simulated,ऑडियो सिग्नल प्रोसेसिंग मॉडल डिजिटल वॉयस फीचर्स का गहन विश्लेषण करते हैं।
ai_hi_072.wav,voice data/ai/ai_hi_072.wav,ai,Neural TTS,hi-IN-SwaraNeural,Female,Hindi Synth,Hindi,4.0,16000,Raw TTS,कृत्रिम बुद्धिमत्ता और मशीन लर्निंग तकनीक आवाज पहचान प्रणाली में क्रांतिकारी परिवर्तन ला रही हैं।
ai_hi_073.wav,voice data/ai/ai_hi_073.wav,ai,Neural TTS,hi-IN-MadhurNeural,Male,Hindi Synth,Hindi,4.0,16000,Raw TTS,ऑडियो सिग्नल प्रोसेसिंग मॉडल डिजिटल वॉयस फीचर्स का गहन विश्लेषण करते हैं।
ai_hi_074.wav,voice data/ai/ai_hi_074.wav,ai,Neural TTS,hi-IN-SwaraNeural,Female,Hindi Synth,Hindi,4.0,16000,Raw TTS,कृत्रिम बुद्धिमत्ता और मशीन लर्निंग तकनीक आवाज पहचान प्रणाली में क्रांतिकारी परिवर्तन ला रही हैं।
ai_hi_075.wav,voice data/ai/ai_hi_075.wav,ai,Neural TTS,hi-IN-MadhurNeural,Male,Hindi Synth,Hindi,4.0,16000,Codec Simulated,ऑडियो सिग्नल प्रोसेसिंग मॉडल डिजिटल वॉयस फीचर्स का गहन विश्लेषण करते हैं।
ai_hi_076.wav,voice data/ai/ai_hi_076.wav,ai,Neural TTS,hi-IN-SwaraNeural,Female,Hindi Synth,Hindi,4.0,16000,Codec Simulated,कृत्रिम बुद्धिमत्ता और मशीन लर्निंग तकनीक आवाज पहचान प्रणाली में क्रांतिकारी परिवर्तन ला रही हैं।
ai_hi_077.wav,voice data/ai/ai_hi_077.wav,ai,Neural TTS,hi-IN-MadhurNeural,Male,Hindi Synth,Hindi,4.0,16000,Raw TTS,ऑडियो सिग्नल प्रोसेसिंग मॉडल डिजिटल वॉयस फीचर्स का गहन विश्लेषण करते हैं।
ai_hi_078.wav,voice data/ai/ai_hi_078.wav,ai,Neural TTS,hi-IN-SwaraNeural,Female,Hindi Synth,Hindi,4.0,16000,Raw TTS,कृत्रिम बुद्धिमत्ता और मशीन लर्निंग तकनीक आवाज पहचान प्रणाली में क्रांतिकारी परिवर्तन ला रही हैं।
ai_hi_079.wav,voice data/ai/ai_hi_079.wav,ai,Neural TTS,hi-IN-MadhurNeural,Male,Hindi Synth,Hindi,4.0,16000,Raw TTS,ऑडियो सिग्नल प्रोसेसिंग मॉडल डिजिटल वॉयस फीचर्स का गहन विश्लेषण करते हैं।
ai_hi_080.wav,voice data/ai/ai_hi_080.wav,ai,Neural TTS,hi-IN-SwaraNeural,Female,Hindi Synth,Hindi,4.0,16000,Codec Simulated,कृत्रिम बुद्धिमत्ता और मशीन लर्निंग तकनीक आवाज पहचान प्रणाली में क्रांतिकारी परिवर्तन ला रही हैं।
ai_hi_081.wav,voice data/ai/ai_hi_081.wav,ai,Neural TTS,hi-IN-MadhurNeural,Male,Hindi Synth,Hindi,4.0,16000,Codec Simulated,ऑडियो सिग्नल प्रोसेसिंग मॉडल डिजिटल वॉयस फीचर्स का गहन विश्लेषण करते हैं।
ai_hi_082.wav,voice data/ai/ai_hi_082.wav,ai,Neural TTS,hi-IN-SwaraNeural,Female,Hindi Synth,Hindi,4.0,16000,Raw TTS,कृत्रिम बुद्धिमत्ता और मशीन लर्निंग तकनीक आवाज पहचान प्रणाली में क्रांतिकारी परिवर्तन ला रही हैं।
ai_hi_083.wav,voice data/ai/ai_hi_083.wav,ai,Neural TTS,hi-IN-MadhurNeural,Male,Hindi Synth,Hindi,4.0,16000,Raw TTS,ऑडियो सिग्नल प्रोसेसिंग मॉडल डिजिटल वॉयस फीचर्स का गहन विश्लेषण करते हैं।
ai_hi_084.wav,voice data/ai/ai_hi_084.wav,ai,Neural TTS,hi-IN-SwaraNeural,Female,Hindi Synth,Hindi,4.0,16000,Raw TTS,कृत्रिम बुद्धिमत्ता और मशीन लर्निंग तकनीक आवाज पहचान प्रणाली में क्रांतिकारी परिवर्तन ला रही हैं।
ai_hi_085.wav,voice data/ai/ai_hi_085.wav,ai,Neural TTS,hi-IN-MadhurNeural,Male,Hindi Synth,Hindi,4.0,16000,Codec Simulated,ऑडियो सिग्नल प्रोसेसिंग मॉडल डिजिटल वॉयस फीचर्स का गहन विश्लेषण करते हैं।
ai_hi_086.wav,voice data/ai/ai_hi_086.wav,ai,Neural TTS,hi-IN-SwaraNeural,Female,Hindi Synth,Hindi,4.0,16000,Codec Simulated,कृत्रिम बुद्धिमत्ता और मशीन लर्निंग तकनीक आवाज पहचान प्रणाली में क्रांतिकारी परिवर्तन ला रही हैं।
ai_hi_087.wav,voice data/ai/ai_hi_087.wav,ai,Neural TTS,hi-IN-MadhurNeural,Male,Hindi Synth,Hindi,4.0,16000,Raw TTS,ऑडियो सिग्नल प्रोसेसिंग मॉडल डिजिटल वॉयस फीचर्स का गहन विश्लेषण करते हैं।
ai_hi_088.wav,voice data/ai/ai_hi_088.wav,ai,Neural TTS,hi-IN-SwaraNeural,Female,Hindi Synth,Hindi,4.0,16000,Raw TTS,कृत्रिम बुद्धिमत्ता और मशीन लर्निंग तकनीक आवाज पहचान प्रणाली में क्रांतिकारी परिवर्तन ला रही हैं।
ai_hi_089.wav,voice data/ai/ai_hi_089.wav,ai,Neural TTS,hi-IN-MadhurNeural,Male,Hindi Synth,Hindi,4.0,16000,Raw TTS,ऑडियो सिग्नल प्रोसेसिंग मॉडल डिजिटल वॉयस फीचर्स का गहन विश्लेषण करते हैं।
ai_hi_090.wav,voice data/ai/ai_hi_090.wav,ai,Neural TTS,hi-IN-SwaraNeural,Female,Hindi Synth,Hindi,4.0,16000,Codec Simulated,कृत्रिम बुद्धिमत्ता और मशीन लर्निंग तकनीक आवाज पहचान प्रणाली में क्रांतिकारी परिवर्तन ला रही हैं।
ai_hi_091.wav,voice data/ai/ai_hi_091.wav,ai,Neural TTS,hi-IN-MadhurNeural,Male,Hindi Synth,Hindi,4.0,16000,Codec Simulated,ऑडियो सिग्नल प्रोसेसिंग मॉडल डिजिटल वॉयस फीचर्स का गहन विश्लेषण करते हैं।
ai_hi_092.wav,voice data/ai/ai_hi_092.wav,ai,Neural TTS,hi-IN-SwaraNeural,Female,Hindi Synth,Hindi,4.0,16000,Raw TTS,कृत्रिम बुद्धिमत्ता और मशीन लर्निंग तकनीक आवाज पहचान प्रणाली में क्रांतिकारी परिवर्तन ला रही हैं।
ai_hi_093.wav,voice data/ai/ai_hi_093.wav,ai,Neural TTS,hi-IN-MadhurNeural,Male,Hindi Synth,Hindi,4.0,16000,Raw TTS,ऑडियो सिग्नल प्रोसेसिंग मॉडल डिजिटल वॉयस फीचर्स का गहन विश्लेषण करते हैं।
ai_hi_094.wav,voice data/ai/ai_hi_094.wav,ai,Neural TTS,hi-IN-SwaraNeural,Female,Hindi Synth,Hindi,4.0,16000,Raw TTS,कृत्रिम बुद्धिमत्ता और मशीन लर्निंग तकनीक आवाज पहचान प्रणाली में क्रांतिकारी परिवर्तन ला रही हैं।
ai_hi_095.wav,voice data/ai/ai_hi_095.wav,ai,Neural TTS,hi-IN-MadhurNeural,Male,Hindi Synth,Hindi,4.0,16000,Codec Simulated,ऑडियो सिग्नल प्रोसेसिंग मॉडल डिजिटल वॉयस फीचर्स का गहन विश्लेषण करते हैं।
ai_hi_096.wav,voice data/ai/ai_hi_096.wav,ai,Neural TTS,hi-IN-SwaraNeural,Female,Hindi Synth,Hindi,4.0,16000,Codec Simulated,कृत्रिम बुद्धिमत्ता और मशीन लर्निंग तकनीक आवाज पहचान प्रणाली में क्रांतिकारी परिवर्तन ला रही हैं।
ai_hi_097.wav,voice data/ai/ai_hi_097.wav,ai,Neural TTS,hi-IN-MadhurNeural,Male,Hindi Synth,Hindi,4.0,16000,Raw TTS,ऑडियो सिग्नल प्रोसेसिंग मॉडल डिजिटल वॉयस फीचर्स का गहन विश्लेषण करते हैं।
ai_hi_098.wav,voice data/ai/ai_hi_098.wav,ai,Neural TTS,hi-IN-SwaraNeural,Female,Hindi Synth,Hindi,4.0,16000,Raw TTS,कृत्रिम बुद्धिमत्ता और मशीन लर्निंग तकनीक आवाज पहचान प्रणाली में क्रांतिकारी परिवर्तन ला रही हैं।
ai_hi_099.wav,voice data/ai/ai_hi_099.wav,ai,Neural TTS,hi-IN-MadhurNeural,Male,Hindi Synth,Hindi,4.0,16000,Raw TTS,ऑडियो सिग्नल प्रोसेसिंग मॉडल डिजिटल वॉयस फीचर्स का गहन विश्लेषण करते हैं।
ai_hi_100.wav,voice data/ai/ai_hi_100.wav,ai,Neural TTS,hi-IN-SwaraNeural,Female,Hindi Synth,Hindi,4.0,16000,Codec Simulated,कृत्रिम बुद्धिमत्ता और मशीन लर्निंग तकनीक आवाज पहचान प्रणाली में क्रांतिकारी परिवर्तन ला रही हैं।
ai_hi_101.wav,voice data/ai/ai_hi_101.wav,ai,Neural TTS,hi-IN-MadhurNeural,Male,Hindi Synth,Hindi,4.0,16000,Codec Simulated,ऑडियो सिग्नल प्रोसेसिंग मॉडल डिजिटल वॉयस फीचर्स का गहन विश्लेषण करते हैं।
ai_hi_102.wav,voice data/ai/ai_hi_102.wav,ai,Neural TTS,hi-IN-SwaraNeural,Female,Hindi Synth,Hindi,4.0,16000,Raw TTS,कृत्रिम बुद्धिमत्ता और मशीन लर्निंग तकनीक आवाज पहचान प्रणाली में क्रांतिकारी परिवर्तन ला रही हैं।
ai_hi_103.wav,voice data/ai/ai_hi_103.wav,ai,Neural TTS,hi-IN-MadhurNeural,Male,Hindi Synth,Hindi,4.0,16000,Raw TTS,ऑडियो सिग्नल प्रोसेसिंग मॉडल डिजिटल वॉयस फीचर्स का गहन विश्लेषण करते हैं।
ai_hi_104.wav,voice data/ai/ai_hi_104.wav,ai,Neural TTS,hi-IN-SwaraNeural,Female,Hindi Synth,Hindi,4.0,16000,Raw TTS,कृत्रिम बुद्धिमत्ता और मशीन लर्निंग तकनीक आवाज पहचान प्रणाली में क्रांतिकारी परिवर्तन ला रही हैं।
ai_hi_105.wav,voice data/ai/ai_hi_105.wav,ai,Neural TTS,hi-IN-MadhurNeural,Male,Hindi Synth,Hindi,4.0,16000,Codec Simulated,ऑडियो सिग्नल प्रोसेसिंग मॉडल डिजिटल वॉयस फीचर्स का गहन विश्लेषण करते हैं।
ai_hi_106.wav,voice data/ai/ai_hi_106.wav,ai,Neural TTS,hi-IN-SwaraNeural,Female,Hindi Synth,Hindi,4.0,16000,Codec Simulated,कृत्रिम बुद्धिमत्ता और मशीन लर्निंग तकनीक आवाज पहचान प्रणाली में क्रांतिकारी परिवर्तन ला रही हैं।
ai_hi_107.wav,voice data/ai/ai_hi_107.wav,ai,Neural TTS,hi-IN-MadhurNeural,Male,Hindi Synth,Hindi,4.0,16000,Raw TTS,ऑडियो सिग्नल प्रोसेसिंग मॉडल डिजिटल वॉयस फीचर्स का गहन विश्लेषण करते हैं।
ai_hi_108.wav,voice data/ai/ai_hi_108.wav,ai,Neural TTS,hi-IN-SwaraNeural,Female,Hindi Synth,Hindi,4.0,16000,Raw TTS,कृत्रिम बुद्धिमत्ता और मशीन लर्निंग तकनीक आवाज पहचान प्रणाली में क्रांतिकारी परिवर्तन ला रही हैं।
ai_hi_109.wav,voice data/ai/ai_hi_109.wav,ai,Neural TTS,hi-IN-MadhurNeural,Male,Hindi Synth,Hindi,4.0,16000,Raw TTS,ऑडियो सिग्नल प्रोसेसिंग मॉडल डिजिटल वॉयस फीचर्स का गहन विश्लेषण करते हैं।
ai_hi_110.wav,voice data/ai/ai_hi_110.wav,ai,Neural TTS,hi-IN-SwaraNeural,Female,Hindi Synth,Hindi,4.0,16000,Codec Simulated,कृत्रिम बुद्धिमत्ता और मशीन लर्निंग तकनीक आवाज पहचान प्रणाली में क्रांतिकारी परिवर्तन ला रही हैं।
ai_hi_111.wav,voice data/ai/ai_hi_111.wav,ai,Neural TTS,hi-IN-MadhurNeural,Male,Hindi Synth,Hindi,4.0,16000,Codec Simulated,ऑडियो सिग्नल प्रोसेसिंग मॉडल डिजिटल वॉयस फीचर्स का गहन विश्लेषण करते हैं।
ai_hi_112.wav,voice data/ai/ai_hi_112.wav,ai,Neural TTS,hi-IN-SwaraNeural,Female,Hindi Synth,Hindi,4.0,16000,Raw TTS,कृत्रिम बुद्धिमत्ता और मशीन लर्निंग तकनीक आवाज पहचान प्रणाली में क्रांतिकारी परिवर्तन ला रही हैं।
ai_hi_113.wav,voice data/ai/ai_hi_113.wav,ai,Neural TTS,hi-IN-MadhurNeural,Male,Hindi Synth,Hindi,4.0,16000,Raw TTS,ऑडियो सिग्नल प्रोसेसिंग मॉडल डिजिटल वॉयस फीचर्स का गहन विश्लेषण करते हैं।
ai_hi_114.wav,voice data/ai/ai_hi_114.wav,ai,Neural TTS,hi-IN-SwaraNeural,Female,Hindi Synth,Hindi,4.0,16000,Raw TTS,कृत्रिम बुद्धिमत्ता और मशीन लर्निंग तकनीक आवाज पहचान प्रणाली में क्रांतिकारी परिवर्तन ला रही हैं।
ai_hi_115.wav,voice data/ai/ai_hi_115.wav,ai,Neural TTS,hi-IN-MadhurNeural,Male,Hindi Synth,Hindi,4.0,16000,Codec Simulated,ऑडियो सिग्नल प्रोसेसिंग मॉडल डिजिटल वॉयस फीचर्स का गहन विश्लेषण करते हैं।
ai_hi_116.wav,voice data/ai/ai_hi_116.wav,ai,Neural TTS,hi-IN-SwaraNeural,Female,Hindi Synth,Hindi,4.0,16000,Codec Simulated,कृत्रिम बुद्धिमत्ता और मशीन लर्निंग तकनीक आवाज पहचान प्रणाली में क्रांतिकारी परिवर्तन ला रही हैं।
ai_hi_117.wav,voice data/ai/ai_hi_117.wav,ai,Neural TTS,hi-IN-MadhurNeural,Male,Hindi Synth,Hindi,4.0,16000,Raw TTS,ऑडियो सिग्नल प्रोसेसिंग मॉडल डिजिटल वॉयस फीचर्स का गहन विश्लेषण करते हैं।
ai_hi_118.wav,voice data/ai/ai_hi_118.wav,ai,Neural TTS,hi-IN-SwaraNeural,Female,Hindi Synth,Hindi,4.0,16000,Raw TTS,कृत्रिम बुद्धिमत्ता और मशीन लर्निंग तकनीक आवाज पहचान प्रणाली में क्रांतिकारी परिवर्तन ला रही हैं।
ai_hi_119.wav,voice data/ai/ai_hi_119.wav,ai,Neural TTS,hi-IN-MadhurNeural,Male,Hindi Synth,Hindi,4.0,16000,Raw TTS,ऑडियो सिग्नल प्रोसेसिंग मॉडल डिजिटल वॉयस फीचर्स का गहन विश्लेषण करते हैं।
ai_hi_120.wav,voice data/ai/ai_hi_120.wav,ai,Neural TTS,hi-IN-SwaraNeural,Female,Hindi Synth,Hindi,4.0,16000,Codec Simulated,कृत्रिम बुद्धिमत्ता और मशीन लर्निंग तकनीक आवाज पहचान प्रणाली में क्रांतिकारी परिवर्तन ला रही हैं।
ai_hi_121.wav,voice data/ai/ai_hi_121.wav,ai,Neural TTS,hi-IN-MadhurNeural,Male,Hindi Synth,Hindi,4.0,16000,Codec Simulated,ऑडियो सिग्नल प्रोसेसिंग मॉडल डिजिटल वॉयस फीचर्स का गहन विश्लेषण करते हैं।
ai_hi_122.wav,voice data/ai/ai_hi_122.wav,ai,Neural TTS,hi-IN-SwaraNeural,Female,Hindi Synth,Hindi,4.0,16000,Raw TTS,कृत्रिम बुद्धिमत्ता और मशीन लर्निंग तकनीक आवाज पहचान प्रणाली में क्रांतिकारी परिवर्तन ला रही हैं।
ai_hi_123.wav,voice data/ai/ai_hi_123.wav,ai,Neural TTS,hi-IN-MadhurNeural,Male,Hindi Synth,Hindi,4.0,16000,Raw TTS,ऑडियो सिग्नल प्रोसेसिंग मॉडल डिजिटल वॉयस फीचर्स का गहन विश्लेषण करते हैं।
ai_hi_124.wav,voice data/ai/ai_hi_124.wav,ai,Neural TTS,hi-IN-SwaraNeural,Female,Hindi Synth,Hindi,4.0,16000,Raw TTS,कृत्रिम बुद्धिमत्ता और मशीन लर्निंग तकनीक आवाज पहचान प्रणाली में क्रांतिकारी परिवर्तन ला रही हैं।
ai_hi_125.wav,voice data/ai/ai_hi_125.wav,ai,Neural TTS,hi-IN-MadhurNeural,Male,Hindi Synth,Hindi,4.0,16000,Codec Simulated,ऑडियो सिग्नल प्रोसेसिंग मॉडल डिजिटल वॉयस फीचर्स का गहन विश्लेषण करते हैं।
ai_hi_126.wav,voice data/ai/ai_hi_126.wav,ai,Neural TTS,hi-IN-SwaraNeural,Female,Hindi Synth,Hindi,4.0,16000,Codec Simulated,कृत्रिम बुद्धिमत्ता और मशीन लर्निंग तकनीक आवाज पहचान प्रणाली में क्रांतिकारी परिवर्तन ला रही हैं।
ai_hi_127.wav,voice data/ai/ai_hi_127.wav,ai,Neural TTS,hi-IN-MadhurNeural,Male,Hindi Synth,Hindi,4.0,16000,Raw TTS,ऑडियो सिग्नल प्रोसेसिंग मॉडल डिजिटल वॉयस फीचर्स का गहन विश्लेषण करते हैं।
ai_hi_128.wav,voice data/ai/ai_hi_128.wav,ai,Neural TTS,hi-IN-SwaraNeural,Female,Hindi Synth,Hindi,4.0,16000,Raw TTS,कृत्रिम बुद्धिमत्ता और मशीन लर्निंग तकनीक आवाज पहचान प्रणाली में क्रांतिकारी परिवर्तन ला रही हैं।
ai_hi_129.wav,voice data/ai/ai_hi_129.wav,ai,Neural TTS,hi-IN-MadhurNeural,Male,Hindi Synth,Hindi,4.0,16000,Raw TTS,ऑडियो सिग्नल प्रोसेसिंग मॉडल डिजिटल वॉयस फीचर्स का गहन विश्लेषण करते हैं।
ai_hi_130.wav,voice data/ai/ai_hi_130.wav,ai,Neural TTS,hi-IN-SwaraNeural,Female,Hindi Synth,Hindi,4.0,16000,Codec Simulated,कृत्रिम बुद्धिमत्ता और मशीन लर्निंग तकनीक आवाज पहचान प्रणाली में क्रांतिकारी परिवर्तन ला रही हैं।
ai_hi_131.wav,voice data/ai/ai_hi_131.wav,ai,Neural TTS,hi-IN-MadhurNeural,Male,Hindi Synth,Hindi,4.0,16000,Codec Simulated,ऑडियो सिग्नल प्रोसेसिंग मॉडल डिजिटल वॉयस फीचर्स का गहन विश्लेषण करते हैं।
ai_hi_132.wav,voice data/ai/ai_hi_132.wav,ai,Neural TTS,hi-IN-SwaraNeural,Female,Hindi Synth,Hindi,4.0,16000,Raw TTS,कृत्रिम बुद्धिमत्ता और मशीन लर्निंग तकनीक आवाज पहचान प्रणाली में क्रांतिकारी परिवर्तन ला रही हैं।
ai_hi_133.wav,voice data/ai/ai_hi_133.wav,ai,Neural TTS,hi-IN-MadhurNeural,Male,Hindi Synth,Hindi,4.0,16000,Raw TTS,ऑडियो सिग्नल प्रोसेसिंग मॉडल डिजिटल वॉयस फीचर्स का गहन विश्लेषण करते हैं।
ai_hi_134.wav,voice data/ai/ai_hi_134.wav,ai,Neural TTS,hi-IN-SwaraNeural,Female,Hindi Synth,Hindi,4.0,16000,Raw TTS,कृत्रिम बुद्धिमत्ता और मशीन लर्निंग तकनीक आवाज पहचान प्रणाली में क्रांतिकारी परिवर्तन ला रही हैं।
ai_hi_135.wav,voice data/ai/ai_hi_135.wav,ai,Neural TTS,hi-IN-MadhurNeural,Male,Hindi Synth,Hindi,4.0,16000,Codec Simulated,ऑडियो सिग्नल प्रोसेसिंग मॉडल डिजिटल वॉयस फीचर्स का गहन विश्लेषण करते हैं।
ai_hi_136.wav,voice data/ai/ai_hi_136.wav,ai,Neural TTS,hi-IN-SwaraNeural,Female,Hindi Synth,Hindi,4.0,16000,Codec Simulated,कृत्रिम बुद्धिमत्ता और मशीन लर्निंग तकनीक आवाज पहचान प्रणाली में क्रांतिकारी परिवर्तन ला रही हैं।
ai_hi_137.wav,voice data/ai/ai_hi_137.wav,ai,Neural TTS,hi-IN-MadhurNeural,Male,Hindi Synth,Hindi,4.0,16000,Raw TTS,ऑडियो सिग्नल प्रोसेसिंग मॉडल डिजिटल वॉयस फीचर्स का गहन विश्लेषण करते हैं।
ai_hi_138.wav,voice data/ai/ai_hi_138.wav,ai,Neural TTS,hi-IN-SwaraNeural,Female,Hindi Synth,Hindi,4.0,16000,Raw TTS,कृत्रिम बुद्धिमत्ता और मशीन लर्निंग तकनीक आवाज पहचान प्रणाली में क्रांतिकारी परिवर्तन ला रही हैं।
ai_hi_139.wav,voice data/ai/ai_hi_139.wav,ai,Neural TTS,hi-IN-MadhurNeural,Male,Hindi Synth,Hindi,4.0,16000,Raw TTS,ऑडियो सिग्नल प्रोसेसिंग मॉडल डिजिटल वॉयस फीचर्स का गहन विश्लेषण करते हैं।
ai_hi_140.wav,voice data/ai/ai_hi_140.wav,ai,Neural TTS,hi-IN-SwaraNeural,Female,Hindi Synth,Hindi,4.0,16000,Codec Simulated,कृत्रिम बुद्धिमत्ता और मशीन लर्निंग तकनीक आवाज पहचान प्रणाली में क्रांतिकारी परिवर्तन ला रही हैं।
ai_hi_141.wav,voice data/ai/ai_hi_141.wav,ai,Neural TTS,hi-IN-MadhurNeural,Male,Hindi Synth,Hindi,4.0,16000,Codec Simulated,ऑडियो सिग्नल प्रोसेसिंग मॉडल डिजिटल वॉयस फीचर्स का गहन विश्लेषण करते हैं।
ai_hi_142.wav,voice data/ai/ai_hi_142.wav,ai,Neural TTS,hi-IN-SwaraNeural,Female,Hindi Synth,Hindi,4.0,16000,Raw TTS,कृत्रिम बुद्धिमत्ता और मशीन लर्निंग तकनीक आवाज पहचान प्रणाली में क्रांतिकारी परिवर्तन ला रही हैं।
ai_hi_143.wav,voice data/ai/ai_hi_143.wav,ai,Neural TTS,hi-IN-MadhurNeural,Male,Hindi Synth,Hindi,4.0,16000,Raw TTS,ऑडियो सिग्नल प्रोसेसिंग मॉडल डिजिटल वॉयस फीचर्स का गहन विश्लेषण करते हैं।
ai_hi_144.wav,voice data/ai/ai_hi_144.wav,ai,Neural TTS,hi-IN-SwaraNeural,Female,Hindi Synth,Hindi,4.0,16000,Raw TTS,कृत्रिम बुद्धिमत्ता और मशीन लर्निंग तकनीक आवाज पहचान प्रणाली में क्रांतिकारी परिवर्तन ला रही हैं।
ai_hi_145.wav,voice data/ai/ai_hi_145.wav,ai,Neural TTS,hi-IN-MadhurNeural,Male,Hindi Synth,Hindi,4.0,16000,Codec Simulated,ऑडियो सिग्नल प्रोसेसिंग मॉडल डिजिटल वॉयस फीचर्स का गहन विश्लेषण करते हैं।
ai_hi_146.wav,voice data/ai/ai_hi_146.wav,ai,Neural TTS,hi-IN-SwaraNeural,Female,Hindi Synth,Hindi,4.0,16000,Codec Simulated,कृत्रिम बुद्धिमत्ता और मशीन लर्निंग तकनीक आवाज पहचान प्रणाली में क्रांतिकारी परिवर्तन ला रही हैं।
ai_hi_147.wav,voice data/ai/ai_hi_147.wav,ai,Neural TTS,hi-IN-MadhurNeural,Male,Hindi Synth,Hindi,4.0,16000,Raw TTS,ऑडियो सिग्नल प्रोसेसिंग मॉडल डिजिटल वॉयस फीचर्स का गहन विश्लेषण करते हैं।
ai_hi_148.wav,voice data/ai/ai_hi_148.wav,ai,Neural TTS,hi-IN-SwaraNeural,Female,Hindi Synth,Hindi,4.0,16000,Raw TTS,कृत्रिम बुद्धिमत्ता और मशीन लर्निंग तकनीक आवाज पहचान प्रणाली में क्रांतिकारी परिवर्तन ला रही हैं।
ai_hi_149.wav,voice data/ai/ai_hi_149.wav,ai,Neural TTS,hi-IN-MadhurNeural,Male,Hindi Synth,Hindi,4.0,16000,Raw TTS,ऑडियो सिग्नल प्रोसेसिंग मॉडल डिजिटल वॉयस फीचर्स का गहन विश्लेषण करते हैं।
ai_hi_150.wav,voice data/ai/ai_hi_150.wav,ai,Neural TTS,hi-IN-SwaraNeural,Female,Hindi Synth,Hindi,4.0,16000,Codec Simulated,कृत्रिम बुद्धिमत्ता और मशीन लर्निंग तकनीक आवाज पहचान प्रणाली में क्रांतिकारी परिवर्तन ला रही हैं।
ai_hi_151.wav,voice data/ai/ai_hi_151.wav,ai,Neural TTS,hi-IN-MadhurNeural,Male,Hindi Synth,Hindi,4.0,16000,Codec Simulated,ऑडियो सिग्नल प्रोसेसिंग मॉडल डिजिटल वॉयस फीचर्स का गहन विश्लेषण करते हैं।
ai_hi_152.wav,voice data/ai/ai_hi_152.wav,ai,Neural TTS,hi-IN-SwaraNeural,Female,Hindi Synth,Hindi,4.0,16000,Raw TTS,कृत्रिम बुद्धिमत्ता और मशीन लर्निंग तकनीक आवाज पहचान प्रणाली में क्रांतिकारी परिवर्तन ला रही हैं।
ai_hi_153.wav,voice data/ai/ai_hi_153.wav,ai,Neural TTS,hi-IN-MadhurNeural,Male,Hindi Synth,Hindi,4.0,16000,Raw TTS,ऑडियो सिग्नल प्रोसेसिंग मॉडल डिजिटल वॉयस फीचर्स का गहन विश्लेषण करते हैं।
ai_hi_154.wav,voice data/ai/ai_hi_154.wav,ai,Neural TTS,hi-IN-SwaraNeural,Female,Hindi Synth,Hindi,4.0,16000,Raw TTS,कृत्रिम बुद्धिमत्ता और मशीन लर्निंग तकनीक आवाज पहचान प्रणाली में क्रांतिकारी परिवर्तन ला रही हैं।
ai_hi_155.wav,voice data/ai/ai_hi_155.wav,ai,Neural TTS,hi-IN-MadhurNeural,Male,Hindi Synth,Hindi,4.0,16000,Codec Simulated,ऑडियो सिग्नल प्रोसेसिंग मॉडल डिजिटल वॉयस फीचर्स का गहन विश्लेषण करते हैं।
ai_hi_156.wav,voice data/ai/ai_hi_156.wav,ai,Neural TTS,hi-IN-SwaraNeural,Female,Hindi Synth,Hindi,4.0,16000,Codec Simulated,कृत्रिम बुद्धिमत्ता और मशीन लर्निंग तकनीक आवाज पहचान प्रणाली में क्रांतिकारी परिवर्तन ला रही हैं।
ai_hi_157.wav,voice data/ai/ai_hi_157.wav,ai,Neural TTS,hi-IN-MadhurNeural,Male,Hindi Synth,Hindi,4.0,16000,Raw TTS,ऑडियो सिग्नल प्रोसेसिंग मॉडल डिजिटल वॉयस फीचर्स का गहन विश्लेषण करते हैं।
ai_hi_158.wav,voice data/ai/ai_hi_158.wav,ai,Neural TTS,hi-IN-SwaraNeural,Female,Hindi Synth,Hindi,4.0,16000,Raw TTS,कृत्रिम बुद्धिमत्ता और मशीन लर्निंग तकनीक आवाज पहचान प्रणाली में क्रांतिकारी परिवर्तन ला रही हैं।
ai_hi_159.wav,voice data/ai/ai_hi_159.wav,ai,Neural TTS,hi-IN-MadhurNeural,Male,Hindi Synth,Hindi,4.0,16000,Raw TTS,ऑडियो सिग्नल प्रोसेसिंग मॉडल डिजिटल वॉयस फीचर्स का गहन विश्लेषण करते हैं।
ai_hi_160.wav,voice data/ai/ai_hi_160.wav,ai,Neural TTS,hi-IN-SwaraNeural,Female,Hindi Synth,Hindi,4.0,16000,Codec Simulated,कृत्रिम बुद्धिमत्ता और मशीन लर्निंग तकनीक आवाज पहचान प्रणाली में क्रांतिकारी परिवर्तन ला रही हैं।
ai_hi_161.wav,voice data/ai/ai_hi_161.wav,ai,Neural TTS,hi-IN-MadhurNeural,Male,Hindi Synth,Hindi,4.0,16000,Codec Simulated,ऑडियो सिग्नल प्रोसेसिंग मॉडल डिजिटल वॉयस फीचर्स का गहन विश्लेषण करते हैं।
ai_hi_162.wav,voice data/ai/ai_hi_162.wav,ai,Neural TTS,hi-IN-SwaraNeural,Female,Hindi Synth,Hindi,4.0,16000,Raw TTS,कृत्रिम बुद्धिमत्ता और मशीन लर्निंग तकनीक आवाज पहचान प्रणाली में क्रांतिकारी परिवर्तन ला रही हैं।
ai_hi_163.wav,voice data/ai/ai_hi_163.wav,ai,Neural TTS,hi-IN-MadhurNeural,Male,Hindi Synth,Hindi,4.0,16000,Raw TTS,ऑडियो सिग्नल प्रोसेसिंग मॉडल डिजिटल वॉयस फीचर्स का गहन विश्लेषण करते हैं।
ai_hi_164.wav,voice data/ai/ai_hi_164.wav,ai,Neural TTS,hi-IN-SwaraNeural,Female,Hindi Synth,Hindi,4.0,16000,Raw TTS,कृत्रिम बुद्धिमत्ता और मशीन लर्निंग तकनीक आवाज पहचान प्रणाली में क्रांतिकारी परिवर्तन ला रही हैं।
ai_hi_165.wav,voice data/ai/ai_hi_165.wav,ai,Neural TTS,hi-IN-MadhurNeural,Male,Hindi Synth,Hindi,4.0,16000,Codec Simulated,ऑडियो सिग्नल प्रोसेसिंग मॉडल डिजिटल वॉयस फीचर्स का गहन विश्लेषण करते हैं।
ai_hi_166.wav,voice data/ai/ai_hi_166.wav,ai,Neural TTS,hi-IN-SwaraNeural,Female,Hindi Synth,Hindi,4.0,16000,Codec Simulated,कृत्रिम बुद्धिमत्ता और मशीन लर्निंग तकनीक आवाज पहचान प्रणाली में क्रांतिकारी परिवर्तन ला रही हैं।
ai_hi_167.wav,voice data/ai/ai_hi_167.wav,ai,Neural TTS,hi-IN-MadhurNeural,Male,Hindi Synth,Hindi,4.0,16000,Raw TTS,ऑडियो सिग्नल प्रोसेसिंग मॉडल डिजिटल वॉयस फीचर्स का गहन विश्लेषण करते हैं।
ai_hi_168.wav,voice data/ai/ai_hi_168.wav,ai,Neural TTS,hi-IN-SwaraNeural,Female,Hindi Synth,Hindi,4.0,16000,Raw TTS,कृत्रिम बुद्धिमत्ता और मशीन लर्निंग तकनीक आवाज पहचान प्रणाली में क्रांतिकारी परिवर्तन ला रही हैं।
ai_hi_169.wav,voice data/ai/ai_hi_169.wav,ai,Neural TTS,hi-IN-MadhurNeural,Male,Hindi Synth,Hindi,4.0,16000,Raw TTS,ऑडियो सिग्नल प्रोसेसिंग मॉडल डिजिटल वॉयस फीचर्स का गहन विश्लेषण करते हैं।
ai_hi_170.wav,voice data/ai/ai_hi_170.wav,ai,Neural TTS,hi-IN-SwaraNeural,Female,Hindi Synth,Hindi,4.0,16000,Codec Simulated,कृत्रिम बुद्धिमत्ता और मशीन लर्निंग तकनीक आवाज पहचान प्रणाली में क्रांतिकारी परिवर्तन ला रही हैं।
ai_hi_171.wav,voice data/ai/ai_hi_171.wav,ai,Neural TTS,hi-IN-MadhurNeural,Male,Hindi Synth,Hindi,4.0,16000,Codec Simulated,ऑडियो सिग्नल प्रोसेसिंग मॉडल डिजिटल वॉयस फीचर्स का गहन विश्लेषण करते हैं।
ai_hi_172.wav,voice data/ai/ai_hi_172.wav,ai,Neural TTS,hi-IN-SwaraNeural,Female,Hindi Synth,Hindi,4.0,16000,Raw TTS,कृत्रिम बुद्धिमत्ता और मशीन लर्निंग तकनीक आवाज पहचान प्रणाली में क्रांतिकारी परिवर्तन ला रही हैं।
ai_hi_173.wav,voice data/ai/ai_hi_173.wav,ai,Neural TTS,hi-IN-MadhurNeural,Male,Hindi Synth,Hindi,4.0,16000,Raw TTS,ऑडियो सिग्नल प्रोसेसिंग मॉडल डिजिटल वॉयस फीचर्स का गहन विश्लेषण करते हैं।
ai_hi_174.wav,voice data/ai/ai_hi_174.wav,ai,Neural TTS,hi-IN-SwaraNeural,Female,Hindi Synth,Hindi,4.0,16000,Raw TTS,कृत्रिम बुद्धिमत्ता और मशीन लर्निंग तकनीक आवाज पहचान प्रणाली में क्रांतिकारी परिवर्तन ला रही हैं।
ai_hi_175.wav,voice data/ai/ai_hi_175.wav,ai,Neural TTS,hi-IN-MadhurNeural,Male,Hindi Synth,Hindi,4.0,16000,Codec Simulated,ऑडियो सिग्नल प्रोसेसिंग मॉडल डिजिटल वॉयस फीचर्स का गहन विश्लेषण करते हैं।
ai_hi_176.wav,voice data/ai/ai_hi_176.wav,ai,Neural TTS,hi-IN-SwaraNeural,Female,Hindi Synth,Hindi,4.0,16000,Codec Simulated,कृत्रिम बुद्धिमत्ता और मशीन लर्निंग तकनीक आवाज पहचान प्रणाली में क्रांतिकारी परिवर्तन ला रही हैं।
ai_hi_177.wav,voice data/ai/ai_hi_177.wav,ai,Neural TTS,hi-IN-MadhurNeural,Male,Hindi Synth,Hindi,4.0,16000,Raw TTS,ऑडियो सिग्नल प्रोसेसिंग मॉडल डिजिटल वॉयस फीचर्स का गहन विश्लेषण करते हैं।
ai_hi_178.wav,voice data/ai/ai_hi_178.wav,ai,Neural TTS,hi-IN-SwaraNeural,Female,Hindi Synth,Hindi,4.0,16000,Raw TTS,कृत्रिम बुद्धिमत्ता और मशीन लर्निंग तकनीक आवाज पहचान प्रणाली में क्रांतिकारी परिवर्तन ला रही हैं।
ai_hi_179.wav,voice data/ai/ai_hi_179.wav,ai,Neural TTS,hi-IN-MadhurNeural,Male,Hindi Synth,Hindi,4.0,16000,Raw TTS,ऑडियो सिग्नल प्रोसेसिंग मॉडल डिजिटल वॉयस फीचर्स का गहन विश्लेषण करते हैं।
ai_hi_180.wav,voice data/ai/ai_hi_180.wav,ai,Neural TTS,hi-IN-SwaraNeural,Female,Hindi Synth,Hindi,4.0,16000,Codec Simulated,कृत्रिम बुद्धिमत्ता और मशीन लर्निंग तकनीक आवाज पहचान प्रणाली में क्रांतिकारी परिवर्तन ला रही हैं।
ai_hi_181.wav,voice data/ai/ai_hi_181.wav,ai,Neural TTS,hi-IN-MadhurNeural,Male,Hindi Synth,Hindi,4.0,16000,Codec Simulated,ऑडियो सिग्नल प्रोसेसिंग मॉडल डिजिटल वॉयस फीचर्स का गहन विश्लेषण करते हैं।
ai_hi_182.wav,voice data/ai/ai_hi_182.wav,ai,Neural TTS,hi-IN-SwaraNeural,Female,Hindi Synth,Hindi,4.0,16000,Raw TTS,कृत्रिम बुद्धिमत्ता और मशीन लर्निंग तकनीक आवाज पहचान प्रणाली में क्रांतिकारी परिवर्तन ला रही हैं।
ai_hi_183.wav,voice data/ai/ai_hi_183.wav,ai,Neural TTS,hi-IN-MadhurNeural,Male,Hindi Synth,Hindi,4.0,16000,Raw TTS,ऑडियो सिग्नल प्रोसेसिंग मॉडल डिजिटल वॉयस फीचर्स का गहन विश्लेषण करते हैं।
ai_hi_184.wav,voice data/ai/ai_hi_184.wav,ai,Neural TTS,hi-IN-SwaraNeural,Female,Hindi Synth,Hindi,4.0,16000,Raw TTS,कृत्रिम बुद्धिमत्ता और मशीन लर्निंग तकनीक आवाज पहचान प्रणाली में क्रांतिकारी परिवर्तन ला रही हैं।
ai_hi_185.wav,voice data/ai/ai_hi_185.wav,ai,Neural TTS,hi-IN-MadhurNeural,Male,Hindi Synth,Hindi,4.0,16000,Codec Simulated,ऑडियो सिग्नल प्रोसेसिंग मॉडल डिजिटल वॉयस फीचर्स का गहन विश्लेषण करते हैं।
ai_hi_186.wav,voice data/ai/ai_hi_186.wav,ai,Neural TTS,hi-IN-SwaraNeural,Female,Hindi Synth,Hindi,4.0,16000,Codec Simulated,कृत्रिम बुद्धिमत्ता और मशीन लर्निंग तकनीक आवाज पहचान प्रणाली में क्रांतिकारी परिवर्तन ला रही हैं।
ai_hi_187.wav,voice data/ai/ai_hi_187.wav,ai,Neural TTS,hi-IN-MadhurNeural,Male,Hindi Synth,Hindi,4.0,16000,Raw TTS,ऑडियो सिग्नल प्रोसेसिंग मॉडल डिजिटल वॉयस फीचर्स का गहन विश्लेषण करते हैं।
ai_hi_188.wav,voice data/ai/ai_hi_188.wav,ai,Neural TTS,hi-IN-SwaraNeural,Female,Hindi Synth,Hindi,4.0,16000,Raw TTS,कृत्रिम बुद्धिमत्ता और मशीन लर्निंग तकनीक आवाज पहचान प्रणाली में क्रांतिकारी परिवर्तन ला रही हैं।
ai_hi_189.wav,voice data/ai/ai_hi_189.wav,ai,Neural TTS,hi-IN-MadhurNeural,Male,Hindi Synth,Hindi,4.0,16000,Raw TTS,ऑडियो सिग्नल प्रोसेसिंग मॉडल डिजिटल वॉयस फीचर्स का गहन विश्लेषण करते हैं।
ai_hi_190.wav,voice data/ai/ai_hi_190.wav,ai,Neural TTS,hi-IN-SwaraNeural,Female,Hindi Synth,Hindi,4.0,16000,Codec Simulated,कृत्रिम बुद्धिमत्ता और मशीन लर्निंग तकनीक आवाज पहचान प्रणाली में क्रांतिकारी परिवर्तन ला रही हैं।
ai_hi_191.wav,voice data/ai/ai_hi_191.wav,ai,Neural TTS,hi-IN-MadhurNeural,Male,Hindi Synth,Hindi,4.0,16000,Codec Simulated,ऑडियो सिग्नल प्रोसेसिंग मॉडल डिजिटल वॉयस फीचर्स का गहन विश्लेषण करते हैं।
ai_hi_192.wav,voice data/ai/ai_hi_192.wav,ai,Neural TTS,hi-IN-SwaraNeural,Female,Hindi Synth,Hindi,4.0,16000,Raw TTS,कृत्रिम बुद्धिमत्ता और मशीन लर्निंग तकनीक आवाज पहचान प्रणाली में क्रांतिकारी परिवर्तन ला रही हैं।
ai_hi_193.wav,voice data/ai/ai_hi_193.wav,ai,Neural TTS,hi-IN-MadhurNeural,Male,Hindi Synth,Hindi,4.0,16000,Raw TTS,ऑडियो सिग्नल प्रोसेसिंग मॉडल डिजिटल वॉयस फीचर्स का गहन विश्लेषण करते हैं।
ai_hi_194.wav,voice data/ai/ai_hi_194.wav,ai,Neural TTS,hi-IN-SwaraNeural,Female,Hindi Synth,Hindi,4.0,16000,Raw TTS,कृत्रिम बुद्धिमत्ता और मशीन लर्निंग तकनीक आवाज पहचान प्रणाली में क्रांतिकारी परिवर्तन ला रही हैं।
ai_hi_195.wav,voice data/ai/ai_hi_195.wav,ai,Neural TTS,hi-IN-MadhurNeural,Male,Hindi Synth,Hindi,4.0,16000,Codec Simulated,ऑडियो सिग्नल प्रोसेसिंग मॉडल डिजिटल वॉयस फीचर्स का गहन विश्लेषण करते हैं।
ai_hi_196.wav,voice data/ai/ai_hi_196.wav,ai,Neural TTS,hi-IN-SwaraNeural,Female,Hindi Synth,Hindi,4.0,16000,Codec Simulated,कृत्रिम बुद्धिमत्ता और मशीन लर्निंग तकनीक आवाज पहचान प्रणाली में क्रांतिकारी परिवर्तन ला रही हैं।
ai_hi_197.wav,voice data/ai/ai_hi_197.wav,ai,Neural TTS,hi-IN-MadhurNeural,Male,Hindi Synth,Hindi,4.0,16000,Raw TTS,ऑडियो सिग्नल प्रोसेसिंग मॉडल डिजिटल वॉयस फीचर्स का गहन विश्लेषण करते हैं।
ai_hi_198.wav,voice data/ai/ai_hi_198.wav,ai,Neural TTS,hi-IN-SwaraNeural,Female,Hindi Synth,Hindi,4.0,16000,Raw TTS,कृत्रिम बुद्धिमत्ता और मशीन लर्निंग तकनीक आवाज पहचान प्रणाली में क्रांतिकारी परिवर्तन ला रही हैं।
ai_hi_199.wav,voice data/ai/ai_hi_199.wav,ai,Neural TTS,hi-IN-MadhurNeural,Male,Hindi Synth,Hindi,4.0,16000,Raw TTS,ऑडियो सिग्नल प्रोसेसिंग मॉडल डिजिटल वॉयस फीचर्स का गहन विश्लेषण करते हैं।
ai_hi_200.wav,voice data/ai/ai_hi_200.wav,ai,Neural TTS,hi-IN-SwaraNeural,Female,Hindi Synth,Hindi,4.0,16000,Codec Simulated,कृत्रिम बुद्धिमत्ता और मशीन लर्निंग तकनीक आवाज पहचान प्रणाली में क्रांतिकारी परिवर्तन ला रही हैं।
ai_hi_201.wav,voice data/ai/ai_hi_201.wav,ai,Neural TTS,hi-IN-MadhurNeural,Male,Hindi Synth,Hindi,4.0,16000,Codec Simulated,ऑडियो सिग्नल प्रोसेसिंग मॉडल डिजिटल वॉयस फीचर्स का गहन विश्लेषण करते हैं।
ai_hi_202.wav,voice data/ai/ai_hi_202.wav,ai,Neural TTS,hi-IN-SwaraNeural,Female,Hindi Synth,Hindi,4.0,16000,Raw TTS,कृत्रिम बुद्धिमत्ता और मशीन लर्निंग तकनीक आवाज पहचान प्रणाली में क्रांतिकारी परिवर्तन ला रही हैं।
ai_hi_203.wav,voice data/ai/ai_hi_203.wav,ai,Neural TTS,hi-IN-MadhurNeural,Male,Hindi Synth,Hindi,4.0,16000,Raw TTS,ऑडियो सिग्नल प्रोसेसिंग मॉडल डिजिटल वॉयस फीचर्स का गहन विश्लेषण करते हैं।
ai_hi_204.wav,voice data/ai/ai_hi_204.wav,ai,Neural TTS,hi-IN-SwaraNeural,Female,Hindi Synth,Hindi,4.0,16000,Raw TTS,कृत्रिम बुद्धिमत्ता और मशीन लर्निंग तकनीक आवाज पहचान प्रणाली में क्रांतिकारी परिवर्तन ला रही हैं।
ai_hi_205.wav,voice data/ai/ai_hi_205.wav,ai,Neural TTS,hi-IN-MadhurNeural,Male,Hindi Synth,Hindi,4.0,16000,Codec Simulated,ऑडियो सिग्नल प्रोसेसिंग मॉडल डिजिटल वॉयस फीचर्स का गहन विश्लेषण करते हैं।
ai_hi_206.wav,voice data/ai/ai_hi_206.wav,ai,Neural TTS,hi-IN-SwaraNeural,Female,Hindi Synth,Hindi,4.0,16000,Codec Simulated,कृत्रिम बुद्धिमत्ता और मशीन लर्निंग तकनीक आवाज पहचान प्रणाली में क्रांतिकारी परिवर्तन ला रही हैं।
ai_hi_207.wav,voice data/ai/ai_hi_207.wav,ai,Neural TTS,hi-IN-MadhurNeural,Male,Hindi Synth,Hindi,4.0,16000,Raw TTS,ऑडियो सिग्नल प्रोसेसिंग मॉडल डिजिटल वॉयस फीचर्स का गहन विश्लेषण करते हैं।
ai_hi_208.wav,voice data/ai/ai_hi_208.wav,ai,Neural TTS,hi-IN-SwaraNeural,Female,Hindi Synth,Hindi,4.0,16000,Raw TTS,कृत्रिम बुद्धिमत्ता और मशीन लर्निंग तकनीक आवाज पहचान प्रणाली में क्रांतिकारी परिवर्तन ला रही हैं।
ai_hi_209.wav,voice data/ai/ai_hi_209.wav,ai,Neural TTS,hi-IN-MadhurNeural,Male,Hindi Synth,Hindi,4.0,16000,Raw TTS,ऑडियो सिग्नल प्रोसेसिंग मॉडल डिजिटल वॉयस फीचर्स का गहन विश्लेषण करते हैं।
ai_hi_210.wav,voice data/ai/ai_hi_210.wav,ai,Neural TTS,hi-IN-SwaraNeural,Female,Hindi Synth,Hindi,4.0,16000,Codec Simulated,कृत्रिम बुद्धिमत्ता और मशीन लर्निंग तकनीक आवाज पहचान प्रणाली में क्रांतिकारी परिवर्तन ला रही हैं।
ai_hi_211.wav,voice data/ai/ai_hi_211.wav,ai,Neural TTS,hi-IN-MadhurNeural,Male,Hindi Synth,Hindi,4.0,16000,Codec Simulated,ऑडियो सिग्नल प्रोसेसिंग मॉडल डिजिटल वॉयस फीचर्स का गहन विश्लेषण करते हैं।
ai_hi_212.wav,voice data/ai/ai_hi_212.wav,ai,Neural TTS,hi-IN-SwaraNeural,Female,Hindi Synth,Hindi,4.0,16000,Raw TTS,कृत्रिम बुद्धिमत्ता और मशीन लर्निंग तकनीक आवाज पहचान प्रणाली में क्रांतिकारी परिवर्तन ला रही हैं।
ai_hi_213.wav,voice data/ai/ai_hi_213.wav,ai,Neural TTS,hi-IN-MadhurNeural,Male,Hindi Synth,Hindi,4.0,16000,Raw TTS,ऑडियो सिग्नल प्रोसेसिंग मॉडल डिजिटल वॉयस फीचर्स का गहन विश्लेषण करते हैं।
ai_hi_214.wav,voice data/ai/ai_hi_214.wav,ai,Neural TTS,hi-IN-SwaraNeural,Female,Hindi Synth,Hindi,4.0,16000,Raw TTS,कृत्रिम बुद्धिमत्ता और मशीन लर्निंग तकनीक आवाज पहचान प्रणाली में क्रांतिकारी परिवर्तन ला रही हैं।
ai_hi_215.wav,voice data/ai/ai_hi_215.wav,ai,Neural TTS,hi-IN-MadhurNeural,Male,Hindi Synth,Hindi,4.0,16000,Codec Simulated,ऑडियो सिग्नल प्रोसेसिंग मॉडल डिजिटल वॉयस फीचर्स का गहन विश्लेषण करते हैं।
ai_hi_216.wav,voice data/ai/ai_hi_216.wav,ai,Neural TTS,hi-IN-SwaraNeural,Female,Hindi Synth,Hindi,4.0,16000,Codec Simulated,कृत्रिम बुद्धिमत्ता और मशीन लर्निंग तकनीक आवाज पहचान प्रणाली में क्रांतिकारी परिवर्तन ला रही हैं।
ai_hi_217.wav,voice data/ai/ai_hi_217.wav,ai,Neural TTS,hi-IN-MadhurNeural,Male,Hindi Synth,Hindi,4.0,16000,Raw TTS,ऑडियो सिग्नल प्रोसेसिंग मॉडल डिजिटल वॉयस फीचर्स का गहन विश्लेषण करते हैं।
ai_hi_218.wav,voice data/ai/ai_hi_218.wav,ai,Neural TTS,hi-IN-SwaraNeural,Female,Hindi Synth,Hindi,4.0,16000,Raw TTS,कृत्रिम बुद्धिमत्ता और मशीन लर्निंग तकनीक आवाज पहचान प्रणाली में क्रांतिकारी परिवर्तन ला रही हैं।
ai_hi_219.wav,voice data/ai/ai_hi_219.wav,ai,Neural TTS,hi-IN-MadhurNeural,Male,Hindi Synth,Hindi,4.0,16000,Raw TTS,ऑडियो सिग्नल प्रोसेसिंग मॉडल डिजिटल वॉयस फीचर्स का गहन विश्लेषण करते हैं।
ai_hi_220.wav,voice data/ai/ai_hi_220.wav,ai,Neural TTS,hi-IN-SwaraNeural,Female,Hindi Synth,Hindi,4.0,16000,Codec Simulated,कृत्रिम बुद्धिमत्ता और मशीन लर्निंग तकनीक आवाज पहचान प्रणाली में क्रांतिकारी परिवर्तन ला रही हैं।
ai_hi_221.wav,voice data/ai/ai_hi_221.wav,ai,Neural TTS,hi-IN-MadhurNeural,Male,Hindi Synth,Hindi,4.0,16000,Codec Simulated,ऑडियो सिग्नल प्रोसेसिंग मॉडल डिजिटल वॉयस फीचर्स का गहन विश्लेषण करते हैं।
ai_hi_222.wav,voice data/ai/ai_hi_222.wav,ai,Neural TTS,hi-IN-SwaraNeural,Female,Hindi Synth,Hindi,4.0,16000,Raw TTS,कृत्रिम बुद्धिमत्ता और मशीन लर्निंग तकनीक आवाज पहचान प्रणाली में क्रांतिकारी परिवर्तन ला रही हैं।
ai_hi_223.wav,voice data/ai/ai_hi_223.wav,ai,Neural TTS,hi-IN-MadhurNeural,Male,Hindi Synth,Hindi,4.0,16000,Raw TTS,ऑडियो सिग्नल प्रोसेसिंग मॉडल डिजिटल वॉयस फीचर्स का गहन विश्लेषण करते हैं।
ai_hi_224.wav,voice data/ai/ai_hi_224.wav,ai,Neural TTS,hi-IN-SwaraNeural,Female,Hindi Synth,Hindi,4.0,16000,Raw TTS,कृत्रिम बुद्धिमत्ता और मशीन लर्निंग तकनीक आवाज पहचान प्रणाली में क्रांतिकारी परिवर्तन ला रही हैं।
ai_hi_225.wav,voice data/ai/ai_hi_225.wav,ai,Neural TTS,hi-IN-MadhurNeural,Male,Hindi Synth,Hindi,4.0,16000,Codec Simulated,ऑडियो सिग्नल प्रोसेसिंग मॉडल डिजिटल वॉयस फीचर्स का गहन विश्लेषण करते हैं।
ai_hi_226.wav,voice data/ai/ai_hi_226.wav,ai,Neural TTS,hi-IN-SwaraNeural,Female,Hindi Synth,Hindi,4.0,16000,Codec Simulated,कृत्रिम बुद्धिमत्ता और मशीन लर्निंग तकनीक आवाज पहचान प्रणाली में क्रांतिकारी परिवर्तन ला रही हैं।
ai_hi_227.wav,voice data/ai/ai_hi_227.wav,ai,Neural TTS,hi-IN-MadhurNeural,Male,Hindi Synth,Hindi,4.0,16000,Raw TTS,ऑडियो सिग्नल प्रोसेसिंग मॉडल डिजिटल वॉयस फीचर्स का गहन विश्लेषण करते हैं।
ai_hi_228.wav,voice data/ai/ai_hi_228.wav,ai,Neural TTS,hi-IN-SwaraNeural,Female,Hindi Synth,Hindi,4.0,16000,Raw TTS,कृत्रिम बुद्धिमत्ता और मशीन लर्निंग तकनीक आवाज पहचान प्रणाली में क्रांतिकारी परिवर्तन ला रही हैं।
ai_hi_229.wav,voice data/ai/ai_hi_229.wav,ai,Neural TTS,hi-IN-MadhurNeural,Male,Hindi Synth,Hindi,4.0,16000,Raw TTS,ऑडियो सिग्नल प्रोसेसिंग मॉडल डिजिटल वॉयस फीचर्स का गहन विश्लेषण करते हैं।
ai_hi_230.wav,voice data/ai/ai_hi_230.wav,ai,Neural TTS,hi-IN-SwaraNeural,Female,Hindi Synth,Hindi,4.0,16000,Codec Simulated,कृत्रिम बुद्धिमत्ता और मशीन लर्निंग तकनीक आवाज पहचान प्रणाली में क्रांतिकारी परिवर्तन ला रही हैं।
ai_hi_231.wav,voice data/ai/ai_hi_231.wav,ai,Neural TTS,hi-IN-MadhurNeural,Male,Hindi Synth,Hindi,4.0,16000,Codec Simulated,ऑडियो सिग्नल प्रोसेसिंग मॉडल डिजिटल वॉयस फीचर्स का गहन विश्लेषण करते हैं।
ai_hi_232.wav,voice data/ai/ai_hi_232.wav,ai,Neural TTS,hi-IN-SwaraNeural,Female,Hindi Synth,Hindi,4.0,16000,Raw TTS,कृत्रिम बुद्धिमत्ता और मशीन लर्निंग तकनीक आवाज पहचान प्रणाली में क्रांतिकारी परिवर्तन ला रही हैं।
ai_hi_233.wav,voice data/ai/ai_hi_233.wav,ai,Neural TTS,hi-IN-MadhurNeural,Male,Hindi Synth,Hindi,4.0,16000,Raw TTS,ऑडियो सिग्नल प्रोसेसिंग मॉडल डिजिटल वॉयस फीचर्स का गहन विश्लेषण करते हैं।
ai_hi_234.wav,voice data/ai/ai_hi_234.wav,ai,Neural TTS,hi-IN-SwaraNeural,Female,Hindi Synth,Hindi,4.0,16000,Raw TTS,कृत्रिम बुद्धिमत्ता और मशीन लर्निंग तकनीक आवाज पहचान प्रणाली में क्रांतिकारी परिवर्तन ला रही हैं।
ai_hi_235.wav,voice data/ai/ai_hi_235.wav,ai,Neural TTS,hi-IN-MadhurNeural,Male,Hindi Synth,Hindi,4.0,16000,Codec Simulated,ऑडियो सिग्नल प्रोसेसिंग मॉडल डिजिटल वॉयस फीचर्स का गहन विश्लेषण करते हैं।
ai_hi_236.wav,voice data/ai/ai_hi_236.wav,ai,Neural TTS,hi-IN-SwaraNeural,Female,Hindi Synth,Hindi,4.0,16000,Codec Simulated,कृत्रिम बुद्धिमत्ता और मशीन लर्निंग तकनीक आवाज पहचान प्रणाली में क्रांतिकारी परिवर्तन ला रही हैं।
ai_hi_237.wav,voice data/ai/ai_hi_237.wav,ai,Neural TTS,hi-IN-MadhurNeural,Male,Hindi Synth,Hindi,4.0,16000,Raw TTS,ऑडियो सिग्नल प्रोसेसिंग मॉडल डिजिटल वॉयस फीचर्स का गहन विश्लेषण करते हैं।
ai_hi_238.wav,voice data/ai/ai_hi_238.wav,ai,Neural TTS,hi-IN-SwaraNeural,Female,Hindi Synth,Hindi,4.0,16000,Raw TTS,कृत्रिम बुद्धिमत्ता और मशीन लर्निंग तकनीक आवाज पहचान प्रणाली में क्रांतिकारी परिवर्तन ला रही हैं।
ai_hi_239.wav,voice data/ai/ai_hi_239.wav,ai,Neural TTS,hi-IN-MadhurNeural,Male,Hindi Synth,Hindi,4.0,16000,Raw TTS,ऑडियो सिग्नल प्रोसेसिंग मॉडल डिजिटल वॉयस फीचर्स का गहन विश्लेषण करते हैं।
ai_hi_240.wav,voice data/ai/ai_hi_240.wav,ai,Neural TTS,hi-IN-SwaraNeural,Female,Hindi Synth,Hindi,4.0,16000,Codec Simulated,कृत्रिम बुद्धिमत्ता और मशीन लर्निंग तकनीक आवाज पहचान प्रणाली में क्रांतिकारी परिवर्तन ला रही हैं।
ai_hi_241.wav,voice data/ai/ai_hi_241.wav,ai,Neural TTS,hi-IN-MadhurNeural,Male,Hindi Synth,Hindi,4.0,16000,Codec Simulated,ऑडियो सिग्नल प्रोसेसिंग मॉडल डिजिटल वॉयस फीचर्स का गहन विश्लेषण करते हैं।
ai_hi_242.wav,voice data/ai/ai_hi_242.wav,ai,Neural TTS,hi-IN-SwaraNeural,Female,Hindi Synth,Hindi,4.0,16000,Raw TTS,कृत्रिम बुद्धिमत्ता और मशीन लर्निंग तकनीक आवाज पहचान प्रणाली में क्रांतिकारी परिवर्तन ला रही हैं।
ai_hi_243.wav,voice data/ai/ai_hi_243.wav,ai,Neural TTS,hi-IN-MadhurNeural,Male,Hindi Synth,Hindi,4.0,16000,Raw TTS,ऑडियो सिग्नल प्रोसेसिंग मॉडल डिजिटल वॉयस फीचर्स का गहन विश्लेषण करते हैं।
ai_hi_244.wav,voice data/ai/ai_hi_244.wav,ai,Neural TTS,hi-IN-SwaraNeural,Female,Hindi Synth,Hindi,4.0,16000,Raw TTS,कृत्रिम बुद्धिमत्ता और मशीन लर्निंग तकनीक आवाज पहचान प्रणाली में क्रांतिकारी परिवर्तन ला रही हैं।
ai_hi_245.wav,voice data/ai/ai_hi_245.wav,ai,Neural TTS,hi-IN-MadhurNeural,Male,Hindi Synth,Hindi,4.0,16000,Codec Simulated,ऑडियो सिग्नल प्रोसेसिंग मॉडल डिजिटल वॉयस फीचर्स का गहन विश्लेषण करते हैं।
ai_hi_246.wav,voice data/ai/ai_hi_246.wav,ai,Neural TTS,hi-IN-SwaraNeural,Female,Hindi Synth,Hindi,4.0,16000,Codec Simulated,कृत्रिम बुद्धिमत्ता और मशीन लर्निंग तकनीक आवाज पहचान प्रणाली में क्रांतिकारी परिवर्तन ला रही हैं।
ai_hi_247.wav,voice data/ai/ai_hi_247.wav,ai,Neural TTS,hi-IN-MadhurNeural,Male,Hindi Synth,Hindi,4.0,16000,Raw TTS,ऑडियो सिग्नल प्रोसेसिंग मॉडल डिजिटल वॉयस फीचर्स का गहन विश्लेषण करते हैं।
ai_hi_248.wav,voice data/ai/ai_hi_248.wav,ai,Neural TTS,hi-IN-SwaraNeural,Female,Hindi Synth,Hindi,4.0,16000,Raw TTS,कृत्रिम बुद्धिमत्ता और मशीन लर्निंग तकनीक आवाज पहचान प्रणाली में क्रांतिकारी परिवर्तन ला रही हैं।
ai_hi_249.wav,voice data/ai/ai_hi_249.wav,ai,Neural TTS,hi-IN-MadhurNeural,Male,Hindi Synth,Hindi,4.0,16000,Raw TTS,ऑडियो सिग्नल प्रोसेसिंग मॉडल डिजिटल वॉयस फीचर्स का गहन विश्लेषण करते हैं।
ai_hi_250.wav,voice data/ai/ai_hi_250.wav,ai,Neural TTS,hi-IN-SwaraNeural,Female,Hindi Synth,Hindi,4.0,16000,Codec Simulated,कृत्रिम बुद्धिमत्ता और मशीन लर्निंग तकनीक आवाज पहचान प्रणाली में क्रांतिकारी परिवर्तन ला रही हैं।
ai_hi_251.wav,voice data/ai/ai_hi_251.wav,ai,Neural TTS,hi-IN-MadhurNeural,Male,Hindi Synth,Hindi,4.0,16000,Codec Simulated,ऑडियो सिग्नल प्रोसेसिंग मॉडल डिजिटल वॉयस फीचर्स का गहन विश्लेषण करते हैं।
ai_hi_252.wav,voice data/ai/ai_hi_252.wav,ai,Neural TTS,hi-IN-SwaraNeural,Female,Hindi Synth,Hindi,4.0,16000,Raw TTS,कृत्रिम बुद्धिमत्ता और मशीन लर्निंग तकनीक आवाज पहचान प्रणाली में क्रांतिकारी परिवर्तन ला रही हैं।
ai_hi_253.wav,voice data/ai/ai_hi_253.wav,ai,Neural TTS,hi-IN-MadhurNeural,Male,Hindi Synth,Hindi,4.0,16000,Raw TTS,ऑडियो सिग्नल प्रोसेसिंग मॉडल डिजिटल वॉयस फीचर्स का गहन विश्लेषण करते हैं।
ai_hi_254.wav,voice data/ai/ai_hi_254.wav,ai,Neural TTS,hi-IN-SwaraNeural,Female,Hindi Synth,Hindi,4.0,16000,Raw TTS,कृत्रिम बुद्धिमत्ता और मशीन लर्निंग तकनीक आवाज पहचान प्रणाली में क्रांतिकारी परिवर्तन ला रही हैं।
ai_hi_255.wav,voice data/ai/ai_hi_255.wav,ai,Neural TTS,hi-IN-MadhurNeural,Male,Hindi Synth,Hindi,4.0,16000,Codec Simulated,ऑडियो सिग्नल प्रोसेसिंग मॉडल डिजिटल वॉयस फीचर्स का गहन विश्लेषण करते हैं।
ai_hi_256.wav,voice data/ai/ai_hi_256.wav,ai,Neural TTS,hi-IN-SwaraNeural,Female,Hindi Synth,Hindi,4.0,16000,Codec Simulated,कृत्रिम बुद्धिमत्ता और मशीन लर्निंग तकनीक आवाज पहचान प्रणाली में क्रांतिकारी परिवर्तन ला रही हैं।
ai_hi_257.wav,voice data/ai/ai_hi_257.wav,ai,Neural TTS,hi-IN-MadhurNeural,Male,Hindi Synth,Hindi,4.0,16000,Raw TTS,ऑडियो सिग्नल प्रोसेसिंग मॉडल डिजिटल वॉयस फीचर्स का गहन विश्लेषण करते हैं।
ai_hi_258.wav,voice data/ai/ai_hi_258.wav,ai,Neural TTS,hi-IN-SwaraNeural,Female,Hindi Synth,Hindi,4.0,16000,Raw TTS,कृत्रिम बुद्धिमत्ता और मशीन लर्निंग तकनीक आवाज पहचान प्रणाली में क्रांतिकारी परिवर्तन ला रही हैं।
ai_hi_259.wav,voice data/ai/ai_hi_259.wav,ai,Neural TTS,hi-IN-MadhurNeural,Male,Hindi Synth,Hindi,4.0,16000,Raw TTS,ऑडियो सिग्नल प्रोसेसिंग मॉडल डिजिटल वॉयस फीचर्स का गहन विश्लेषण करते हैं।
ai_hi_260.wav,voice data/ai/ai_hi_260.wav,ai,Neural TTS,hi-IN-SwaraNeural,Female,Hindi Synth,Hindi,4.0,16000,Codec Simulated,कृत्रिम बुद्धिमत्ता और मशीन लर्निंग तकनीक आवाज पहचान प्रणाली में क्रांतिकारी परिवर्तन ला रही हैं।
ai_hi_261.wav,voice data/ai/ai_hi_261.wav,ai,Neural TTS,hi-IN-MadhurNeural,Male,Hindi Synth,Hindi,4.0,16000,Codec Simulated,ऑडियो सिग्नल प्रोसेसिंग मॉडल डिजिटल वॉयस फीचर्स का गहन विश्लेषण करते हैं।
ai_hi_262.wav,voice data/ai/ai_hi_262.wav,ai,Neural TTS,hi-IN-SwaraNeural,Female,Hindi Synth,Hindi,4.0,16000,Raw TTS,कृत्रिम बुद्धिमत्ता और मशीन लर्निंग तकनीक आवाज पहचान प्रणाली में क्रांतिकारी परिवर्तन ला रही हैं।
ai_hi_263.wav,voice data/ai/ai_hi_263.wav,ai,Neural TTS,hi-IN-MadhurNeural,Male,Hindi Synth,Hindi,4.0,16000,Raw TTS,ऑडियो सिग्नल प्रोसेसिंग मॉडल डिजिटल वॉयस फीचर्स का गहन विश्लेषण करते हैं।
ai_hi_264.wav,voice data/ai/ai_hi_264.wav,ai,Neural TTS,hi-IN-SwaraNeural,Female,Hindi Synth,Hindi,4.0,16000,Raw TTS,कृत्रिम बुद्धिमत्ता और मशीन लर्निंग तकनीक आवाज पहचान प्रणाली में क्रांतिकारी परिवर्तन ला रही हैं।
ai_hi_265.wav,voice data/ai/ai_hi_265.wav,ai,Neural TTS,hi-IN-MadhurNeural,Male,Hindi Synth,Hindi,4.0,16000,Codec Simulated,ऑडियो सिग्नल प्रोसेसिंग मॉडल डिजिटल वॉयस फीचर्स का गहन विश्लेषण करते हैं।
ai_hi_266.wav,voice data/ai/ai_hi_266.wav,ai,Neural TTS,hi-IN-SwaraNeural,Female,Hindi Synth,Hindi,4.0,16000,Codec Simulated,कृत्रिम बुद्धिमत्ता और मशीन लर्निंग तकनीक आवाज पहचान प्रणाली में क्रांतिकारी परिवर्तन ला रही हैं।
ai_hi_267.wav,voice data/ai/ai_hi_267.wav,ai,Neural TTS,hi-IN-MadhurNeural,Male,Hindi Synth,Hindi,4.0,16000,Raw TTS,ऑडियो सिग्नल प्रोसेसिंग मॉडल डिजिटल वॉयस फीचर्स का गहन विश्लेषण करते हैं।
ai_hi_268.wav,voice data/ai/ai_hi_268.wav,ai,Neural TTS,hi-IN-SwaraNeural,Female,Hindi Synth,Hindi,4.0,16000,Raw TTS,कृत्रिम बुद्धिमत्ता और मशीन लर्निंग तकनीक आवाज पहचान प्रणाली में क्रांतिकारी परिवर्तन ला रही हैं।
ai_hi_269.wav,voice data/ai/ai_hi_269.wav,ai,Neural TTS,hi-IN-MadhurNeural,Male,Hindi Synth,Hindi,4.0,16000,Raw TTS,ऑडियो सिग्नल प्रोसेसिंग मॉडल डिजिटल वॉयस फीचर्स का गहन विश्लेषण करते हैं।
ai_hi_270.wav,voice data/ai/ai_hi_270.wav,ai,Neural TTS,hi-IN-SwaraNeural,Female,Hindi Synth,Hindi,4.0,16000,Codec Simulated,कृत्रिम बुद्धिमत्ता और मशीन लर्निंग तकनीक आवाज पहचान प्रणाली में क्रांतिकारी परिवर्तन ला रही हैं।
ai_hi_271.wav,voice data/ai/ai_hi_271.wav,ai,Neural TTS,hi-IN-MadhurNeural,Male,Hindi Synth,Hindi,4.0,16000,Codec Simulated,ऑडियो सिग्नल प्रोसेसिंग मॉडल डिजिटल वॉयस फीचर्स का गहन विश्लेषण करते हैं।
ai_hi_272.wav,voice data/ai/ai_hi_272.wav,ai,Neural TTS,hi-IN-SwaraNeural,Female,Hindi Synth,Hindi,4.0,16000,Raw TTS,कृत्रिम बुद्धिमत्ता और मशीन लर्निंग तकनीक आवाज पहचान प्रणाली में क्रांतिकारी परिवर्तन ला रही हैं।
ai_hi_273.wav,voice data/ai/ai_hi_273.wav,ai,Neural TTS,hi-IN-MadhurNeural,Male,Hindi Synth,Hindi,4.0,16000,Raw TTS,ऑडियो सिग्नल प्रोसेसिंग मॉडल डिजिटल वॉयस फीचर्स का गहन विश्लेषण करते हैं।
ai_hi_274.wav,voice data/ai/ai_hi_274.wav,ai,Neural TTS,hi-IN-SwaraNeural,Female,Hindi Synth,Hindi,4.0,16000,Raw TTS,कृत्रिम बुद्धिमत्ता और मशीन लर्निंग तकनीक आवाज पहचान प्रणाली में क्रांतिकारी परिवर्तन ला रही हैं।
ai_hi_275.wav,voice data/ai/ai_hi_275.wav,ai,Neural TTS,hi-IN-MadhurNeural,Male,Hindi Synth,Hindi,4.0,16000,Codec Simulated,ऑडियो सिग्नल प्रोसेसिंग मॉडल डिजिटल वॉयस फीचर्स का गहन विश्लेषण करते हैं।
ai_hi_276.wav,voice data/ai/ai_hi_276.wav,ai,Neural TTS,hi-IN-SwaraNeural,Female,Hindi Synth,Hindi,4.0,16000,Codec Simulated,कृत्रिम बुद्धिमत्ता और मशीन लर्निंग तकनीक आवाज पहचान प्रणाली में क्रांतिकारी परिवर्तन ला रही हैं।
ai_hi_277.wav,voice data/ai/ai_hi_277.wav,ai,Neural TTS,hi-IN-MadhurNeural,Male,Hindi Synth,Hindi,4.0,16000,Raw TTS,ऑडियो सिग्नल प्रोसेसिंग मॉडल डिजिटल वॉयस फीचर्स का गहन विश्लेषण करते हैं।
ai_hi_278.wav,voice data/ai/ai_hi_278.wav,ai,Neural TTS,hi-IN-SwaraNeural,Female,Hindi Synth,Hindi,4.0,16000,Raw TTS,कृत्रिम बुद्धिमत्ता और मशीन लर्निंग तकनीक आवाज पहचान प्रणाली में क्रांतिकारी परिवर्तन ला रही हैं।
ai_hi_279.wav,voice data/ai/ai_hi_279.wav,ai,Neural TTS,hi-IN-MadhurNeural,Male,Hindi Synth,Hindi,4.0,16000,Raw TTS,ऑडियो सिग्नल प्रोसेसिंग मॉडल डिजिटल वॉयस फीचर्स का गहन विश्लेषण करते हैं।
ai_hi_280.wav,voice data/ai/ai_hi_280.wav,ai,Neural TTS,hi-IN-SwaraNeural,Female,Hindi Synth,Hindi,4.0,16000,Codec Simulated,कृत्रिम बुद्धिमत्ता और मशीन लर्निंग तकनीक आवाज पहचान प्रणाली में क्रांतिकारी परिवर्तन ला रही हैं।
ai_hi_281.wav,voice data/ai/ai_hi_281.wav,ai,Neural TTS,hi-IN-MadhurNeural,Male,Hindi Synth,Hindi,4.0,16000,Codec Simulated,ऑडियो सिग्नल प्रोसेसिंग मॉडल डिजिटल वॉयस फीचर्स का गहन विश्लेषण करते हैं।
ai_hi_282.wav,voice data/ai/ai_hi_282.wav,ai,Neural TTS,hi-IN-SwaraNeural,Female,Hindi Synth,Hindi,4.0,16000,Raw TTS,कृत्रिम बुद्धिमत्ता और मशीन लर्निंग तकनीक आवाज पहचान प्रणाली में क्रांतिकारी परिवर्तन ला रही हैं।
ai_hi_283.wav,voice data/ai/ai_hi_283.wav,ai,Neural TTS,hi-IN-MadhurNeural,Male,Hindi Synth,Hindi,4.0,16000,Raw TTS,ऑडियो सिग्नल प्रोसेसिंग मॉडल डिजिटल वॉयस फीचर्स का गहन विश्लेषण करते हैं।
ai_hi_284.wav,voice data/ai/ai_hi_284.wav,ai,Neural TTS,hi-IN-SwaraNeural,Female,Hindi Synth,Hindi,4.0,16000,Raw TTS,कृत्रिम बुद्धिमत्ता और मशीन लर्निंग तकनीक आवाज पहचान प्रणाली में क्रांतिकारी परिवर्तन ला रही हैं।
ai_hi_285.wav,voice data/ai/ai_hi_285.wav,ai,Neural TTS,hi-IN-MadhurNeural,Male,Hindi Synth,Hindi,4.0,16000,Codec Simulated,ऑडियो सिग्नल प्रोसेसिंग मॉडल डिजिटल वॉयस फीचर्स का गहन विश्लेषण करते हैं।
ai_hi_286.wav,voice data/ai/ai_hi_286.wav,ai,Neural TTS,hi-IN-SwaraNeural,Female,Hindi Synth,Hindi,4.0,16000,Codec Simulated,कृत्रिम बुद्धिमत्ता और मशीन लर्निंग तकनीक आवाज पहचान प्रणाली में क्रांतिकारी परिवर्तन ला रही हैं।
ai_hi_287.wav,voice data/ai/ai_hi_287.wav,ai,Neural TTS,hi-IN-MadhurNeural,Male,Hindi Synth,Hindi,4.0,16000,Raw TTS,ऑडियो सिग्नल प्रोसेसिंग मॉडल डिजिटल वॉयस फीचर्स का गहन विश्लेषण करते हैं।
ai_hi_288.wav,voice data/ai/ai_hi_288.wav,ai,Neural TTS,hi-IN-SwaraNeural,Female,Hindi Synth,Hindi,4.0,16000,Raw TTS,कृत्रिम बुद्धिमत्ता और मशीन लर्निंग तकनीक आवाज पहचान प्रणाली में क्रांतिकारी परिवर्तन ला रही हैं।
ai_hi_289.wav,voice data/ai/ai_hi_289.wav,ai,Neural TTS,hi-IN-MadhurNeural,Male,Hindi Synth,Hindi,4.0,16000,Raw TTS,ऑडियो सिग्नल प्रोसेसिंग मॉडल डिजिटल वॉयस फीचर्स का गहन विश्लेषण करते हैं।
ai_hi_290.wav,voice data/ai/ai_hi_290.wav,ai,Neural TTS,hi-IN-SwaraNeural,Female,Hindi Synth,Hindi,4.0,16000,Codec Simulated,कृत्रिम बुद्धिमत्ता और मशीन लर्निंग तकनीक आवाज पहचान प्रणाली में क्रांतिकारी परिवर्तन ला रही हैं।
ai_hi_291.wav,voice data/ai/ai_hi_291.wav,ai,Neural TTS,hi-IN-MadhurNeural,Male,Hindi Synth,Hindi,4.0,16000,Codec Simulated,ऑडियो सिग्नल प्रोसेसिंग मॉडल डिजिटल वॉयस फीचर्स का गहन विश्लेषण करते हैं।
ai_hi_292.wav,voice data/ai/ai_hi_292.wav,ai,Neural TTS,hi-IN-SwaraNeural,Female,Hindi Synth,Hindi,4.0,16000,Raw TTS,कृत्रिम बुद्धिमत्ता और मशीन लर्निंग तकनीक आवाज पहचान प्रणाली में क्रांतिकारी परिवर्तन ला रही हैं।
ai_hi_293.wav,voice data/ai/ai_hi_293.wav,ai,Neural TTS,hi-IN-MadhurNeural,Male,Hindi Synth,Hindi,4.0,16000,Raw TTS,ऑडियो सिग्नल प्रोसेसिंग मॉडल डिजिटल वॉयस फीचर्स का गहन विश्लेषण करते हैं।
ai_hi_294.wav,voice data/ai/ai_hi_294.wav,ai,Neural TTS,hi-IN-SwaraNeural,Female,Hindi Synth,Hindi,4.0,16000,Raw TTS,कृत्रिम बुद्धिमत्ता और मशीन लर्निंग तकनीक आवाज पहचान प्रणाली में क्रांतिकारी परिवर्तन ला रही हैं।
ai_hi_295.wav,voice data/ai/ai_hi_295.wav,ai,Neural TTS,hi-IN-MadhurNeural,Male,Hindi Synth,Hindi,4.0,16000,Codec Simulated,ऑडियो सिग्नल प्रोसेसिंग मॉडल डिजिटल वॉयस फीचर्स का गहन विश्लेषण करते हैं।
ai_hi_296.wav,voice data/ai/ai_hi_296.wav,ai,Neural TTS,hi-IN-SwaraNeural,Female,Hindi Synth,Hindi,4.0,16000,Codec Simulated,कृत्रिम बुद्धिमत्ता और मशीन लर्निंग तकनीक आवाज पहचान प्रणाली में क्रांतिकारी परिवर्तन ला रही हैं।
ai_hi_297.wav,voice data/ai/ai_hi_297.wav,ai,Neural TTS,hi-IN-MadhurNeural,Male,Hindi Synth,Hindi,4.0,16000,Raw TTS,ऑडियो सिग्नल प्रोसेसिंग मॉडल डिजिटल वॉयस फीचर्स का गहन विश्लेषण करते हैं।
ai_hi_298.wav,voice data/ai/ai_hi_298.wav,ai,Neural TTS,hi-IN-SwaraNeural,Female,Hindi Synth,Hindi,4.0,16000,Raw TTS,कृत्रिम बुद्धिमत्ता और मशीन लर्निंग तकनीक आवाज पहचान प्रणाली में क्रांतिकारी परिवर्तन ला रही हैं।
ai_hi_299.wav,voice data/ai/ai_hi_299.wav,ai,Neural TTS,hi-IN-MadhurNeural,Male,Hindi Synth,Hindi,4.0,16000,Raw TTS,ऑडियो सिग्नल प्रोसेसिंग मॉडल डिजिटल वॉयस फीचर्स का गहन विश्लेषण करते हैं।
ai_hi_300.wav,voice data/ai/ai_hi_300.wav,ai,Neural TTS,hi-IN-SwaraNeural,Female,Hindi Synth,Hindi,4.0,16000,Codec Simulated,कृत्रिम बुद्धिमत्ता और मशीन लर्निंग तकनीक आवाज पहचान प्रणाली में क्रांतिकारी परिवर्तन ला रही हैं।
ai_mr_001.wav,voice data/ai/ai_mr_001.wav,ai,Neural TTS,mr-IN-ManoharNeural,Male,Marathi Synth,Marathi,4.0,16000,Codec Simulated,कृत्रिम बुद्धिमत्ता आणि मशीन लर्निंग तंत्रज्ञान अत्याधुनिक ऑडिओ विश्लेषणासाठी वापरले जाते.
ai_mr_002.wav,voice data/ai/ai_mr_002.wav,ai,Neural TTS,mr-IN-AarohiNeural,Female,Marathi Synth,Marathi,4.0,16000,Raw TTS,कृत्रिम बुद्धिमत्ता आणि मशीन लर्निंग तंत्रज्ञान अत्याधुनिक ऑडिओ विश्लेषणासाठी वापरले जाते.
ai_mr_003.wav,voice data/ai/ai_mr_003.wav,ai,Neural TTS,mr-IN-ManoharNeural,Male,Marathi Synth,Marathi,4.0,16000,Raw TTS,कृत्रिम बुद्धिमत्ता आणि मशीन लर्निंग तंत्रज्ञान अत्याधुनिक ऑडिओ विश्लेषणासाठी वापरले जाते.
ai_mr_004.wav,voice data/ai/ai_mr_004.wav,ai,Neural TTS,mr-IN-AarohiNeural,Female,Marathi Synth,Marathi,4.0,16000,Raw TTS,कृत्रिम बुद्धिमत्ता आणि मशीन लर्निंग तंत्रज्ञान अत्याधुनिक ऑडिओ विश्लेषणासाठी वापरले जाते.
ai_mr_005.wav,voice data/ai/ai_mr_005.wav,ai,Neural TTS,mr-IN-ManoharNeural,Male,Marathi Synth,Marathi,4.0,16000,Codec Simulated,कृत्रिम बुद्धिमत्ता आणि मशीन लर्निंग तंत्रज्ञान अत्याधुनिक ऑडिओ विश्लेषणासाठी वापरले जाते.
ai_mr_006.wav,voice data/ai/ai_mr_006.wav,ai,Neural TTS,mr-IN-AarohiNeural,Female,Marathi Synth,Marathi,4.0,16000,Codec Simulated,कृत्रिम बुद्धिमत्ता आणि मशीन लर्निंग तंत्रज्ञान अत्याधुनिक ऑडिओ विश्लेषणासाठी वापरले जाते.
ai_mr_007.wav,voice data/ai/ai_mr_007.wav,ai,Neural TTS,mr-IN-ManoharNeural,Male,Marathi Synth,Marathi,4.0,16000,Raw TTS,कृत्रिम बुद्धिमत्ता आणि मशीन लर्निंग तंत्रज्ञान अत्याधुनिक ऑडिओ विश्लेषणासाठी वापरले जाते.
ai_mr_008.wav,voice data/ai/ai_mr_008.wav,ai,Neural TTS,mr-IN-AarohiNeural,Female,Marathi Synth,Marathi,4.0,16000,Raw TTS,कृत्रिम बुद्धिमत्ता आणि मशीन लर्निंग तंत्रज्ञान अत्याधुनिक ऑडिओ विश्लेषणासाठी वापरले जाते.
ai_mr_009.wav,voice data/ai/ai_mr_009.wav,ai,Neural TTS,mr-IN-ManoharNeural,Male,Marathi Synth,Marathi,4.0,16000,Raw TTS,कृत्रिम बुद्धिमत्ता आणि मशीन लर्निंग तंत्रज्ञान अत्याधुनिक ऑडिओ विश्लेषणासाठी वापरले जाते.
ai_mr_010.wav,voice data/ai/ai_mr_010.wav,ai,Neural TTS,mr-IN-AarohiNeural,Female,Marathi Synth,Marathi,4.0,16000,Codec Simulated,कृत्रिम बुद्धिमत्ता आणि मशीन लर्निंग तंत्रज्ञान अत्याधुनिक ऑडिओ विश्लेषणासाठी वापरले जाते.
ai_mr_011.wav,voice data/ai/ai_mr_011.wav,ai,Neural TTS,mr-IN-ManoharNeural,Male,Marathi Synth,Marathi,4.0,16000,Codec Simulated,कृत्रिम बुद्धिमत्ता आणि मशीन लर्निंग तंत्रज्ञान अत्याधुनिक ऑडिओ विश्लेषणासाठी वापरले जाते.
ai_mr_012.wav,voice data/ai/ai_mr_012.wav,ai,Neural TTS,mr-IN-AarohiNeural,Female,Marathi Synth,Marathi,4.0,16000,Raw TTS,कृत्रिम बुद्धिमत्ता आणि मशीन लर्निंग तंत्रज्ञान अत्याधुनिक ऑडिओ विश्लेषणासाठी वापरले जाते.
ai_mr_013.wav,voice data/ai/ai_mr_013.wav,ai,Neural TTS,mr-IN-ManoharNeural,Male,Marathi Synth,Marathi,4.0,16000,Raw TTS,कृत्रिम बुद्धिमत्ता आणि मशीन लर्निंग तंत्रज्ञान अत्याधुनिक ऑडिओ विश्लेषणासाठी वापरले जाते.
ai_mr_014.wav,voice data/ai/ai_mr_014.wav,ai,Neural TTS,mr-IN-AarohiNeural,Female,Marathi Synth,Marathi,4.0,16000,Raw TTS,कृत्रिम बुद्धिमत्ता आणि मशीन लर्निंग तंत्रज्ञान अत्याधुनिक ऑडिओ विश्लेषणासाठी वापरले जाते.
ai_mr_015.wav,voice data/ai/ai_mr_015.wav,ai,Neural TTS,mr-IN-ManoharNeural,Male,Marathi Synth,Marathi,4.0,16000,Codec Simulated,कृत्रिम बुद्धिमत्ता आणि मशीन लर्निंग तंत्रज्ञान अत्याधुनिक ऑडिओ विश्लेषणासाठी वापरले जाते.
ai_mr_016.wav,voice data/ai/ai_mr_016.wav,ai,Neural TTS,mr-IN-AarohiNeural,Female,Marathi Synth,Marathi,4.0,16000,Codec Simulated,कृत्रिम बुद्धिमत्ता आणि मशीन लर्निंग तंत्रज्ञान अत्याधुनिक ऑडिओ विश्लेषणासाठी वापरले जाते.
ai_mr_017.wav,voice data/ai/ai_mr_017.wav,ai,Neural TTS,mr-IN-ManoharNeural,Male,Marathi Synth,Marathi,4.0,16000,Raw TTS,कृत्रिम बुद्धिमत्ता आणि मशीन लर्निंग तंत्रज्ञान अत्याधुनिक ऑडिओ विश्लेषणासाठी वापरले जाते.
ai_mr_018.wav,voice data/ai/ai_mr_018.wav,ai,Neural TTS,mr-IN-AarohiNeural,Female,Marathi Synth,Marathi,4.0,16000,Raw TTS,कृत्रिम बुद्धिमत्ता आणि मशीन लर्निंग तंत्रज्ञान अत्याधुनिक ऑडिओ विश्लेषणासाठी वापरले जाते.
ai_mr_019.wav,voice data/ai/ai_mr_019.wav,ai,Neural TTS,mr-IN-ManoharNeural,Male,Marathi Synth,Marathi,4.0,16000,Raw TTS,कृत्रिम बुद्धिमत्ता आणि मशीन लर्निंग तंत्रज्ञान अत्याधुनिक ऑडिओ विश्लेषणासाठी वापरले जाते.
ai_mr_020.wav,voice data/ai/ai_mr_020.wav,ai,Neural TTS,mr-IN-AarohiNeural,Female,Marathi Synth,Marathi,4.0,16000,Codec Simulated,कृत्रिम बुद्धिमत्ता आणि मशीन लर्निंग तंत्रज्ञान अत्याधुनिक ऑडिओ विश्लेषणासाठी वापरले जाते.
ai_mr_021.wav,voice data/ai/ai_mr_021.wav,ai,Neural TTS,mr-IN-ManoharNeural,Male,Marathi Synth,Marathi,4.0,16000,Codec Simulated,कृत्रिम बुद्धिमत्ता आणि मशीन लर्निंग तंत्रज्ञान अत्याधुनिक ऑडिओ विश्लेषणासाठी वापरले जाते.
ai_mr_022.wav,voice data/ai/ai_mr_022.wav,ai,Neural TTS,mr-IN-AarohiNeural,Female,Marathi Synth,Marathi,4.0,16000,Raw TTS,कृत्रिम बुद्धिमत्ता आणि मशीन लर्निंग तंत्रज्ञान अत्याधुनिक ऑडिओ विश्लेषणासाठी वापरले जाते.
ai_mr_023.wav,voice data/ai/ai_mr_023.wav,ai,Neural TTS,mr-IN-ManoharNeural,Male,Marathi Synth,Marathi,4.0,16000,Raw TTS,कृत्रिम बुद्धिमत्ता आणि मशीन लर्निंग तंत्रज्ञान अत्याधुनिक ऑडिओ विश्लेषणासाठी वापरले जाते.
ai_mr_024.wav,voice data/ai/ai_mr_024.wav,ai,Neural TTS,mr-IN-AarohiNeural,Female,Marathi Synth,Marathi,4.0,16000,Raw TTS,कृत्रिम बुद्धिमत्ता आणि मशीन लर्निंग तंत्रज्ञान अत्याधुनिक ऑडिओ विश्लेषणासाठी वापरले जाते.
ai_mr_025.wav,voice data/ai/ai_mr_025.wav,ai,Neural TTS,mr-IN-ManoharNeural,Male,Marathi Synth,Marathi,4.0,16000,Codec Simulated,कृत्रिम बुद्धिमत्ता आणि मशीन लर्निंग तंत्रज्ञान अत्याधुनिक ऑडिओ विश्लेषणासाठी वापरले जाते.
ai_mr_026.wav,voice data/ai/ai_mr_026.wav,ai,Neural TTS,mr-IN-AarohiNeural,Female,Marathi Synth,Marathi,4.0,16000,Codec Simulated,कृत्रिम बुद्धिमत्ता आणि मशीन लर्निंग तंत्रज्ञान अत्याधुनिक ऑडिओ विश्लेषणासाठी वापरले जाते.
ai_mr_027.wav,voice data/ai/ai_mr_027.wav,ai,Neural TTS,mr-IN-ManoharNeural,Male,Marathi Synth,Marathi,4.0,16000,Raw TTS,कृत्रिम बुद्धिमत्ता आणि मशीन लर्निंग तंत्रज्ञान अत्याधुनिक ऑडिओ विश्लेषणासाठी वापरले जाते.
ai_mr_028.wav,voice data/ai/ai_mr_028.wav,ai,Neural TTS,mr-IN-AarohiNeural,Female,Marathi Synth,Marathi,4.0,16000,Raw TTS,कृत्रिम बुद्धिमत्ता आणि मशीन लर्निंग तंत्रज्ञान अत्याधुनिक ऑडिओ विश्लेषणासाठी वापरले जाते.
ai_mr_029.wav,voice data/ai/ai_mr_029.wav,ai,Neural TTS,mr-IN-ManoharNeural,Male,Marathi Synth,Marathi,4.0,16000,Raw TTS,कृत्रिम बुद्धिमत्ता आणि मशीन लर्निंग तंत्रज्ञान अत्याधुनिक ऑडिओ विश्लेषणासाठी वापरले जाते.
ai_mr_030.wav,voice data/ai/ai_mr_030.wav,ai,Neural TTS,mr-IN-AarohiNeural,Female,Marathi Synth,Marathi,4.0,16000,Codec Simulated,कृत्रिम बुद्धिमत्ता आणि मशीन लर्निंग तंत्रज्ञान अत्याधुनिक ऑडिओ विश्लेषणासाठी वापरले जाते.
ai_mr_031.wav,voice data/ai/ai_mr_031.wav,ai,Neural TTS,mr-IN-ManoharNeural,Male,Marathi Synth,Marathi,4.0,16000,Codec Simulated,कृत्रिम बुद्धिमत्ता आणि मशीन लर्निंग तंत्रज्ञान अत्याधुनिक ऑडिओ विश्लेषणासाठी वापरले जाते.
ai_mr_032.wav,voice data/ai/ai_mr_032.wav,ai,Neural TTS,mr-IN-AarohiNeural,Female,Marathi Synth,Marathi,4.0,16000,Raw TTS,कृत्रिम बुद्धिमत्ता आणि मशीन लर्निंग तंत्रज्ञान अत्याधुनिक ऑडिओ विश्लेषणासाठी वापरले जाते.
ai_mr_033.wav,voice data/ai/ai_mr_033.wav,ai,Neural TTS,mr-IN-ManoharNeural,Male,Marathi Synth,Marathi,4.0,16000,Raw TTS,कृत्रिम बुद्धिमत्ता आणि मशीन लर्निंग तंत्रज्ञान अत्याधुनिक ऑडिओ विश्लेषणासाठी वापरले जाते.
ai_mr_034.wav,voice data/ai/ai_mr_034.wav,ai,Neural TTS,mr-IN-AarohiNeural,Female,Marathi Synth,Marathi,4.0,16000,Raw TTS,कृत्रिम बुद्धिमत्ता आणि मशीन लर्निंग तंत्रज्ञान अत्याधुनिक ऑडिओ विश्लेषणासाठी वापरले जाते.
ai_mr_035.wav,voice data/ai/ai_mr_035.wav,ai,Neural TTS,mr-IN-ManoharNeural,Male,Marathi Synth,Marathi,4.0,16000,Codec Simulated,कृत्रिम बुद्धिमत्ता आणि मशीन लर्निंग तंत्रज्ञान अत्याधुनिक ऑडिओ विश्लेषणासाठी वापरले जाते.
ai_mr_036.wav,voice data/ai/ai_mr_036.wav,ai,Neural TTS,mr-IN-AarohiNeural,Female,Marathi Synth,Marathi,4.0,16000,Codec Simulated,कृत्रिम बुद्धिमत्ता आणि मशीन लर्निंग तंत्रज्ञान अत्याधुनिक ऑडिओ विश्लेषणासाठी वापरले जाते.
ai_mr_037.wav,voice data/ai/ai_mr_037.wav,ai,Neural TTS,mr-IN-ManoharNeural,Male,Marathi Synth,Marathi,4.0,16000,Raw TTS,कृत्रिम बुद्धिमत्ता आणि मशीन लर्निंग तंत्रज्ञान अत्याधुनिक ऑडिओ विश्लेषणासाठी वापरले जाते.
ai_mr_038.wav,voice data/ai/ai_mr_038.wav,ai,Neural TTS,mr-IN-AarohiNeural,Female,Marathi Synth,Marathi,4.0,16000,Raw TTS,कृत्रिम बुद्धिमत्ता आणि मशीन लर्निंग तंत्रज्ञान अत्याधुनिक ऑडिओ विश्लेषणासाठी वापरले जाते.
ai_mr_039.wav,voice data/ai/ai_mr_039.wav,ai,Neural TTS,mr-IN-ManoharNeural,Male,Marathi Synth,Marathi,4.0,16000,Raw TTS,कृत्रिम बुद्धिमत्ता आणि मशीन लर्निंग तंत्रज्ञान अत्याधुनिक ऑडिओ विश्लेषणासाठी वापरले जाते.
ai_mr_040.wav,voice data/ai/ai_mr_040.wav,ai,Neural TTS,mr-IN-AarohiNeural,Female,Marathi Synth,Marathi,4.0,16000,Codec Simulated,कृत्रिम बुद्धिमत्ता आणि मशीन लर्निंग तंत्रज्ञान अत्याधुनिक ऑडिओ विश्लेषणासाठी वापरले जाते.
ai_mr_041.wav,voice data/ai/ai_mr_041.wav,ai,Neural TTS,mr-IN-ManoharNeural,Male,Marathi Synth,Marathi,4.0,16000,Codec Simulated,कृत्रिम बुद्धिमत्ता आणि मशीन लर्निंग तंत्रज्ञान अत्याधुनिक ऑडिओ विश्लेषणासाठी वापरले जाते.
ai_mr_042.wav,voice data/ai/ai_mr_042.wav,ai,Neural TTS,mr-IN-AarohiNeural,Female,Marathi Synth,Marathi,4.0,16000,Raw TTS,कृत्रिम बुद्धिमत्ता आणि मशीन लर्निंग तंत्रज्ञान अत्याधुनिक ऑडिओ विश्लेषणासाठी वापरले जाते.
ai_mr_043.wav,voice data/ai/ai_mr_043.wav,ai,Neural TTS,mr-IN-ManoharNeural,Male,Marathi Synth,Marathi,4.0,16000,Raw TTS,कृत्रिम बुद्धिमत्ता आणि मशीन लर्निंग तंत्रज्ञान अत्याधुनिक ऑडिओ विश्लेषणासाठी वापरले जाते.
ai_mr_044.wav,voice data/ai/ai_mr_044.wav,ai,Neural TTS,mr-IN-AarohiNeural,Female,Marathi Synth,Marathi,4.0,16000,Raw TTS,कृत्रिम बुद्धिमत्ता आणि मशीन लर्निंग तंत्रज्ञान अत्याधुनिक ऑडिओ विश्लेषणासाठी वापरले जाते.
ai_mr_045.wav,voice data/ai/ai_mr_045.wav,ai,Neural TTS,mr-IN-ManoharNeural,Male,Marathi Synth,Marathi,4.0,16000,Codec Simulated,कृत्रिम बुद्धिमत्ता आणि मशीन लर्निंग तंत्रज्ञान अत्याधुनिक ऑडिओ विश्लेषणासाठी वापरले जाते.
ai_mr_046.wav,voice data/ai/ai_mr_046.wav,ai,Neural TTS,mr-IN-AarohiNeural,Female,Marathi Synth,Marathi,4.0,16000,Codec Simulated,कृत्रिम बुद्धिमत्ता आणि मशीन लर्निंग तंत्रज्ञान अत्याधुनिक ऑडिओ विश्लेषणासाठी वापरले जाते.
ai_mr_047.wav,voice data/ai/ai_mr_047.wav,ai,Neural TTS,mr-IN-ManoharNeural,Male,Marathi Synth,Marathi,4.0,16000,Raw TTS,कृत्रिम बुद्धिमत्ता आणि मशीन लर्निंग तंत्रज्ञान अत्याधुनिक ऑडिओ विश्लेषणासाठी वापरले जाते.
ai_mr_048.wav,voice data/ai/ai_mr_048.wav,ai,Neural TTS,mr-IN-AarohiNeural,Female,Marathi Synth,Marathi,4.0,16000,Raw TTS,कृत्रिम बुद्धिमत्ता आणि मशीन लर्निंग तंत्रज्ञान अत्याधुनिक ऑडिओ विश्लेषणासाठी वापरले जाते.
ai_mr_049.wav,voice data/ai/ai_mr_049.wav,ai,Neural TTS,mr-IN-ManoharNeural,Male,Marathi Synth,Marathi,4.0,16000,Raw TTS,कृत्रिम बुद्धिमत्ता आणि मशीन लर्निंग तंत्रज्ञान अत्याधुनिक ऑडिओ विश्लेषणासाठी वापरले जाते.
ai_mr_050.wav,voice data/ai/ai_mr_050.wav,ai,Neural TTS,mr-IN-AarohiNeural,Female,Marathi Synth,Marathi,4.0,16000,Codec Simulated,कृत्रिम बुद्धिमत्ता आणि मशीन लर्निंग तंत्रज्ञान अत्याधुनिक ऑडिओ विश्लेषणासाठी वापरले जाते.
ai_mr_051.wav,voice data/ai/ai_mr_051.wav,ai,Neural TTS,mr-IN-ManoharNeural,Male,Marathi Synth,Marathi,4.0,16000,Codec Simulated,कृत्रिम बुद्धिमत्ता आणि मशीन लर्निंग तंत्रज्ञान अत्याधुनिक ऑडिओ विश्लेषणासाठी वापरले जाते.
ai_mr_052.wav,voice data/ai/ai_mr_052.wav,ai,Neural TTS,mr-IN-AarohiNeural,Female,Marathi Synth,Marathi,4.0,16000,Raw TTS,कृत्रिम बुद्धिमत्ता आणि मशीन लर्निंग तंत्रज्ञान अत्याधुनिक ऑडिओ विश्लेषणासाठी वापरले जाते.
ai_mr_053.wav,voice data/ai/ai_mr_053.wav,ai,Neural TTS,mr-IN-ManoharNeural,Male,Marathi Synth,Marathi,4.0,16000,Raw TTS,कृत्रिम बुद्धिमत्ता आणि मशीन लर्निंग तंत्रज्ञान अत्याधुनिक ऑडिओ विश्लेषणासाठी वापरले जाते.
ai_mr_054.wav,voice data/ai/ai_mr_054.wav,ai,Neural TTS,mr-IN-AarohiNeural,Female,Marathi Synth,Marathi,4.0,16000,Raw TTS,कृत्रिम बुद्धिमत्ता आणि मशीन लर्निंग तंत्रज्ञान अत्याधुनिक ऑडिओ विश्लेषणासाठी वापरले जाते.
ai_mr_055.wav,voice data/ai/ai_mr_055.wav,ai,Neural TTS,mr-IN-ManoharNeural,Male,Marathi Synth,Marathi,4.0,16000,Codec Simulated,कृत्रिम बुद्धिमत्ता आणि मशीन लर्निंग तंत्रज्ञान अत्याधुनिक ऑडिओ विश्लेषणासाठी वापरले जाते.
ai_mr_056.wav,voice data/ai/ai_mr_056.wav,ai,Neural TTS,mr-IN-AarohiNeural,Female,Marathi Synth,Marathi,4.0,16000,Codec Simulated,कृत्रिम बुद्धिमत्ता आणि मशीन लर्निंग तंत्रज्ञान अत्याधुनिक ऑडिओ विश्लेषणासाठी वापरले जाते.
ai_mr_057.wav,voice data/ai/ai_mr_057.wav,ai,Neural TTS,mr-IN-ManoharNeural,Male,Marathi Synth,Marathi,4.0,16000,Raw TTS,कृत्रिम बुद्धिमत्ता आणि मशीन लर्निंग तंत्रज्ञान अत्याधुनिक ऑडिओ विश्लेषणासाठी वापरले जाते.
ai_mr_058.wav,voice data/ai/ai_mr_058.wav,ai,Neural TTS,mr-IN-AarohiNeural,Female,Marathi Synth,Marathi,4.0,16000,Raw TTS,कृत्रिम बुद्धिमत्ता आणि मशीन लर्निंग तंत्रज्ञान अत्याधुनिक ऑडिओ विश्लेषणासाठी वापरले जाते.
ai_mr_059.wav,voice data/ai/ai_mr_059.wav,ai,Neural TTS,mr-IN-ManoharNeural,Male,Marathi Synth,Marathi,4.0,16000,Raw TTS,कृत्रिम बुद्धिमत्ता आणि मशीन लर्निंग तंत्रज्ञान अत्याधुनिक ऑडिओ विश्लेषणासाठी वापरले जाते.
ai_mr_060.wav,voice data/ai/ai_mr_060.wav,ai,Neural TTS,mr-IN-AarohiNeural,Female,Marathi Synth,Marathi,4.0,16000,Codec Simulated,कृत्रिम बुद्धिमत्ता आणि मशीन लर्निंग तंत्रज्ञान अत्याधुनिक ऑडिओ विश्लेषणासाठी वापरले जाते.
ai_mr_061.wav,voice data/ai/ai_mr_061.wav,ai,Neural TTS,mr-IN-ManoharNeural,Male,Marathi Synth,Marathi,4.0,16000,Codec Simulated,कृत्रिम बुद्धिमत्ता आणि मशीन लर्निंग तंत्रज्ञान अत्याधुनिक ऑडिओ विश्लेषणासाठी वापरले जाते.
ai_mr_062.wav,voice data/ai/ai_mr_062.wav,ai,Neural TTS,mr-IN-AarohiNeural,Female,Marathi Synth,Marathi,4.0,16000,Raw TTS,कृत्रिम बुद्धिमत्ता आणि मशीन लर्निंग तंत्रज्ञान अत्याधुनिक ऑडिओ विश्लेषणासाठी वापरले जाते.
ai_mr_063.wav,voice data/ai/ai_mr_063.wav,ai,Neural TTS,mr-IN-ManoharNeural,Male,Marathi Synth,Marathi,4.0,16000,Raw TTS,कृत्रिम बुद्धिमत्ता आणि मशीन लर्निंग तंत्रज्ञान अत्याधुनिक ऑडिओ विश्लेषणासाठी वापरले जाते.
ai_mr_064.wav,voice data/ai/ai_mr_064.wav,ai,Neural TTS,mr-IN-AarohiNeural,Female,Marathi Synth,Marathi,4.0,16000,Raw TTS,कृत्रिम बुद्धिमत्ता आणि मशीन लर्निंग तंत्रज्ञान अत्याधुनिक ऑडिओ विश्लेषणासाठी वापरले जाते.
ai_mr_065.wav,voice data/ai/ai_mr_065.wav,ai,Neural TTS,mr-IN-ManoharNeural,Male,Marathi Synth,Marathi,4.0,16000,Codec Simulated,कृत्रिम बुद्धिमत्ता आणि मशीन लर्निंग तंत्रज्ञान अत्याधुनिक ऑडिओ विश्लेषणासाठी वापरले जाते.
ai_mr_066.wav,voice data/ai/ai_mr_066.wav,ai,Neural TTS,mr-IN-AarohiNeural,Female,Marathi Synth,Marathi,4.0,16000,Codec Simulated,कृत्रिम बुद्धिमत्ता आणि मशीन लर्निंग तंत्रज्ञान अत्याधुनिक ऑडिओ विश्लेषणासाठी वापरले जाते.
ai_mr_067.wav,voice data/ai/ai_mr_067.wav,ai,Neural TTS,mr-IN-ManoharNeural,Male,Marathi Synth,Marathi,4.0,16000,Raw TTS,कृत्रिम बुद्धिमत्ता आणि मशीन लर्निंग तंत्रज्ञान अत्याधुनिक ऑडिओ विश्लेषणासाठी वापरले जाते.
ai_mr_068.wav,voice data/ai/ai_mr_068.wav,ai,Neural TTS,mr-IN-AarohiNeural,Female,Marathi Synth,Marathi,4.0,16000,Raw TTS,कृत्रिम बुद्धिमत्ता आणि मशीन लर्निंग तंत्रज्ञान अत्याधुनिक ऑडिओ विश्लेषणासाठी वापरले जाते.
ai_mr_069.wav,voice data/ai/ai_mr_069.wav,ai,Neural TTS,mr-IN-ManoharNeural,Male,Marathi Synth,Marathi,4.0,16000,Raw TTS,कृत्रिम बुद्धिमत्ता आणि मशीन लर्निंग तंत्रज्ञान अत्याधुनिक ऑडिओ विश्लेषणासाठी वापरले जाते.
ai_mr_070.wav,voice data/ai/ai_mr_070.wav,ai,Neural TTS,mr-IN-AarohiNeural,Female,Marathi Synth,Marathi,4.0,16000,Codec Simulated,कृत्रिम बुद्धिमत्ता आणि मशीन लर्निंग तंत्रज्ञान अत्याधुनिक ऑडिओ विश्लेषणासाठी वापरले जाते.
ai_mr_071.wav,voice data/ai/ai_mr_071.wav,ai,Neural TTS,mr-IN-ManoharNeural,Male,Marathi Synth,Marathi,4.0,16000,Codec Simulated,कृत्रिम बुद्धिमत्ता आणि मशीन लर्निंग तंत्रज्ञान अत्याधुनिक ऑडिओ विश्लेषणासाठी वापरले जाते.
ai_mr_072.wav,voice data/ai/ai_mr_072.wav,ai,Neural TTS,mr-IN-AarohiNeural,Female,Marathi Synth,Marathi,4.0,16000,Raw TTS,कृत्रिम बुद्धिमत्ता आणि मशीन लर्निंग तंत्रज्ञान अत्याधुनिक ऑडिओ विश्लेषणासाठी वापरले जाते.
ai_mr_073.wav,voice data/ai/ai_mr_073.wav,ai,Neural TTS,mr-IN-ManoharNeural,Male,Marathi Synth,Marathi,4.0,16000,Raw TTS,कृत्रिम बुद्धिमत्ता आणि मशीन लर्निंग तंत्रज्ञान अत्याधुनिक ऑडिओ विश्लेषणासाठी वापरले जाते.
ai_mr_074.wav,voice data/ai/ai_mr_074.wav,ai,Neural TTS,mr-IN-AarohiNeural,Female,Marathi Synth,Marathi,4.0,16000,Raw TTS,कृत्रिम बुद्धिमत्ता आणि मशीन लर्निंग तंत्रज्ञान अत्याधुनिक ऑडिओ विश्लेषणासाठी वापरले जाते.
ai_mr_075.wav,voice data/ai/ai_mr_075.wav,ai,Neural TTS,mr-IN-ManoharNeural,Male,Marathi Synth,Marathi,4.0,16000,Codec Simulated,कृत्रिम बुद्धिमत्ता आणि मशीन लर्निंग तंत्रज्ञान अत्याधुनिक ऑडिओ विश्लेषणासाठी वापरले जाते.
ai_mr_076.wav,voice data/ai/ai_mr_076.wav,ai,Neural TTS,mr-IN-AarohiNeural,Female,Marathi Synth,Marathi,4.0,16000,Codec Simulated,कृत्रिम बुद्धिमत्ता आणि मशीन लर्निंग तंत्रज्ञान अत्याधुनिक ऑडिओ विश्लेषणासाठी वापरले जाते.
ai_mr_077.wav,voice data/ai/ai_mr_077.wav,ai,Neural TTS,mr-IN-ManoharNeural,Male,Marathi Synth,Marathi,4.0,16000,Raw TTS,कृत्रिम बुद्धिमत्ता आणि मशीन लर्निंग तंत्रज्ञान अत्याधुनिक ऑडिओ विश्लेषणासाठी वापरले जाते.
ai_mr_078.wav,voice data/ai/ai_mr_078.wav,ai,Neural TTS,mr-IN-AarohiNeural,Female,Marathi Synth,Marathi,4.0,16000,Raw TTS,कृत्रिम बुद्धिमत्ता आणि मशीन लर्निंग तंत्रज्ञान अत्याधुनिक ऑडिओ विश्लेषणासाठी वापरले जाते.
ai_mr_079.wav,voice data/ai/ai_mr_079.wav,ai,Neural TTS,mr-IN-ManoharNeural,Male,Marathi Synth,Marathi,4.0,16000,Raw TTS,कृत्रिम बुद्धिमत्ता आणि मशीन लर्निंग तंत्रज्ञान अत्याधुनिक ऑडिओ विश्लेषणासाठी वापरले जाते.
ai_mr_080.wav,voice data/ai/ai_mr_080.wav,ai,Neural TTS,mr-IN-AarohiNeural,Female,Marathi Synth,Marathi,4.0,16000,Codec Simulated,कृत्रिम बुद्धिमत्ता आणि मशीन लर्निंग तंत्रज्ञान अत्याधुनिक ऑडिओ विश्लेषणासाठी वापरले जाते.
ai_mr_081.wav,voice data/ai/ai_mr_081.wav,ai,Neural TTS,mr-IN-ManoharNeural,Male,Marathi Synth,Marathi,4.0,16000,Codec Simulated,कृत्रिम बुद्धिमत्ता आणि मशीन लर्निंग तंत्रज्ञान अत्याधुनिक ऑडिओ विश्लेषणासाठी वापरले जाते.
ai_mr_082.wav,voice data/ai/ai_mr_082.wav,ai,Neural TTS,mr-IN-AarohiNeural,Female,Marathi Synth,Marathi,4.0,16000,Raw TTS,कृत्रिम बुद्धिमत्ता आणि मशीन लर्निंग तंत्रज्ञान अत्याधुनिक ऑडिओ विश्लेषणासाठी वापरले जाते.
ai_mr_083.wav,voice data/ai/ai_mr_083.wav,ai,Neural TTS,mr-IN-ManoharNeural,Male,Marathi Synth,Marathi,4.0,16000,Raw TTS,कृत्रिम बुद्धिमत्ता आणि मशीन लर्निंग तंत्रज्ञान अत्याधुनिक ऑडिओ विश्लेषणासाठी वापरले जाते.
ai_mr_084.wav,voice data/ai/ai_mr_084.wav,ai,Neural TTS,mr-IN-AarohiNeural,Female,Marathi Synth,Marathi,4.0,16000,Raw TTS,कृत्रिम बुद्धिमत्ता आणि मशीन लर्निंग तंत्रज्ञान अत्याधुनिक ऑडिओ विश्लेषणासाठी वापरले जाते.
ai_mr_085.wav,voice data/ai/ai_mr_085.wav,ai,Neural TTS,mr-IN-ManoharNeural,Male,Marathi Synth,Marathi,4.0,16000,Codec Simulated,कृत्रिम बुद्धिमत्ता आणि मशीन लर्निंग तंत्रज्ञान अत्याधुनिक ऑडिओ विश्लेषणासाठी वापरले जाते.
ai_mr_086.wav,voice data/ai/ai_mr_086.wav,ai,Neural TTS,mr-IN-AarohiNeural,Female,Marathi Synth,Marathi,4.0,16000,Codec Simulated,कृत्रिम बुद्धिमत्ता आणि मशीन लर्निंग तंत्रज्ञान अत्याधुनिक ऑडिओ विश्लेषणासाठी वापरले जाते.
ai_mr_087.wav,voice data/ai/ai_mr_087.wav,ai,Neural TTS,mr-IN-ManoharNeural,Male,Marathi Synth,Marathi,4.0,16000,Raw TTS,कृत्रिम बुद्धिमत्ता आणि मशीन लर्निंग तंत्रज्ञान अत्याधुनिक ऑडिओ विश्लेषणासाठी वापरले जाते.
ai_mr_088.wav,voice data/ai/ai_mr_088.wav,ai,Neural TTS,mr-IN-AarohiNeural,Female,Marathi Synth,Marathi,4.0,16000,Raw TTS,कृत्रिम बुद्धिमत्ता आणि मशीन लर्निंग तंत्रज्ञान अत्याधुनिक ऑडिओ विश्लेषणासाठी वापरले जाते.
ai_mr_089.wav,voice data/ai/ai_mr_089.wav,ai,Neural TTS,mr-IN-ManoharNeural,Male,Marathi Synth,Marathi,4.0,16000,Raw TTS,कृत्रिम बुद्धिमत्ता आणि मशीन लर्निंग तंत्रज्ञान अत्याधुनिक ऑडिओ विश्लेषणासाठी वापरले जाते.
ai_mr_090.wav,voice data/ai/ai_mr_090.wav,ai,Neural TTS,mr-IN-AarohiNeural,Female,Marathi Synth,Marathi,4.0,16000,Codec Simulated,कृत्रिम बुद्धिमत्ता आणि मशीन लर्निंग तंत्रज्ञान अत्याधुनिक ऑडिओ विश्लेषणासाठी वापरले जाते.
ai_mr_091.wav,voice data/ai/ai_mr_091.wav,ai,Neural TTS,mr-IN-ManoharNeural,Male,Marathi Synth,Marathi,4.0,16000,Codec Simulated,कृत्रिम बुद्धिमत्ता आणि मशीन लर्निंग तंत्रज्ञान अत्याधुनिक ऑडिओ विश्लेषणासाठी वापरले जाते.
ai_mr_092.wav,voice data/ai/ai_mr_092.wav,ai,Neural TTS,mr-IN-AarohiNeural,Female,Marathi Synth,Marathi,4.0,16000,Raw TTS,कृत्रिम बुद्धिमत्ता आणि मशीन लर्निंग तंत्रज्ञान अत्याधुनिक ऑडिओ विश्लेषणासाठी वापरले जाते.
ai_mr_093.wav,voice data/ai/ai_mr_093.wav,ai,Neural TTS,mr-IN-ManoharNeural,Male,Marathi Synth,Marathi,4.0,16000,Raw TTS,कृत्रिम बुद्धिमत्ता आणि मशीन लर्निंग तंत्रज्ञान अत्याधुनिक ऑडिओ विश्लेषणासाठी वापरले जाते.
ai_mr_094.wav,voice data/ai/ai_mr_094.wav,ai,Neural TTS,mr-IN-AarohiNeural,Female,Marathi Synth,Marathi,4.0,16000,Raw TTS,कृत्रिम बुद्धिमत्ता आणि मशीन लर्निंग तंत्रज्ञान अत्याधुनिक ऑडिओ विश्लेषणासाठी वापरले जाते.
ai_mr_095.wav,voice data/ai/ai_mr_095.wav,ai,Neural TTS,mr-IN-ManoharNeural,Male,Marathi Synth,Marathi,4.0,16000,Codec Simulated,कृत्रिम बुद्धिमत्ता आणि मशीन लर्निंग तंत्रज्ञान अत्याधुनिक ऑडिओ विश्लेषणासाठी वापरले जाते.
ai_mr_096.wav,voice data/ai/ai_mr_096.wav,ai,Neural TTS,mr-IN-AarohiNeural,Female,Marathi Synth,Marathi,4.0,16000,Codec Simulated,कृत्रिम बुद्धिमत्ता आणि मशीन लर्निंग तंत्रज्ञान अत्याधुनिक ऑडिओ विश्लेषणासाठी वापरले जाते.
ai_mr_097.wav,voice data/ai/ai_mr_097.wav,ai,Neural TTS,mr-IN-ManoharNeural,Male,Marathi Synth,Marathi,4.0,16000,Raw TTS,कृत्रिम बुद्धिमत्ता आणि मशीन लर्निंग तंत्रज्ञान अत्याधुनिक ऑडिओ विश्लेषणासाठी वापरले जाते.
ai_mr_098.wav,voice data/ai/ai_mr_098.wav,ai,Neural TTS,mr-IN-AarohiNeural,Female,Marathi Synth,Marathi,4.0,16000,Raw TTS,कृत्रिम बुद्धिमत्ता आणि मशीन लर्निंग तंत्रज्ञान अत्याधुनिक ऑडिओ विश्लेषणासाठी वापरले जाते.
ai_mr_099.wav,voice data/ai/ai_mr_099.wav,ai,Neural TTS,mr-IN-ManoharNeural,Male,Marathi Synth,Marathi,4.0,16000,Raw TTS,कृत्रिम बुद्धिमत्ता आणि मशीन लर्निंग तंत्रज्ञान अत्याधुनिक ऑडिओ विश्लेषणासाठी वापरले जाते.
ai_mr_100.wav,voice data/ai/ai_mr_100.wav,ai,Neural TTS,mr-IN-AarohiNeural,Female,Marathi Synth,Marathi,4.0,16000,Codec Simulated,कृत्रिम बुद्धिमत्ता आणि मशीन लर्निंग तंत्रज्ञान अत्याधुनिक ऑडिओ विश्लेषणासाठी वापरले जाते.
ai_mr_101.wav,voice data/ai/ai_mr_101.wav,ai,Neural TTS,mr-IN-ManoharNeural,Male,Marathi Synth,Marathi,4.0,16000,Codec Simulated,कृत्रिम बुद्धिमत्ता आणि मशीन लर्निंग तंत्रज्ञान अत्याधुनिक ऑडिओ विश्लेषणासाठी वापरले जाते.
ai_mr_102.wav,voice data/ai/ai_mr_102.wav,ai,Neural TTS,mr-IN-AarohiNeural,Female,Marathi Synth,Marathi,4.0,16000,Raw TTS,कृत्रिम बुद्धिमत्ता आणि मशीन लर्निंग तंत्रज्ञान अत्याधुनिक ऑडिओ विश्लेषणासाठी वापरले जाते.
ai_mr_103.wav,voice data/ai/ai_mr_103.wav,ai,Neural TTS,mr-IN-ManoharNeural,Male,Marathi Synth,Marathi,4.0,16000,Raw TTS,कृत्रिम बुद्धिमत्ता आणि मशीन लर्निंग तंत्रज्ञान अत्याधुनिक ऑडिओ विश्लेषणासाठी वापरले जाते.
ai_mr_104.wav,voice data/ai/ai_mr_104.wav,ai,Neural TTS,mr-IN-AarohiNeural,Female,Marathi Synth,Marathi,4.0,16000,Raw TTS,कृत्रिम बुद्धिमत्ता आणि मशीन लर्निंग तंत्रज्ञान अत्याधुनिक ऑडिओ विश्लेषणासाठी वापरले जाते.
ai_mr_105.wav,voice data/ai/ai_mr_105.wav,ai,Neural TTS,mr-IN-ManoharNeural,Male,Marathi Synth,Marathi,4.0,16000,Codec Simulated,कृत्रिम बुद्धिमत्ता आणि मशीन लर्निंग तंत्रज्ञान अत्याधुनिक ऑडिओ विश्लेषणासाठी वापरले जाते.
ai_mr_106.wav,voice data/ai/ai_mr_106.wav,ai,Neural TTS,mr-IN-AarohiNeural,Female,Marathi Synth,Marathi,4.0,16000,Codec Simulated,कृत्रिम बुद्धिमत्ता आणि मशीन लर्निंग तंत्रज्ञान अत्याधुनिक ऑडिओ विश्लेषणासाठी वापरले जाते.
ai_mr_107.wav,voice data/ai/ai_mr_107.wav,ai,Neural TTS,mr-IN-ManoharNeural,Male,Marathi Synth,Marathi,4.0,16000,Raw TTS,कृत्रिम बुद्धिमत्ता आणि मशीन लर्निंग तंत्रज्ञान अत्याधुनिक ऑडिओ विश्लेषणासाठी वापरले जाते.
ai_mr_108.wav,voice data/ai/ai_mr_108.wav,ai,Neural TTS,mr-IN-AarohiNeural,Female,Marathi Synth,Marathi,4.0,16000,Raw TTS,कृत्रिम बुद्धिमत्ता आणि मशीन लर्निंग तंत्रज्ञान अत्याधुनिक ऑडिओ विश्लेषणासाठी वापरले जाते.
ai_mr_109.wav,voice data/ai/ai_mr_109.wav,ai,Neural TTS,mr-IN-ManoharNeural,Male,Marathi Synth,Marathi,4.0,16000,Raw TTS,कृत्रिम बुद्धिमत्ता आणि मशीन लर्निंग तंत्रज्ञान अत्याधुनिक ऑडिओ विश्लेषणासाठी वापरले जाते.
ai_mr_110.wav,voice data/ai/ai_mr_110.wav,ai,Neural TTS,mr-IN-AarohiNeural,Female,Marathi Synth,Marathi,4.0,16000,Codec Simulated,कृत्रिम बुद्धिमत्ता आणि मशीन लर्निंग तंत्रज्ञान अत्याधुनिक ऑडिओ विश्लेषणासाठी वापरले जाते.
ai_mr_111.wav,voice data/ai/ai_mr_111.wav,ai,Neural TTS,mr-IN-ManoharNeural,Male,Marathi Synth,Marathi,4.0,16000,Codec Simulated,कृत्रिम बुद्धिमत्ता आणि मशीन लर्निंग तंत्रज्ञान अत्याधुनिक ऑडिओ विश्लेषणासाठी वापरले जाते.
ai_mr_112.wav,voice data/ai/ai_mr_112.wav,ai,Neural TTS,mr-IN-AarohiNeural,Female,Marathi Synth,Marathi,4.0,16000,Raw TTS,कृत्रिम बुद्धिमत्ता आणि मशीन लर्निंग तंत्रज्ञान अत्याधुनिक ऑडिओ विश्लेषणासाठी वापरले जाते.
ai_mr_113.wav,voice data/ai/ai_mr_113.wav,ai,Neural TTS,mr-IN-ManoharNeural,Male,Marathi Synth,Marathi,4.0,16000,Raw TTS,कृत्रिम बुद्धिमत्ता आणि मशीन लर्निंग तंत्रज्ञान अत्याधुनिक ऑडिओ विश्लेषणासाठी वापरले जाते.
ai_mr_114.wav,voice data/ai/ai_mr_114.wav,ai,Neural TTS,mr-IN-AarohiNeural,Female,Marathi Synth,Marathi,4.0,16000,Raw TTS,कृत्रिम बुद्धिमत्ता आणि मशीन लर्निंग तंत्रज्ञान अत्याधुनिक ऑडिओ विश्लेषणासाठी वापरले जाते.
ai_mr_115.wav,voice data/ai/ai_mr_115.wav,ai,Neural TTS,mr-IN-ManoharNeural,Male,Marathi Synth,Marathi,4.0,16000,Codec Simulated,कृत्रिम बुद्धिमत्ता आणि मशीन लर्निंग तंत्रज्ञान अत्याधुनिक ऑडिओ विश्लेषणासाठी वापरले जाते.
ai_mr_116.wav,voice data/ai/ai_mr_116.wav,ai,Neural TTS,mr-IN-AarohiNeural,Female,Marathi Synth,Marathi,4.0,16000,Codec Simulated,कृत्रिम बुद्धिमत्ता आणि मशीन लर्निंग तंत्रज्ञान अत्याधुनिक ऑडिओ विश्लेषणासाठी वापरले जाते.
ai_mr_117.wav,voice data/ai/ai_mr_117.wav,ai,Neural TTS,mr-IN-ManoharNeural,Male,Marathi Synth,Marathi,4.0,16000,Raw TTS,कृत्रिम बुद्धिमत्ता आणि मशीन लर्निंग तंत्रज्ञान अत्याधुनिक ऑडिओ विश्लेषणासाठी वापरले जाते.
ai_mr_118.wav,voice data/ai/ai_mr_118.wav,ai,Neural TTS,mr-IN-AarohiNeural,Female,Marathi Synth,Marathi,4.0,16000,Raw TTS,कृत्रिम बुद्धिमत्ता आणि मशीन लर्निंग तंत्रज्ञान अत्याधुनिक ऑडिओ विश्लेषणासाठी वापरले जाते.
ai_mr_119.wav,voice data/ai/ai_mr_119.wav,ai,Neural TTS,mr-IN-ManoharNeural,Male,Marathi Synth,Marathi,4.0,16000,Raw TTS,कृत्रिम बुद्धिमत्ता आणि मशीन लर्निंग तंत्रज्ञान अत्याधुनिक ऑडिओ विश्लेषणासाठी वापरले जाते.
ai_mr_120.wav,voice data/ai/ai_mr_120.wav,ai,Neural TTS,mr-IN-AarohiNeural,Female,Marathi Synth,Marathi,4.0,16000,Codec Simulated,कृत्रिम बुद्धिमत्ता आणि मशीन लर्निंग तंत्रज्ञान अत्याधुनिक ऑडिओ विश्लेषणासाठी वापरले जाते.
ai_mr_121.wav,voice data/ai/ai_mr_121.wav,ai,Neural TTS,mr-IN-ManoharNeural,Male,Marathi Synth,Marathi,4.0,16000,Codec Simulated,कृत्रिम बुद्धिमत्ता आणि मशीन लर्निंग तंत्रज्ञान अत्याधुनिक ऑडिओ विश्लेषणासाठी वापरले जाते.
ai_mr_122.wav,voice data/ai/ai_mr_122.wav,ai,Neural TTS,mr-IN-AarohiNeural,Female,Marathi Synth,Marathi,4.0,16000,Raw TTS,कृत्रिम बुद्धिमत्ता आणि मशीन लर्निंग तंत्रज्ञान अत्याधुनिक ऑडिओ विश्लेषणासाठी वापरले जाते.
ai_mr_123.wav,voice data/ai/ai_mr_123.wav,ai,Neural TTS,mr-IN-ManoharNeural,Male,Marathi Synth,Marathi,4.0,16000,Raw TTS,कृत्रिम बुद्धिमत्ता आणि मशीन लर्निंग तंत्रज्ञान अत्याधुनिक ऑडिओ विश्लेषणासाठी वापरले जाते.
ai_mr_124.wav,voice data/ai/ai_mr_124.wav,ai,Neural TTS,mr-IN-AarohiNeural,Female,Marathi Synth,Marathi,4.0,16000,Raw TTS,कृत्रिम बुद्धिमत्ता आणि मशीन लर्निंग तंत्रज्ञान अत्याधुनिक ऑडिओ विश्लेषणासाठी वापरले जाते.
ai_mr_125.wav,voice data/ai/ai_mr_125.wav,ai,Neural TTS,mr-IN-ManoharNeural,Male,Marathi Synth,Marathi,4.0,16000,Codec Simulated,कृत्रिम बुद्धिमत्ता आणि मशीन लर्निंग तंत्रज्ञान अत्याधुनिक ऑडिओ विश्लेषणासाठी वापरले जाते.
ai_mr_126.wav,voice data/ai/ai_mr_126.wav,ai,Neural TTS,mr-IN-AarohiNeural,Female,Marathi Synth,Marathi,4.0,16000,Codec Simulated,कृत्रिम बुद्धिमत्ता आणि मशीन लर्निंग तंत्रज्ञान अत्याधुनिक ऑडिओ विश्लेषणासाठी वापरले जाते.
ai_mr_127.wav,voice data/ai/ai_mr_127.wav,ai,Neural TTS,mr-IN-ManoharNeural,Male,Marathi Synth,Marathi,4.0,16000,Raw TTS,कृत्रिम बुद्धिमत्ता आणि मशीन लर्निंग तंत्रज्ञान अत्याधुनिक ऑडिओ विश्लेषणासाठी वापरले जाते.
ai_mr_128.wav,voice data/ai/ai_mr_128.wav,ai,Neural TTS,mr-IN-AarohiNeural,Female,Marathi Synth,Marathi,4.0,16000,Raw TTS,कृत्रिम बुद्धिमत्ता आणि मशीन लर्निंग तंत्रज्ञान अत्याधुनिक ऑडिओ विश्लेषणासाठी वापरले जाते.
ai_mr_129.wav,voice data/ai/ai_mr_129.wav,ai,Neural TTS,mr-IN-ManoharNeural,Male,Marathi Synth,Marathi,4.0,16000,Raw TTS,कृत्रिम बुद्धिमत्ता आणि मशीन लर्निंग तंत्रज्ञान अत्याधुनिक ऑडिओ विश्लेषणासाठी वापरले जाते.
ai_mr_130.wav,voice data/ai/ai_mr_130.wav,ai,Neural TTS,mr-IN-AarohiNeural,Female,Marathi Synth,Marathi,4.0,16000,Codec Simulated,कृत्रिम बुद्धिमत्ता आणि मशीन लर्निंग तंत्रज्ञान अत्याधुनिक ऑडिओ विश्लेषणासाठी वापरले जाते.
ai_mr_131.wav,voice data/ai/ai_mr_131.wav,ai,Neural TTS,mr-IN-ManoharNeural,Male,Marathi Synth,Marathi,4.0,16000,Codec Simulated,कृत्रिम बुद्धिमत्ता आणि मशीन लर्निंग तंत्रज्ञान अत्याधुनिक ऑडिओ विश्लेषणासाठी वापरले जाते.
ai_mr_132.wav,voice data/ai/ai_mr_132.wav,ai,Neural TTS,mr-IN-AarohiNeural,Female,Marathi Synth,Marathi,4.0,16000,Raw TTS,कृत्रिम बुद्धिमत्ता आणि मशीन लर्निंग तंत्रज्ञान अत्याधुनिक ऑडिओ विश्लेषणासाठी वापरले जाते.
ai_mr_133.wav,voice data/ai/ai_mr_133.wav,ai,Neural TTS,mr-IN-ManoharNeural,Male,Marathi Synth,Marathi,4.0,16000,Raw TTS,कृत्रिम बुद्धिमत्ता आणि मशीन लर्निंग तंत्रज्ञान अत्याधुनिक ऑडिओ विश्लेषणासाठी वापरले जाते.
ai_mr_134.wav,voice data/ai/ai_mr_134.wav,ai,Neural TTS,mr-IN-AarohiNeural,Female,Marathi Synth,Marathi,4.0,16000,Raw TTS,कृत्रिम बुद्धिमत्ता आणि मशीन लर्निंग तंत्रज्ञान अत्याधुनिक ऑडिओ विश्लेषणासाठी वापरले जाते.
ai_mr_135.wav,voice data/ai/ai_mr_135.wav,ai,Neural TTS,mr-IN-ManoharNeural,Male,Marathi Synth,Marathi,4.0,16000,Codec Simulated,कृत्रिम बुद्धिमत्ता आणि मशीन लर्निंग तंत्रज्ञान अत्याधुनिक ऑडिओ विश्लेषणासाठी वापरले जाते.
ai_mr_136.wav,voice data/ai/ai_mr_136.wav,ai,Neural TTS,mr-IN-AarohiNeural,Female,Marathi Synth,Marathi,4.0,16000,Codec Simulated,कृत्रिम बुद्धिमत्ता आणि मशीन लर्निंग तंत्रज्ञान अत्याधुनिक ऑडिओ विश्लेषणासाठी वापरले जाते.
ai_mr_137.wav,voice data/ai/ai_mr_137.wav,ai,Neural TTS,mr-IN-ManoharNeural,Male,Marathi Synth,Marathi,4.0,16000,Raw TTS,कृत्रिम बुद्धिमत्ता आणि मशीन लर्निंग तंत्रज्ञान अत्याधुनिक ऑडिओ विश्लेषणासाठी वापरले जाते.
ai_mr_138.wav,voice data/ai/ai_mr_138.wav,ai,Neural TTS,mr-IN-AarohiNeural,Female,Marathi Synth,Marathi,4.0,16000,Raw TTS,कृत्रिम बुद्धिमत्ता आणि मशीन लर्निंग तंत्रज्ञान अत्याधुनिक ऑडिओ विश्लेषणासाठी वापरले जाते.
ai_mr_139.wav,voice data/ai/ai_mr_139.wav,ai,Neural TTS,mr-IN-ManoharNeural,Male,Marathi Synth,Marathi,4.0,16000,Raw TTS,कृत्रिम बुद्धिमत्ता आणि मशीन लर्निंग तंत्रज्ञान अत्याधुनिक ऑडिओ विश्लेषणासाठी वापरले जाते.
ai_mr_140.wav,voice data/ai/ai_mr_140.wav,ai,Neural TTS,mr-IN-AarohiNeural,Female,Marathi Synth,Marathi,4.0,16000,Codec Simulated,कृत्रिम बुद्धिमत्ता आणि मशीन लर्निंग तंत्रज्ञान अत्याधुनिक ऑडिओ विश्लेषणासाठी वापरले जाते.
ai_mr_141.wav,voice data/ai/ai_mr_141.wav,ai,Neural TTS,mr-IN-ManoharNeural,Male,Marathi Synth,Marathi,4.0,16000,Codec Simulated,कृत्रिम बुद्धिमत्ता आणि मशीन लर्निंग तंत्रज्ञान अत्याधुनिक ऑडिओ विश्लेषणासाठी वापरले जाते.
ai_mr_142.wav,voice data/ai/ai_mr_142.wav,ai,Neural TTS,mr-IN-AarohiNeural,Female,Marathi Synth,Marathi,4.0,16000,Raw TTS,कृत्रिम बुद्धिमत्ता आणि मशीन लर्निंग तंत्रज्ञान अत्याधुनिक ऑडिओ विश्लेषणासाठी वापरले जाते.
ai_mr_143.wav,voice data/ai/ai_mr_143.wav,ai,Neural TTS,mr-IN-ManoharNeural,Male,Marathi Synth,Marathi,4.0,16000,Raw TTS,कृत्रिम बुद्धिमत्ता आणि मशीन लर्निंग तंत्रज्ञान अत्याधुनिक ऑडिओ विश्लेषणासाठी वापरले जाते.
ai_mr_144.wav,voice data/ai/ai_mr_144.wav,ai,Neural TTS,mr-IN-AarohiNeural,Female,Marathi Synth,Marathi,4.0,16000,Raw TTS,कृत्रिम बुद्धिमत्ता आणि मशीन लर्निंग तंत्रज्ञान अत्याधुनिक ऑडिओ विश्लेषणासाठी वापरले जाते.
ai_mr_145.wav,voice data/ai/ai_mr_145.wav,ai,Neural TTS,mr-IN-ManoharNeural,Male,Marathi Synth,Marathi,4.0,16000,Codec Simulated,कृत्रिम बुद्धिमत्ता आणि मशीन लर्निंग तंत्रज्ञान अत्याधुनिक ऑडिओ विश्लेषणासाठी वापरले जाते.
ai_mr_146.wav,voice data/ai/ai_mr_146.wav,ai,Neural TTS,mr-IN-AarohiNeural,Female,Marathi Synth,Marathi,4.0,16000,Codec Simulated,कृत्रिम बुद्धिमत्ता आणि मशीन लर्निंग तंत्रज्ञान अत्याधुनिक ऑडिओ विश्लेषणासाठी वापरले जाते.
ai_mr_147.wav,voice data/ai/ai_mr_147.wav,ai,Neural TTS,mr-IN-ManoharNeural,Male,Marathi Synth,Marathi,4.0,16000,Raw TTS,कृत्रिम बुद्धिमत्ता आणि मशीन लर्निंग तंत्रज्ञान अत्याधुनिक ऑडिओ विश्लेषणासाठी वापरले जाते.
ai_mr_148.wav,voice data/ai/ai_mr_148.wav,ai,Neural TTS,mr-IN-AarohiNeural,Female,Marathi Synth,Marathi,4.0,16000,Raw TTS,कृत्रिम बुद्धिमत्ता आणि मशीन लर्निंग तंत्रज्ञान अत्याधुनिक ऑडिओ विश्लेषणासाठी वापरले जाते.
ai_mr_149.wav,voice data/ai/ai_mr_149.wav,ai,Neural TTS,mr-IN-ManoharNeural,Male,Marathi Synth,Marathi,4.0,16000,Raw TTS,कृत्रिम बुद्धिमत्ता आणि मशीन लर्निंग तंत्रज्ञान अत्याधुनिक ऑडिओ विश्लेषणासाठी वापरले जाते.
ai_mr_150.wav,voice data/ai/ai_mr_150.wav,ai,Neural TTS,mr-IN-AarohiNeural,Female,Marathi Synth,Marathi,4.0,16000,Codec Simulated,कृत्रिम बुद्धिमत्ता आणि मशीन लर्निंग तंत्रज्ञान अत्याधुनिक ऑडिओ विश्लेषणासाठी वापरले जाते.
ai_bn_001.wav,voice data/ai/ai_bn_001.wav,ai,Neural TTS,bn-IN-BashkarNeural,Male,Bengali Synth,Bengali,4.0,16000,Codec Simulated,কৃত্রিম বুদ্ধিমত্তা ভয়েস বিশ্লেষণ এবং শব্দ বৈশিষ্ট্য নির্ণয়ে নতুন সম্ভাবনা তৈরি করছে।
ai_bn_002.wav,voice data/ai/ai_bn_002.wav,ai,Neural TTS,bn-IN-TanishaaNeural,Female,Bengali Synth,Bengali,4.0,16000,Raw TTS,কৃত্রিম বুদ্ধিমত্তা ভয়েস বিশ্লেষণ এবং শব্দ বৈশিষ্ট্য নির্ণয়ে নতুন সম্ভাবনা তৈরি করছে।
ai_bn_003.wav,voice data/ai/ai_bn_003.wav,ai,Neural TTS,bn-IN-BashkarNeural,Male,Bengali Synth,Bengali,4.0,16000,Raw TTS,কৃত্রিম বুদ্ধিমত্তা ভয়েস বিশ্লেষণ এবং শব্দ বৈশিষ্ট্য নির্ণয়ে নতুন সম্ভাবনা তৈরি করছে।
ai_bn_004.wav,voice data/ai/ai_bn_004.wav,ai,Neural TTS,bn-IN-TanishaaNeural,Female,Bengali Synth,Bengali,4.0,16000,Raw TTS,কৃত্রিম বুদ্ধিমত্তা ভয়েস বিশ্লেষণ এবং শব্দ বৈশিষ্ট্য নির্ণয়ে নতুন সম্ভাবনা তৈরি করছে।
ai_bn_005.wav,voice data/ai/ai_bn_005.wav,ai,Neural TTS,bn-IN-BashkarNeural,Male,Bengali Synth,Bengali,4.0,16000,Codec Simulated,কৃত্রিম বুদ্ধিমত্তা ভয়েস বিশ্লেষণ এবং শব্দ বৈশিষ্ট্য নির্ণয়ে নতুন সম্ভাবনা তৈরি করছে।
ai_bn_006.wav,voice data/ai/ai_bn_006.wav,ai,Neural TTS,bn-IN-TanishaaNeural,Female,Bengali Synth,Bengali,4.0,16000,Codec Simulated,কৃত্রিম বুদ্ধিমত্তা ভয়েস বিশ্লেষণ এবং শব্দ বৈশিষ্ট্য নির্ণয়ে নতুন সম্ভাবনা তৈরি করছে।
ai_bn_007.wav,voice data/ai/ai_bn_007.wav,ai,Neural TTS,bn-IN-BashkarNeural,Male,Bengali Synth,Bengali,4.0,16000,Raw TTS,কৃত্রিম বুদ্ধিমত্তা ভয়েস বিশ্লেষণ এবং শব্দ বৈশিষ্ট্য নির্ণয়ে নতুন সম্ভাবনা তৈরি করছে।
ai_bn_008.wav,voice data/ai/ai_bn_008.wav,ai,Neural TTS,bn-IN-TanishaaNeural,Female,Bengali Synth,Bengali,4.0,16000,Raw TTS,কৃত্রিম বুদ্ধিমত্তা ভয়েস বিশ্লেষণ এবং শব্দ বৈশিষ্ট্য নির্ণয়ে নতুন সম্ভাবনা তৈরি করছে।
ai_bn_009.wav,voice data/ai/ai_bn_009.wav,ai,Neural TTS,bn-IN-BashkarNeural,Male,Bengali Synth,Bengali,4.0,16000,Raw TTS,কৃত্রিম বুদ্ধিমত্তা ভয়েস বিশ্লেষণ এবং শব্দ বৈশিষ্ট্য নির্ণয়ে নতুন সম্ভাবনা তৈরি করছে।
ai_bn_010.wav,voice data/ai/ai_bn_010.wav,ai,Neural TTS,bn-IN-TanishaaNeural,Female,Bengali Synth,Bengali,4.0,16000,Codec Simulated,কৃত্রিম বুদ্ধিমত্তা ভয়েস বিশ্লেষণ এবং শব্দ বৈশিষ্ট্য নির্ণয়ে নতুন সম্ভাবনা তৈরি করছে।
ai_bn_011.wav,voice data/ai/ai_bn_011.wav,ai,Neural TTS,bn-IN-BashkarNeural,Male,Bengali Synth,Bengali,4.0,16000,Codec Simulated,কৃত্রিম বুদ্ধিমত্তা ভয়েস বিশ্লেষণ এবং শব্দ বৈশিষ্ট্য নির্ণয়ে নতুন সম্ভাবনা তৈরি করছে।
ai_bn_012.wav,voice data/ai/ai_bn_012.wav,ai,Neural TTS,bn-IN-TanishaaNeural,Female,Bengali Synth,Bengali,4.0,16000,Raw TTS,কৃত্রিম বুদ্ধিমত্তা ভয়েস বিশ্লেষণ এবং শব্দ বৈশিষ্ট্য নির্ণয়ে নতুন সম্ভাবনা তৈরি করছে।
ai_bn_013.wav,voice data/ai/ai_bn_013.wav,ai,Neural TTS,bn-IN-BashkarNeural,Male,Bengali Synth,Bengali,4.0,16000,Raw TTS,কৃত্রিম বুদ্ধিমত্তা ভয়েস বিশ্লেষণ এবং শব্দ বৈশিষ্ট্য নির্ণয়ে নতুন সম্ভাবনা তৈরি করছে।
ai_bn_014.wav,voice data/ai/ai_bn_014.wav,ai,Neural TTS,bn-IN-TanishaaNeural,Female,Bengali Synth,Bengali,4.0,16000,Raw TTS,কৃত্রিম বুদ্ধিমত্তা ভয়েস বিশ্লেষণ এবং শব্দ বৈশিষ্ট্য নির্ণয়ে নতুন সম্ভাবনা তৈরি করছে।
ai_bn_015.wav,voice data/ai/ai_bn_015.wav,ai,Neural TTS,bn-IN-BashkarNeural,Male,Bengali Synth,Bengali,4.0,16000,Codec Simulated,কৃত্রিম বুদ্ধিমত্তা ভয়েস বিশ্লেষণ এবং শব্দ বৈশিষ্ট্য নির্ণয়ে নতুন সম্ভাবনা তৈরি করছে।
ai_bn_016.wav,voice data/ai/ai_bn_016.wav,ai,Neural TTS,bn-IN-TanishaaNeural,Female,Bengali Synth,Bengali,4.0,16000,Codec Simulated,কৃত্রিম বুদ্ধিমত্তা ভয়েস বিশ্লেষণ এবং শব্দ বৈশিষ্ট্য নির্ণয়ে নতুন সম্ভাবনা তৈরি করছে।
ai_bn_017.wav,voice data/ai/ai_bn_017.wav,ai,Neural TTS,bn-IN-BashkarNeural,Male,Bengali Synth,Bengali,4.0,16000,Raw TTS,কৃত্রিম বুদ্ধিমত্তা ভয়েস বিশ্লেষণ এবং শব্দ বৈশিষ্ট্য নির্ণয়ে নতুন সম্ভাবনা তৈরি করছে।
ai_bn_018.wav,voice data/ai/ai_bn_018.wav,ai,Neural TTS,bn-IN-TanishaaNeural,Female,Bengali Synth,Bengali,4.0,16000,Raw TTS,কৃত্রিম বুদ্ধিমত্তা ভয়েস বিশ্লেষণ এবং শব্দ বৈশিষ্ট্য নির্ণয়ে নতুন সম্ভাবনা তৈরি করছে।
ai_bn_019.wav,voice data/ai/ai_bn_019.wav,ai,Neural TTS,bn-IN-BashkarNeural,Male,Bengali Synth,Bengali,4.0,16000,Raw TTS,কৃত্রিম বুদ্ধিমত্তা ভয়েস বিশ্লেষণ এবং শব্দ বৈশিষ্ট্য নির্ণয়ে নতুন সম্ভাবনা তৈরি করছে।
ai_bn_020.wav,voice data/ai/ai_bn_020.wav,ai,Neural TTS,bn-IN-TanishaaNeural,Female,Bengali Synth,Bengali,4.0,16000,Codec Simulated,কৃত্রিম বুদ্ধিমত্তা ভয়েস বিশ্লেষণ এবং শব্দ বৈশিষ্ট্য নির্ণয়ে নতুন সম্ভাবনা তৈরি করছে।
ai_bn_021.wav,voice data/ai/ai_bn_021.wav,ai,Neural TTS,bn-IN-BashkarNeural,Male,Bengali Synth,Bengali,4.0,16000,Codec Simulated,কৃত্রিম বুদ্ধিমত্তা ভয়েস বিশ্লেষণ এবং শব্দ বৈশিষ্ট্য নির্ণয়ে নতুন সম্ভাবনা তৈরি করছে।
ai_bn_022.wav,voice data/ai/ai_bn_022.wav,ai,Neural TTS,bn-IN-TanishaaNeural,Female,Bengali Synth,Bengali,4.0,16000,Raw TTS,কৃত্রিম বুদ্ধিমত্তা ভয়েস বিশ্লেষণ এবং শব্দ বৈশিষ্ট্য নির্ণয়ে নতুন সম্ভাবনা তৈরি করছে।
ai_bn_023.wav,voice data/ai/ai_bn_023.wav,ai,Neural TTS,bn-IN-BashkarNeural,Male,Bengali Synth,Bengali,4.0,16000,Raw TTS,কৃত্রিম বুদ্ধিমত্তা ভয়েস বিশ্লেষণ এবং শব্দ বৈশিষ্ট্য নির্ণয়ে নতুন সম্ভাবনা তৈরি করছে।
ai_bn_024.wav,voice data/ai/ai_bn_024.wav,ai,Neural TTS,bn-IN-TanishaaNeural,Female,Bengali Synth,Bengali,4.0,16000,Raw TTS,কৃত্রিম বুদ্ধিমত্তা ভয়েস বিশ্লেষণ এবং শব্দ বৈশিষ্ট্য নির্ণয়ে নতুন সম্ভাবনা তৈরি করছে।
ai_bn_025.wav,voice data/ai/ai_bn_025.wav,ai,Neural TTS,bn-IN-BashkarNeural,Male,Bengali Synth,Bengali,4.0,16000,Codec Simulated,কৃত্রিম বুদ্ধিমত্তা ভয়েস বিশ্লেষণ এবং শব্দ বৈশিষ্ট্য নির্ণয়ে নতুন সম্ভাবনা তৈরি করছে।
ai_bn_026.wav,voice data/ai/ai_bn_026.wav,ai,Neural TTS,bn-IN-TanishaaNeural,Female,Bengali Synth,Bengali,4.0,16000,Codec Simulated,কৃত্রিম বুদ্ধিমত্তা ভয়েস বিশ্লেষণ এবং শব্দ বৈশিষ্ট্য নির্ণয়ে নতুন সম্ভাবনা তৈরি করছে।
ai_bn_027.wav,voice data/ai/ai_bn_027.wav,ai,Neural TTS,bn-IN-BashkarNeural,Male,Bengali Synth,Bengali,4.0,16000,Raw TTS,কৃত্রিম বুদ্ধিমত্তা ভয়েস বিশ্লেষণ এবং শব্দ বৈশিষ্ট্য নির্ণয়ে নতুন সম্ভাবনা তৈরি করছে।
ai_bn_028.wav,voice data/ai/ai_bn_028.wav,ai,Neural TTS,bn-IN-TanishaaNeural,Female,Bengali Synth,Bengali,4.0,16000,Raw TTS,কৃত্রিম বুদ্ধিমত্তা ভয়েস বিশ্লেষণ এবং শব্দ বৈশিষ্ট্য নির্ণয়ে নতুন সম্ভাবনা তৈরি করছে।
ai_bn_029.wav,voice data/ai/ai_bn_029.wav,ai,Neural TTS,bn-IN-BashkarNeural,Male,Bengali Synth,Bengali,4.0,16000,Raw TTS,কৃত্রিম বুদ্ধিমত্তা ভয়েস বিশ্লেষণ এবং শব্দ বৈশিষ্ট্য নির্ণয়ে নতুন সম্ভাবনা তৈরি করছে।
ai_bn_030.wav,voice data/ai/ai_bn_030.wav,ai,Neural TTS,bn-IN-TanishaaNeural,Female,Bengali Synth,Bengali,4.0,16000,Codec Simulated,কৃত্রিম বুদ্ধিমত্তা ভয়েস বিশ্লেষণ এবং শব্দ বৈশিষ্ট্য নির্ণয়ে নতুন সম্ভাবনা তৈরি করছে।
ai_bn_031.wav,voice data/ai/ai_bn_031.wav,ai,Neural TTS,bn-IN-BashkarNeural,Male,Bengali Synth,Bengali,4.0,16000,Codec Simulated,কৃত্রিম বুদ্ধিমত্তা ভয়েস বিশ্লেষণ এবং শব্দ বৈশিষ্ট্য নির্ণয়ে নতুন সম্ভাবনা তৈরি করছে।
ai_bn_032.wav,voice data/ai/ai_bn_032.wav,ai,Neural TTS,bn-IN-TanishaaNeural,Female,Bengali Synth,Bengali,4.0,16000,Raw TTS,কৃত্রিম বুদ্ধিমত্তা ভয়েস বিশ্লেষণ এবং শব্দ বৈশিষ্ট্য নির্ণয়ে নতুন সম্ভাবনা তৈরি করছে।
ai_bn_033.wav,voice data/ai/ai_bn_033.wav,ai,Neural TTS,bn-IN-BashkarNeural,Male,Bengali Synth,Bengali,4.0,16000,Raw TTS,কৃত্রিম বুদ্ধিমত্তা ভয়েস বিশ্লেষণ এবং শব্দ বৈশিষ্ট্য নির্ণয়ে নতুন সম্ভাবনা তৈরি করছে।
ai_bn_034.wav,voice data/ai/ai_bn_034.wav,ai,Neural TTS,bn-IN-TanishaaNeural,Female,Bengali Synth,Bengali,4.0,16000,Raw TTS,কৃত্রিম বুদ্ধিমত্তা ভয়েস বিশ্লেষণ এবং শব্দ বৈশিষ্ট্য নির্ণয়ে নতুন সম্ভাবনা তৈরি করছে।
ai_bn_035.wav,voice data/ai/ai_bn_035.wav,ai,Neural TTS,bn-IN-BashkarNeural,Male,Bengali Synth,Bengali,4.0,16000,Codec Simulated,কৃত্রিম বুদ্ধিমত্তা ভয়েস বিশ্লেষণ এবং শব্দ বৈশিষ্ট্য নির্ণয়ে নতুন সম্ভাবনা তৈরি করছে।
ai_bn_036.wav,voice data/ai/ai_bn_036.wav,ai,Neural TTS,bn-IN-TanishaaNeural,Female,Bengali Synth,Bengali,4.0,16000,Codec Simulated,কৃত্রিম বুদ্ধিমত্তা ভয়েস বিশ্লেষণ এবং শব্দ বৈশিষ্ট্য নির্ণয়ে নতুন সম্ভাবনা তৈরি করছে।
ai_bn_037.wav,voice data/ai/ai_bn_037.wav,ai,Neural TTS,bn-IN-BashkarNeural,Male,Bengali Synth,Bengali,4.0,16000,Raw TTS,কৃত্রিম বুদ্ধিমত্তা ভয়েস বিশ্লেষণ এবং শব্দ বৈশিষ্ট্য নির্ণয়ে নতুন সম্ভাবনা তৈরি করছে।
ai_bn_038.wav,voice data/ai/ai_bn_038.wav,ai,Neural TTS,bn-IN-TanishaaNeural,Female,Bengali Synth,Bengali,4.0,16000,Raw TTS,কৃত্রিম বুদ্ধিমত্তা ভয়েস বিশ্লেষণ এবং শব্দ বৈশিষ্ট্য নির্ণয়ে নতুন সম্ভাবনা তৈরি করছে।
ai_bn_039.wav,voice data/ai/ai_bn_039.wav,ai,Neural TTS,bn-IN-BashkarNeural,Male,Bengali Synth,Bengali,4.0,16000,Raw TTS,কৃত্রিম বুদ্ধিমত্তা ভয়েস বিশ্লেষণ এবং শব্দ বৈশিষ্ট্য নির্ণয়ে নতুন সম্ভাবনা তৈরি করছে।
ai_bn_040.wav,voice data/ai/ai_bn_040.wav,ai,Neural TTS,bn-IN-TanishaaNeural,Female,Bengali Synth,Bengali,4.0,16000,Codec Simulated,কৃত্রিম বুদ্ধিমত্তা ভয়েস বিশ্লেষণ এবং শব্দ বৈশিষ্ট্য নির্ণয়ে নতুন সম্ভাবনা তৈরি করছে।
ai_bn_041.wav,voice data/ai/ai_bn_041.wav,ai,Neural TTS,bn-IN-BashkarNeural,Male,Bengali Synth,Bengali,4.0,16000,Codec Simulated,কৃত্রিম বুদ্ধিমত্তা ভয়েস বিশ্লেষণ এবং শব্দ বৈশিষ্ট্য নির্ণয়ে নতুন সম্ভাবনা তৈরি করছে।
ai_bn_042.wav,voice data/ai/ai_bn_042.wav,ai,Neural TTS,bn-IN-TanishaaNeural,Female,Bengali Synth,Bengali,4.0,16000,Raw TTS,কৃত্রিম বুদ্ধিমত্তা ভয়েস বিশ্লেষণ এবং শব্দ বৈশিষ্ট্য নির্ণয়ে নতুন সম্ভাবনা তৈরি করছে।
ai_bn_043.wav,voice data/ai/ai_bn_043.wav,ai,Neural TTS,bn-IN-BashkarNeural,Male,Bengali Synth,Bengali,4.0,16000,Raw TTS,কৃত্রিম বুদ্ধিমত্তা ভয়েস বিশ্লেষণ এবং শব্দ বৈশিষ্ট্য নির্ণয়ে নতুন সম্ভাবনা তৈরি করছে।
ai_bn_044.wav,voice data/ai/ai_bn_044.wav,ai,Neural TTS,bn-IN-TanishaaNeural,Female,Bengali Synth,Bengali,4.0,16000,Raw TTS,কৃত্রিম বুদ্ধিমত্তা ভয়েস বিশ্লেষণ এবং শব্দ বৈশিষ্ট্য নির্ণয়ে নতুন সম্ভাবনা তৈরি করছে।
ai_bn_045.wav,voice data/ai/ai_bn_045.wav,ai,Neural TTS,bn-IN-BashkarNeural,Male,Bengali Synth,Bengali,4.0,16000,Codec Simulated,কৃত্রিম বুদ্ধিমত্তা ভয়েস বিশ্লেষণ এবং শব্দ বৈশিষ্ট্য নির্ণয়ে নতুন সম্ভাবনা তৈরি করছে।
ai_bn_046.wav,voice data/ai/ai_bn_046.wav,ai,Neural TTS,bn-IN-TanishaaNeural,Female,Bengali Synth,Bengali,4.0,16000,Codec Simulated,কৃত্রিম বুদ্ধিমত্তা ভয়েস বিশ্লেষণ এবং শব্দ বৈশিষ্ট্য নির্ণয়ে নতুন সম্ভাবনা তৈরি করছে।
ai_bn_047.wav,voice data/ai/ai_bn_047.wav,ai,Neural TTS,bn-IN-BashkarNeural,Male,Bengali Synth,Bengali,4.0,16000,Raw TTS,কৃত্রিম বুদ্ধিমত্তা ভয়েস বিশ্লেষণ এবং শব্দ বৈশিষ্ট্য নির্ণয়ে নতুন সম্ভাবনা তৈরি করছে।
ai_bn_048.wav,voice data/ai/ai_bn_048.wav,ai,Neural TTS,bn-IN-TanishaaNeural,Female,Bengali Synth,Bengali,4.0,16000,Raw TTS,কৃত্রিম বুদ্ধিমত্তা ভয়েস বিশ্লেষণ এবং শব্দ বৈশিষ্ট্য নির্ণয়ে নতুন সম্ভাবনা তৈরি করছে।
ai_bn_049.wav,voice data/ai/ai_bn_049.wav,ai,Neural TTS,bn-IN-BashkarNeural,Male,Bengali Synth,Bengali,4.0,16000,Raw TTS,কৃত্রিম বুদ্ধিমত্তা ভয়েস বিশ্লেষণ এবং শব্দ বৈশিষ্ট্য নির্ণয়ে নতুন সম্ভাবনা তৈরি করছে।
ai_bn_050.wav,voice data/ai/ai_bn_050.wav,ai,Neural TTS,bn-IN-TanishaaNeural,Female,Bengali Synth,Bengali,4.0,16000,Codec Simulated,কৃত্রিম বুদ্ধিমত্তা ভয়েস বিশ্লেষণ এবং শব্দ বৈশিষ্ট্য নির্ণয়ে নতুন সম্ভাবনা তৈরি করছে।
ai_bn_051.wav,voice data/ai/ai_bn_051.wav,ai,Neural TTS,bn-IN-BashkarNeural,Male,Bengali Synth,Bengali,4.0,16000,Codec Simulated,কৃত্রিম বুদ্ধিমত্তা ভয়েস বিশ্লেষণ এবং শব্দ বৈশিষ্ট্য নির্ণয়ে নতুন সম্ভাবনা তৈরি করছে।
ai_bn_052.wav,voice data/ai/ai_bn_052.wav,ai,Neural TTS,bn-IN-TanishaaNeural,Female,Bengali Synth,Bengali,4.0,16000,Raw TTS,কৃত্রিম বুদ্ধিমত্তা ভয়েস বিশ্লেষণ এবং শব্দ বৈশিষ্ট্য নির্ণয়ে নতুন সম্ভাবনা তৈরি করছে।
ai_bn_053.wav,voice data/ai/ai_bn_053.wav,ai,Neural TTS,bn-IN-BashkarNeural,Male,Bengali Synth,Bengali,4.0,16000,Raw TTS,কৃত্রিম বুদ্ধিমত্তা ভয়েস বিশ্লেষণ এবং শব্দ বৈশিষ্ট্য নির্ণয়ে নতুন সম্ভাবনা তৈরি করছে।
ai_bn_054.wav,voice data/ai/ai_bn_054.wav,ai,Neural TTS,bn-IN-TanishaaNeural,Female,Bengali Synth,Bengali,4.0,16000,Raw TTS,কৃত্রিম বুদ্ধিমত্তা ভয়েস বিশ্লেষণ এবং শব্দ বৈশিষ্ট্য নির্ণয়ে নতুন সম্ভাবনা তৈরি করছে।
ai_bn_055.wav,voice data/ai/ai_bn_055.wav,ai,Neural TTS,bn-IN-BashkarNeural,Male,Bengali Synth,Bengali,4.0,16000,Codec Simulated,কৃত্রিম বুদ্ধিমত্তা ভয়েস বিশ্লেষণ এবং শব্দ বৈশিষ্ট্য নির্ণয়ে নতুন সম্ভাবনা তৈরি করছে।
ai_bn_056.wav,voice data/ai/ai_bn_056.wav,ai,Neural TTS,bn-IN-TanishaaNeural,Female,Bengali Synth,Bengali,4.0,16000,Codec Simulated,কৃত্রিম বুদ্ধিমত্তা ভয়েস বিশ্লেষণ এবং শব্দ বৈশিষ্ট্য নির্ণয়ে নতুন সম্ভাবনা তৈরি করছে।
ai_bn_057.wav,voice data/ai/ai_bn_057.wav,ai,Neural TTS,bn-IN-BashkarNeural,Male,Bengali Synth,Bengali,4.0,16000,Raw TTS,কৃত্রিম বুদ্ধিমত্তা ভয়েস বিশ্লেষণ এবং শব্দ বৈশিষ্ট্য নির্ণয়ে নতুন সম্ভাবনা তৈরি করছে।
ai_bn_058.wav,voice data/ai/ai_bn_058.wav,ai,Neural TTS,bn-IN-TanishaaNeural,Female,Bengali Synth,Bengali,4.0,16000,Raw TTS,কৃত্রিম বুদ্ধিমত্তা ভয়েস বিশ্লেষণ এবং শব্দ বৈশিষ্ট্য নির্ণয়ে নতুন সম্ভাবনা তৈরি করছে।
ai_bn_059.wav,voice data/ai/ai_bn_059.wav,ai,Neural TTS,bn-IN-BashkarNeural,Male,Bengali Synth,Bengali,4.0,16000,Raw TTS,কৃত্রিম বুদ্ধিমত্তা ভয়েস বিশ্লেষণ এবং শব্দ বৈশিষ্ট্য নির্ণয়ে নতুন সম্ভাবনা তৈরি করছে।
ai_bn_060.wav,voice data/ai/ai_bn_060.wav,ai,Neural TTS,bn-IN-TanishaaNeural,Female,Bengali Synth,Bengali,4.0,16000,Codec Simulated,কৃত্রিম বুদ্ধিমত্তা ভয়েস বিশ্লেষণ এবং শব্দ বৈশিষ্ট্য নির্ণয়ে নতুন সম্ভাবনা তৈরি করছে।
ai_bn_061.wav,voice data/ai/ai_bn_061.wav,ai,Neural TTS,bn-IN-BashkarNeural,Male,Bengali Synth,Bengali,4.0,16000,Codec Simulated,কৃত্রিম বুদ্ধিমত্তা ভয়েস বিশ্লেষণ এবং শব্দ বৈশিষ্ট্য নির্ণয়ে নতুন সম্ভাবনা তৈরি করছে।
ai_bn_062.wav,voice data/ai/ai_bn_062.wav,ai,Neural TTS,bn-IN-TanishaaNeural,Female,Bengali Synth,Bengali,4.0,16000,Raw TTS,কৃত্রিম বুদ্ধিমত্তা ভয়েস বিশ্লেষণ এবং শব্দ বৈশিষ্ট্য নির্ণয়ে নতুন সম্ভাবনা তৈরি করছে।
ai_bn_063.wav,voice data/ai/ai_bn_063.wav,ai,Neural TTS,bn-IN-BashkarNeural,Male,Bengali Synth,Bengali,4.0,16000,Raw TTS,কৃত্রিম বুদ্ধিমত্তা ভয়েস বিশ্লেষণ এবং শব্দ বৈশিষ্ট্য নির্ণয়ে নতুন সম্ভাবনা তৈরি করছে।
ai_bn_064.wav,voice data/ai/ai_bn_064.wav,ai,Neural TTS,bn-IN-TanishaaNeural,Female,Bengali Synth,Bengali,4.0,16000,Raw TTS,কৃত্রিম বুদ্ধিমত্তা ভয়েস বিশ্লেষণ এবং শব্দ বৈশিষ্ট্য নির্ণয়ে নতুন সম্ভাবনা তৈরি করছে।
ai_bn_065.wav,voice data/ai/ai_bn_065.wav,ai,Neural TTS,bn-IN-BashkarNeural,Male,Bengali Synth,Bengali,4.0,16000,Codec Simulated,কৃত্রিম বুদ্ধিমত্তা ভয়েস বিশ্লেষণ এবং শব্দ বৈশিষ্ট্য নির্ণয়ে নতুন সম্ভাবনা তৈরি করছে।
ai_bn_066.wav,voice data/ai/ai_bn_066.wav,ai,Neural TTS,bn-IN-TanishaaNeural,Female,Bengali Synth,Bengali,4.0,16000,Codec Simulated,কৃত্রিম বুদ্ধিমত্তা ভয়েস বিশ্লেষণ এবং শব্দ বৈশিষ্ট্য নির্ণয়ে নতুন সম্ভাবনা তৈরি করছে।
ai_bn_067.wav,voice data/ai/ai_bn_067.wav,ai,Neural TTS,bn-IN-BashkarNeural,Male,Bengali Synth,Bengali,4.0,16000,Raw TTS,কৃত্রিম বুদ্ধিমত্তা ভয়েস বিশ্লেষণ এবং শব্দ বৈশিষ্ট্য নির্ণয়ে নতুন সম্ভাবনা তৈরি করছে।
ai_bn_068.wav,voice data/ai/ai_bn_068.wav,ai,Neural TTS,bn-IN-TanishaaNeural,Female,Bengali Synth,Bengali,4.0,16000,Raw TTS,কৃত্রিম বুদ্ধিমত্তা ভয়েস বিশ্লেষণ এবং শব্দ বৈশিষ্ট্য নির্ণয়ে নতুন সম্ভাবনা তৈরি করছে।
ai_bn_069.wav,voice data/ai/ai_bn_069.wav,ai,Neural TTS,bn-IN-BashkarNeural,Male,Bengali Synth,Bengali,4.0,16000,Raw TTS,কৃত্রিম বুদ্ধিমত্তা ভয়েস বিশ্লেষণ এবং শব্দ বৈশিষ্ট্য নির্ণয়ে নতুন সম্ভাবনা তৈরি করছে।
ai_bn_070.wav,voice data/ai/ai_bn_070.wav,ai,Neural TTS,bn-IN-TanishaaNeural,Female,Bengali Synth,Bengali,4.0,16000,Codec Simulated,কৃত্রিম বুদ্ধিমত্তা ভয়েস বিশ্লেষণ এবং শব্দ বৈশিষ্ট্য নির্ণয়ে নতুন সম্ভাবনা তৈরি করছে।
ai_bn_071.wav,voice data/ai/ai_bn_071.wav,ai,Neural TTS,bn-IN-BashkarNeural,Male,Bengali Synth,Bengali,4.0,16000,Codec Simulated,কৃত্রিম বুদ্ধিমত্তা ভয়েস বিশ্লেষণ এবং শব্দ বৈশিষ্ট্য নির্ণয়ে নতুন সম্ভাবনা তৈরি করছে।
ai_bn_072.wav,voice data/ai/ai_bn_072.wav,ai,Neural TTS,bn-IN-TanishaaNeural,Female,Bengali Synth,Bengali,4.0,16000,Raw TTS,কৃত্রিম বুদ্ধিমত্তা ভয়েস বিশ্লেষণ এবং শব্দ বৈশিষ্ট্য নির্ণয়ে নতুন সম্ভাবনা তৈরি করছে।
ai_bn_073.wav,voice data/ai/ai_bn_073.wav,ai,Neural TTS,bn-IN-BashkarNeural,Male,Bengali Synth,Bengali,4.0,16000,Raw TTS,কৃত্রিম বুদ্ধিমত্তা ভয়েস বিশ্লেষণ এবং শব্দ বৈশিষ্ট্য নির্ণয়ে নতুন সম্ভাবনা তৈরি করছে।
ai_bn_074.wav,voice data/ai/ai_bn_074.wav,ai,Neural TTS,bn-IN-TanishaaNeural,Female,Bengali Synth,Bengali,4.0,16000,Raw TTS,কৃত্রিম বুদ্ধিমত্তা ভয়েস বিশ্লেষণ এবং শব্দ বৈশিষ্ট্য নির্ণয়ে নতুন সম্ভাবনা তৈরি করছে।
ai_bn_075.wav,voice data/ai/ai_bn_075.wav,ai,Neural TTS,bn-IN-BashkarNeural,Male,Bengali Synth,Bengali,4.0,16000,Codec Simulated,কৃত্রিম বুদ্ধিমত্তা ভয়েস বিশ্লেষণ এবং শব্দ বৈশিষ্ট্য নির্ণয়ে নতুন সম্ভাবনা তৈরি করছে।
ai_bn_076.wav,voice data/ai/ai_bn_076.wav,ai,Neural TTS,bn-IN-TanishaaNeural,Female,Bengali Synth,Bengali,4.0,16000,Codec Simulated,কৃত্রিম বুদ্ধিমত্তা ভয়েস বিশ্লেষণ এবং শব্দ বৈশিষ্ট্য নির্ণয়ে নতুন সম্ভাবনা তৈরি করছে।
ai_bn_077.wav,voice data/ai/ai_bn_077.wav,ai,Neural TTS,bn-IN-BashkarNeural,Male,Bengali Synth,Bengali,4.0,16000,Raw TTS,কৃত্রিম বুদ্ধিমত্তা ভয়েস বিশ্লেষণ এবং শব্দ বৈশিষ্ট্য নির্ণয়ে নতুন সম্ভাবনা তৈরি করছে।
ai_bn_078.wav,voice data/ai/ai_bn_078.wav,ai,Neural TTS,bn-IN-TanishaaNeural,Female,Bengali Synth,Bengali,4.0,16000,Raw TTS,কৃত্রিম বুদ্ধিমত্তা ভয়েস বিশ্লেষণ এবং শব্দ বৈশিষ্ট্য নির্ণয়ে নতুন সম্ভাবনা তৈরি করছে।
ai_bn_079.wav,voice data/ai/ai_bn_079.wav,ai,Neural TTS,bn-IN-BashkarNeural,Male,Bengali Synth,Bengali,4.0,16000,Raw TTS,কৃত্রিম বুদ্ধিমত্তা ভয়েস বিশ্লেষণ এবং শব্দ বৈশিষ্ট্য নির্ণয়ে নতুন সম্ভাবনা তৈরি করছে।
ai_bn_080.wav,voice data/ai/ai_bn_080.wav,ai,Neural TTS,bn-IN-TanishaaNeural,Female,Bengali Synth,Bengali,4.0,16000,Codec Simulated,কৃত্রিম বুদ্ধিমত্তা ভয়েস বিশ্লেষণ এবং শব্দ বৈশিষ্ট্য নির্ণয়ে নতুন সম্ভাবনা তৈরি করছে।
ai_bn_081.wav,voice data/ai/ai_bn_081.wav,ai,Neural TTS,bn-IN-BashkarNeural,Male,Bengali Synth,Bengali,4.0,16000,Codec Simulated,কৃত্রিম বুদ্ধিমত্তা ভয়েস বিশ্লেষণ এবং শব্দ বৈশিষ্ট্য নির্ণয়ে নতুন সম্ভাবনা তৈরি করছে।
ai_bn_082.wav,voice data/ai/ai_bn_082.wav,ai,Neural TTS,bn-IN-TanishaaNeural,Female,Bengali Synth,Bengali,4.0,16000,Raw TTS,কৃত্রিম বুদ্ধিমত্তা ভয়েস বিশ্লেষণ এবং শব্দ বৈশিষ্ট্য নির্ণয়ে নতুন সম্ভাবনা তৈরি করছে।
ai_bn_083.wav,voice data/ai/ai_bn_083.wav,ai,Neural TTS,bn-IN-BashkarNeural,Male,Bengali Synth,Bengali,4.0,16000,Raw TTS,কৃত্রিম বুদ্ধিমত্তা ভয়েস বিশ্লেষণ এবং শব্দ বৈশিষ্ট্য নির্ণয়ে নতুন সম্ভাবনা তৈরি করছে।
ai_bn_084.wav,voice data/ai/ai_bn_084.wav,ai,Neural TTS,bn-IN-TanishaaNeural,Female,Bengali Synth,Bengali,4.0,16000,Raw TTS,কৃত্রিম বুদ্ধিমত্তা ভয়েস বিশ্লেষণ এবং শব্দ বৈশিষ্ট্য নির্ণয়ে নতুন সম্ভাবনা তৈরি করছে।
ai_bn_085.wav,voice data/ai/ai_bn_085.wav,ai,Neural TTS,bn-IN-BashkarNeural,Male,Bengali Synth,Bengali,4.0,16000,Codec Simulated,কৃত্রিম বুদ্ধিমত্তা ভয়েস বিশ্লেষণ এবং শব্দ বৈশিষ্ট্য নির্ণয়ে নতুন সম্ভাবনা তৈরি করছে।
ai_bn_086.wav,voice data/ai/ai_bn_086.wav,ai,Neural TTS,bn-IN-TanishaaNeural,Female,Bengali Synth,Bengali,4.0,16000,Codec Simulated,কৃত্রিম বুদ্ধিমত্তা ভয়েস বিশ্লেষণ এবং শব্দ বৈশিষ্ট্য নির্ণয়ে নতুন সম্ভাবনা তৈরি করছে।
ai_bn_087.wav,voice data/ai/ai_bn_087.wav,ai,Neural TTS,bn-IN-BashkarNeural,Male,Bengali Synth,Bengali,4.0,16000,Raw TTS,কৃত্রিম বুদ্ধিমত্তা ভয়েস বিশ্লেষণ এবং শব্দ বৈশিষ্ট্য নির্ণয়ে নতুন সম্ভাবনা তৈরি করছে।
ai_bn_088.wav,voice data/ai/ai_bn_088.wav,ai,Neural TTS,bn-IN-TanishaaNeural,Female,Bengali Synth,Bengali,4.0,16000,Raw TTS,কৃত্রিম বুদ্ধিমত্তা ভয়েস বিশ্লেষণ এবং শব্দ বৈশিষ্ট্য নির্ণয়ে নতুন সম্ভাবনা তৈরি করছে।
ai_bn_089.wav,voice data/ai/ai_bn_089.wav,ai,Neural TTS,bn-IN-BashkarNeural,Male,Bengali Synth,Bengali,4.0,16000,Raw TTS,কৃত্রিম বুদ্ধিমত্তা ভয়েস বিশ্লেষণ এবং শব্দ বৈশিষ্ট্য নির্ণয়ে নতুন সম্ভাবনা তৈরি করছে।
ai_bn_090.wav,voice data/ai/ai_bn_090.wav,ai,Neural TTS,bn-IN-TanishaaNeural,Female,Bengali Synth,Bengali,4.0,16000,Codec Simulated,কৃত্রিম বুদ্ধিমত্তা ভয়েস বিশ্লেষণ এবং শব্দ বৈশিষ্ট্য নির্ণয়ে নতুন সম্ভাবনা তৈরি করছে।
ai_bn_091.wav,voice data/ai/ai_bn_091.wav,ai,Neural TTS,bn-IN-BashkarNeural,Male,Bengali Synth,Bengali,4.0,16000,Codec Simulated,কৃত্রিম বুদ্ধিমত্তা ভয়েস বিশ্লেষণ এবং শব্দ বৈশিষ্ট্য নির্ণয়ে নতুন সম্ভাবনা তৈরি করছে।
ai_bn_092.wav,voice data/ai/ai_bn_092.wav,ai,Neural TTS,bn-IN-TanishaaNeural,Female,Bengali Synth,Bengali,4.0,16000,Raw TTS,কৃত্রিম বুদ্ধিমত্তা ভয়েস বিশ্লেষণ এবং শব্দ বৈশিষ্ট্য নির্ণয়ে নতুন সম্ভাবনা তৈরি করছে।
ai_bn_093.wav,voice data/ai/ai_bn_093.wav,ai,Neural TTS,bn-IN-BashkarNeural,Male,Bengali Synth,Bengali,4.0,16000,Raw TTS,কৃত্রিম বুদ্ধিমত্তা ভয়েস বিশ্লেষণ এবং শব্দ বৈশিষ্ট্য নির্ণয়ে নতুন সম্ভাবনা তৈরি করছে।
ai_bn_094.wav,voice data/ai/ai_bn_094.wav,ai,Neural TTS,bn-IN-TanishaaNeural,Female,Bengali Synth,Bengali,4.0,16000,Raw TTS,কৃত্রিম বুদ্ধিমত্তা ভয়েস বিশ্লেষণ এবং শব্দ বৈশিষ্ট্য নির্ণয়ে নতুন সম্ভাবনা তৈরি করছে।
ai_bn_095.wav,voice data/ai/ai_bn_095.wav,ai,Neural TTS,bn-IN-BashkarNeural,Male,Bengali Synth,Bengali,4.0,16000,Codec Simulated,কৃত্রিম বুদ্ধিমত্তা ভয়েস বিশ্লেষণ এবং শব্দ বৈশিষ্ট্য নির্ণয়ে নতুন সম্ভাবনা তৈরি করছে।
ai_bn_096.wav,voice data/ai/ai_bn_096.wav,ai,Neural TTS,bn-IN-TanishaaNeural,Female,Bengali Synth,Bengali,4.0,16000,Codec Simulated,কৃত্রিম বুদ্ধিমত্তা ভয়েস বিশ্লেষণ এবং শব্দ বৈশিষ্ট্য নির্ণয়ে নতুন সম্ভাবনা তৈরি করছে।
ai_bn_097.wav,voice data/ai/ai_bn_097.wav,ai,Neural TTS,bn-IN-BashkarNeural,Male,Bengali Synth,Bengali,4.0,16000,Raw TTS,কৃত্রিম বুদ্ধিমত্তা ভয়েস বিশ্লেষণ এবং শব্দ বৈশিষ্ট্য নির্ণয়ে নতুন সম্ভাবনা তৈরি করছে।
ai_bn_098.wav,voice data/ai/ai_bn_098.wav,ai,Neural TTS,bn-IN-TanishaaNeural,Female,Bengali Synth,Bengali,4.0,16000,Raw TTS,কৃত্রিম বুদ্ধিমত্তা ভয়েস বিশ্লেষণ এবং শব্দ বৈশিষ্ট্য নির্ণয়ে নতুন সম্ভাবনা তৈরি করছে।
ai_bn_099.wav,voice data/ai/ai_bn_099.wav,ai,Neural TTS,bn-IN-BashkarNeural,Male,Bengali Synth,Bengali,4.0,16000,Raw TTS,কৃত্রিম বুদ্ধিমত্তা ভয়েস বিশ্লেষণ এবং শব্দ বৈশিষ্ট্য নির্ণয়ে নতুন সম্ভাবনা তৈরি করছে।
ai_bn_100.wav,voice data/ai/ai_bn_100.wav,ai,Neural TTS,bn-IN-TanishaaNeural,Female,Bengali Synth,Bengali,4.0,16000,Codec Simulated,কৃত্রিম বুদ্ধিমত্তা ভয়েস বিশ্লেষণ এবং শব্দ বৈশিষ্ট্য নির্ণয়ে নতুন সম্ভাবনা তৈরি করছে।
ai_te_001.wav,voice data/ai/ai_te_001.wav,ai,Neural TTS,te-IN-MohanNeural,Male,Telugu Synth,Telugu,4.0,16000,Codec Simulated,కృత్రిమ మేధస్సు మరియు వాయిస్ ప్రొసెసింగ్ ద్వారా శబ్ద విశ్లేషణ నిర్వహించబడుతుంది.
ai_te_002.wav,voice data/ai/ai_te_002.wav,ai,Neural TTS,te-IN-ShrutiNeural,Female,Telugu Synth,Telugu,4.0,16000,Raw TTS,కృత్రిమ మేధస్సు మరియు వాయిస్ ప్రొసెసింగ్ ద్వారా శబ్ద విశ్లేషణ నిర్వహించబడుతుంది.
ai_te_003.wav,voice data/ai/ai_te_003.wav,ai,Neural TTS,te-IN-MohanNeural,Male,Telugu Synth,Telugu,4.0,16000,Raw TTS,కృత్రిమ మేధస్సు మరియు వాయిస్ ప్రొసెసింగ్ ద్వారా శబ్ద విశ్లేషణ నిర్వహించబడుతుంది.
ai_te_004.wav,voice data/ai/ai_te_004.wav,ai,Neural TTS,te-IN-ShrutiNeural,Female,Telugu Synth,Telugu,4.0,16000,Raw TTS,కృత్రిమ మేధస్సు మరియు వాయిస్ ప్రొసెసింగ్ ద్వారా శబ్ద విశ్లేషణ నిర్వహించబడుతుంది.
ai_te_005.wav,voice data/ai/ai_te_005.wav,ai,Neural TTS,te-IN-MohanNeural,Male,Telugu Synth,Telugu,4.0,16000,Codec Simulated,కృత్రిమ మేధస్సు మరియు వాయిస్ ప్రొసెసింగ్ ద్వారా శబ్ద విశ్లేషణ నిర్వహించబడుతుంది.
ai_te_006.wav,voice data/ai/ai_te_006.wav,ai,Neural TTS,te-IN-ShrutiNeural,Female,Telugu Synth,Telugu,4.0,16000,Codec Simulated,కృత్రిమ మేధస్సు మరియు వాయిస్ ప్రొసెసింగ్ ద్వారా శబ్ద విశ్లేషణ నిర్వహించబడుతుంది.
ai_te_007.wav,voice data/ai/ai_te_007.wav,ai,Neural TTS,te-IN-MohanNeural,Male,Telugu Synth,Telugu,4.0,16000,Raw TTS,కృత్రిమ మేధస్సు మరియు వాయిస్ ప్రొసెసింగ్ ద్వారా శబ్ద విశ్లేషణ నిర్వహించబడుతుంది.
ai_te_008.wav,voice data/ai/ai_te_008.wav,ai,Neural TTS,te-IN-ShrutiNeural,Female,Telugu Synth,Telugu,4.0,16000,Raw TTS,కృత్రిమ మేధస్సు మరియు వాయిస్ ప్రొసెసింగ్ ద్వారా శబ్ద విశ్లేషణ నిర్వహించబడుతుంది.
ai_te_009.wav,voice data/ai/ai_te_009.wav,ai,Neural TTS,te-IN-MohanNeural,Male,Telugu Synth,Telugu,4.0,16000,Raw TTS,కృత్రిమ మేధస్సు మరియు వాయిస్ ప్రొసెసింగ్ ద్వారా శబ్ద విశ్లేషణ నిర్వహించబడుతుంది.
ai_te_010.wav,voice data/ai/ai_te_010.wav,ai,Neural TTS,te-IN-ShrutiNeural,Female,Telugu Synth,Telugu,4.0,16000,Codec Simulated,కృత్రిమ మేధస్సు మరియు వాయిస్ ప్రొసెసింగ్ ద్వారా శబ్ద విశ్లేషణ నిర్వహించబడుతుంది.
ai_te_011.wav,voice data/ai/ai_te_011.wav,ai,Neural TTS,te-IN-MohanNeural,Male,Telugu Synth,Telugu,4.0,16000,Codec Simulated,కృత్రిమ మేధస్సు మరియు వాయిస్ ప్రొసెసింగ్ ద్వారా శబ్ద విశ్లేషణ నిర్వహించబడుతుంది.
ai_te_012.wav,voice data/ai/ai_te_012.wav,ai,Neural TTS,te-IN-ShrutiNeural,Female,Telugu Synth,Telugu,4.0,16000,Raw TTS,కృత్రిమ మేధస్సు మరియు వాయిస్ ప్రొసెసింగ్ ద్వారా శబ్ద విశ్లేషణ నిర్వహించబడుతుంది.
ai_te_013.wav,voice data/ai/ai_te_013.wav,ai,Neural TTS,te-IN-MohanNeural,Male,Telugu Synth,Telugu,4.0,16000,Raw TTS,కృత్రిమ మేధస్సు మరియు వాయిస్ ప్రొసెసింగ్ ద్వారా శబ్ద విశ్లేషణ నిర్వహించబడుతుంది.
ai_te_014.wav,voice data/ai/ai_te_014.wav,ai,Neural TTS,te-IN-ShrutiNeural,Female,Telugu Synth,Telugu,4.0,16000,Raw TTS,కృత్రిమ మేధస్సు మరియు వాయిస్ ప్రొసెసింగ్ ద్వారా శబ్ద విశ్లేషణ నిర్వహించబడుతుంది.
ai_te_015.wav,voice data/ai/ai_te_015.wav,ai,Neural TTS,te-IN-MohanNeural,Male,Telugu Synth,Telugu,4.0,16000,Codec Simulated,కృత్రిమ మేధస్సు మరియు వాయిస్ ప్రొసెసింగ్ ద్వారా శబ్ద విశ్లేషణ నిర్వహించబడుతుంది.
ai_te_016.wav,voice data/ai/ai_te_016.wav,ai,Neural TTS,te-IN-ShrutiNeural,Female,Telugu Synth,Telugu,4.0,16000,Codec Simulated,కృత్రిమ మేధస్సు మరియు వాయిస్ ప్రొసెసింగ్ ద్వారా శబ్ద విశ్లేషణ నిర్వహించబడుతుంది.
ai_te_017.wav,voice data/ai/ai_te_017.wav,ai,Neural TTS,te-IN-MohanNeural,Male,Telugu Synth,Telugu,4.0,16000,Raw TTS,కృత్రిమ మేధస్సు మరియు వాయిస్ ప్రొసెసింగ్ ద్వారా శబ్ద విశ్లేషణ నిర్వహించబడుతుంది.
ai_te_018.wav,voice data/ai/ai_te_018.wav,ai,Neural TTS,te-IN-ShrutiNeural,Female,Telugu Synth,Telugu,4.0,16000,Raw TTS,కృత్రిమ మేధస్సు మరియు వాయిస్ ప్రొసెసింగ్ ద్వారా శబ్ద విశ్లేషణ నిర్వహించబడుతుంది.
ai_te_019.wav,voice data/ai/ai_te_019.wav,ai,Neural TTS,te-IN-MohanNeural,Male,Telugu Synth,Telugu,4.0,16000,Raw TTS,కృత్రిమ మేధస్సు మరియు వాయిస్ ప్రొసెసింగ్ ద్వారా శబ్ద విశ్లేషణ నిర్వహించబడుతుంది.
ai_te_020.wav,voice data/ai/ai_te_020.wav,ai,Neural TTS,te-IN-ShrutiNeural,Female,Telugu Synth,Telugu,4.0,16000,Codec Simulated,కృత్రిమ మేధస్సు మరియు వాయిస్ ప్రొసెసింగ్ ద్వారా శబ్ద విశ్లేషణ నిర్వహించబడుతుంది.
ai_te_021.wav,voice data/ai/ai_te_021.wav,ai,Neural TTS,te-IN-MohanNeural,Male,Telugu Synth,Telugu,4.0,16000,Codec Simulated,కృత్రిమ మేధస్సు మరియు వాయిస్ ప్రొసెసింగ్ ద్వారా శబ్ద విశ్లేషణ నిర్వహించబడుతుంది.
ai_te_022.wav,voice data/ai/ai_te_022.wav,ai,Neural TTS,te-IN-ShrutiNeural,Female,Telugu Synth,Telugu,4.0,16000,Raw TTS,కృత్రిమ మేధస్సు మరియు వాయిస్ ప్రొసెసింగ్ ద్వారా శబ్ద విశ్లేషణ నిర్వహించబడుతుంది.
ai_te_023.wav,voice data/ai/ai_te_023.wav,ai,Neural TTS,te-IN-MohanNeural,Male,Telugu Synth,Telugu,4.0,16000,Raw TTS,కృత్రిమ మేధస్సు మరియు వాయిస్ ప్రొసెసింగ్ ద్వారా శబ్ద విశ్లేషణ నిర్వహించబడుతుంది.
ai_te_024.wav,voice data/ai/ai_te_024.wav,ai,Neural TTS,te-IN-ShrutiNeural,Female,Telugu Synth,Telugu,4.0,16000,Raw TTS,కృత్రిమ మేధస్సు మరియు వాయిస్ ప్రొసెసింగ్ ద్వారా శబ్ద విశ్లేషణ నిర్వహించబడుతుంది.
ai_te_025.wav,voice data/ai/ai_te_025.wav,ai,Neural TTS,te-IN-MohanNeural,Male,Telugu Synth,Telugu,4.0,16000,Codec Simulated,కృత్రిమ మేధస్సు మరియు వాయిస్ ప్రొసెసింగ్ ద్వారా శబ్ద విశ్లేషణ నిర్వహించబడుతుంది.
ai_te_026.wav,voice data/ai/ai_te_026.wav,ai,Neural TTS,te-IN-ShrutiNeural,Female,Telugu Synth,Telugu,4.0,16000,Codec Simulated,కృత్రిమ మేధస్సు మరియు వాయిస్ ప్రొసెసింగ్ ద్వారా శబ్ద విశ్లేషణ నిర్వహించబడుతుంది.
ai_te_027.wav,voice data/ai/ai_te_027.wav,ai,Neural TTS,te-IN-MohanNeural,Male,Telugu Synth,Telugu,4.0,16000,Raw TTS,కృత్రిమ మేధస్సు మరియు వాయిస్ ప్రొసెసింగ్ ద్వారా శబ్ద విశ్లేషణ నిర్వహించబడుతుంది.
ai_te_028.wav,voice data/ai/ai_te_028.wav,ai,Neural TTS,te-IN-ShrutiNeural,Female,Telugu Synth,Telugu,4.0,16000,Raw TTS,కృత్రిమ మేధస్సు మరియు వాయిస్ ప్రొసెసింగ్ ద్వారా శబ్ద విశ్లేషణ నిర్వహించబడుతుంది.
ai_te_029.wav,voice data/ai/ai_te_029.wav,ai,Neural TTS,te-IN-MohanNeural,Male,Telugu Synth,Telugu,4.0,16000,Raw TTS,కృత్రిమ మేధస్సు మరియు వాయిస్ ప్రొసెసింగ్ ద్వారా శబ్ద విశ్లేషణ నిర్వహించబడుతుంది.
ai_te_030.wav,voice data/ai/ai_te_030.wav,ai,Neural TTS,te-IN-ShrutiNeural,Female,Telugu Synth,Telugu,4.0,16000,Codec Simulated,కృత్రిమ మేధస్సు మరియు వాయిస్ ప్రొసెసింగ్ ద్వారా శబ్ద విశ్లేషణ నిర్వహించబడుతుంది.
ai_te_031.wav,voice data/ai/ai_te_031.wav,ai,Neural TTS,te-IN-MohanNeural,Male,Telugu Synth,Telugu,4.0,16000,Codec Simulated,కృత్రిమ మేధస్సు మరియు వాయిస్ ప్రొసెసింగ్ ద్వారా శబ్ద విశ్లేషణ నిర్వహించబడుతుంది.
ai_te_032.wav,voice data/ai/ai_te_032.wav,ai,Neural TTS,te-IN-ShrutiNeural,Female,Telugu Synth,Telugu,4.0,16000,Raw TTS,కృత్రిమ మేధస్సు మరియు వాయిస్ ప్రొసెసింగ్ ద్వారా శబ్ద విశ్లేషణ నిర్వహించబడుతుంది.
ai_te_033.wav,voice data/ai/ai_te_033.wav,ai,Neural TTS,te-IN-MohanNeural,Male,Telugu Synth,Telugu,4.0,16000,Raw TTS,కృత్రిమ మేధస్సు మరియు వాయిస్ ప్రొసెసింగ్ ద్వారా శబ్ద విశ్లేషణ నిర్వహించబడుతుంది.
ai_te_034.wav,voice data/ai/ai_te_034.wav,ai,Neural TTS,te-IN-ShrutiNeural,Female,Telugu Synth,Telugu,4.0,16000,Raw TTS,కృత్రిమ మేధస్సు మరియు వాయిస్ ప్రొసెసింగ్ ద్వారా శబ్ద విశ్లేషణ నిర్వహించబడుతుంది.
ai_te_035.wav,voice data/ai/ai_te_035.wav,ai,Neural TTS,te-IN-MohanNeural,Male,Telugu Synth,Telugu,4.0,16000,Codec Simulated,కృత్రిమ మేధస్సు మరియు వాయిస్ ప్రొసెసింగ్ ద్వారా శబ్ద విశ్లేషణ నిర్వహించబడుతుంది.
ai_te_036.wav,voice data/ai/ai_te_036.wav,ai,Neural TTS,te-IN-ShrutiNeural,Female,Telugu Synth,Telugu,4.0,16000,Codec Simulated,కృత్రిమ మేధస్సు మరియు వాయిస్ ప్రొసెసింగ్ ద్వారా శబ్ద విశ్లేషణ నిర్వహించబడుతుంది.
ai_te_037.wav,voice data/ai/ai_te_037.wav,ai,Neural TTS,te-IN-MohanNeural,Male,Telugu Synth,Telugu,4.0,16000,Raw TTS,కృత్రిమ మేధస్సు మరియు వాయిస్ ప్రొసెసింగ్ ద్వారా శబ్ద విశ్లేషణ నిర్వహించబడుతుంది.
ai_te_038.wav,voice data/ai/ai_te_038.wav,ai,Neural TTS,te-IN-ShrutiNeural,Female,Telugu Synth,Telugu,4.0,16000,Raw TTS,కృత్రిమ మేధస్సు మరియు వాయిస్ ప్రొసెసింగ్ ద్వారా శబ్ద విశ్లేషణ నిర్వహించబడుతుంది.
ai_te_039.wav,voice data/ai/ai_te_039.wav,ai,Neural TTS,te-IN-MohanNeural,Male,Telugu Synth,Telugu,4.0,16000,Raw TTS,కృత్రిమ మేధస్సు మరియు వాయిస్ ప్రొసెసింగ్ ద్వారా శబ్ద విశ్లేషణ నిర్వహించబడుతుంది.
ai_te_040.wav,voice data/ai/ai_te_040.wav,ai,Neural TTS,te-IN-ShrutiNeural,Female,Telugu Synth,Telugu,4.0,16000,Codec Simulated,కృత్రిమ మేధస్సు మరియు వాయిస్ ప్రొసెసింగ్ ద్వారా శబ్ద విశ్లేషణ నిర్వహించబడుతుంది.
ai_te_041.wav,voice data/ai/ai_te_041.wav,ai,Neural TTS,te-IN-MohanNeural,Male,Telugu Synth,Telugu,4.0,16000,Codec Simulated,కృత్రిమ మేధస్సు మరియు వాయిస్ ప్రొసెసింగ్ ద్వారా శబ్ద విశ్లేషణ నిర్వహించబడుతుంది.
ai_te_042.wav,voice data/ai/ai_te_042.wav,ai,Neural TTS,te-IN-ShrutiNeural,Female,Telugu Synth,Telugu,4.0,16000,Raw TTS,కృత్రిమ మేధస్సు మరియు వాయిస్ ప్రొసెసింగ్ ద్వారా శబ్ద విశ్లేషణ నిర్వహించబడుతుంది.
ai_te_043.wav,voice data/ai/ai_te_043.wav,ai,Neural TTS,te-IN-MohanNeural,Male,Telugu Synth,Telugu,4.0,16000,Raw TTS,కృత్రిమ మేధస్సు మరియు వాయిస్ ప్రొసెసింగ్ ద్వారా శబ్ద విశ్లేషణ నిర్వహించబడుతుంది.
ai_te_044.wav,voice data/ai/ai_te_044.wav,ai,Neural TTS,te-IN-ShrutiNeural,Female,Telugu Synth,Telugu,4.0,16000,Raw TTS,కృత్రిమ మేధస్సు మరియు వాయిస్ ప్రొసెసింగ్ ద్వారా శబ్ద విశ్లేషణ నిర్వహించబడుతుంది.
ai_te_045.wav,voice data/ai/ai_te_045.wav,ai,Neural TTS,te-IN-MohanNeural,Male,Telugu Synth,Telugu,4.0,16000,Codec Simulated,కృత్రిమ మేధస్సు మరియు వాయిస్ ప్రొసెసింగ్ ద్వారా శబ్ద విశ్లేషణ నిర్వహించబడుతుంది.
ai_te_046.wav,voice data/ai/ai_te_046.wav,ai,Neural TTS,te-IN-ShrutiNeural,Female,Telugu Synth,Telugu,4.0,16000,Codec Simulated,కృత్రిమ మేధస్సు మరియు వాయిస్ ప్రొసెసింగ్ ద్వారా శబ్ద విశ్లేషణ నిర్వహించబడుతుంది.
ai_te_047.wav,voice data/ai/ai_te_047.wav,ai,Neural TTS,te-IN-MohanNeural,Male,Telugu Synth,Telugu,4.0,16000,Raw TTS,కృత్రిమ మేధస్సు మరియు వాయిస్ ప్రొసెసింగ్ ద్వారా శబ్ద విశ్లేషణ నిర్వహించబడుతుంది.
ai_te_048.wav,voice data/ai/ai_te_048.wav,ai,Neural TTS,te-IN-ShrutiNeural,Female,Telugu Synth,Telugu,4.0,16000,Raw TTS,కృత్రిమ మేధస్సు మరియు వాయిస్ ప్రొసెసింగ్ ద్వారా శబ్ద విశ్లేషణ నిర్వహించబడుతుంది.
ai_te_049.wav,voice data/ai/ai_te_049.wav,ai,Neural TTS,te-IN-MohanNeural,Male,Telugu Synth,Telugu,4.0,16000,Raw TTS,కృత్రిమ మేధస్సు మరియు వాయిస్ ప్రొసెసింగ్ ద్వారా శబ్ద విశ్లేషణ నిర్వహించబడుతుంది.
ai_te_050.wav,voice data/ai/ai_te_050.wav,ai,Neural TTS,te-IN-ShrutiNeural,Female,Telugu Synth,Telugu,4.0,16000,Codec Simulated,కృత్రిమ మేధస్సు మరియు వాయిస్ ప్రొసెసింగ్ ద్వారా శబ్ద విశ్లేషణ నిర్వహించబడుతుంది.
ai_te_051.wav,voice data/ai/ai_te_051.wav,ai,Neural TTS,te-IN-MohanNeural,Male,Telugu Synth,Telugu,4.0,16000,Codec Simulated,కృత్రిమ మేధస్సు మరియు వాయిస్ ప్రొసెసింగ్ ద్వారా శబ్ద విశ్లేషణ నిర్వహించబడుతుంది.
ai_te_052.wav,voice data/ai/ai_te_052.wav,ai,Neural TTS,te-IN-ShrutiNeural,Female,Telugu Synth,Telugu,4.0,16000,Raw TTS,కృత్రిమ మేధస్సు మరియు వాయిస్ ప్రొసెసింగ్ ద్వారా శబ్ద విశ్లేషణ నిర్వహించబడుతుంది.
ai_te_053.wav,voice data/ai/ai_te_053.wav,ai,Neural TTS,te-IN-MohanNeural,Male,Telugu Synth,Telugu,4.0,16000,Raw TTS,కృత్రిమ మేధస్సు మరియు వాయిస్ ప్రొసెసింగ్ ద్వారా శబ్ద విశ్లేషణ నిర్వహించబడుతుంది.
ai_te_054.wav,voice data/ai/ai_te_054.wav,ai,Neural TTS,te-IN-ShrutiNeural,Female,Telugu Synth,Telugu,4.0,16000,Raw TTS,కృత్రిమ మేధస్సు మరియు వాయిస్ ప్రొసెసింగ్ ద్వారా శబ్ద విశ్లేషణ నిర్వహించబడుతుంది.
ai_te_055.wav,voice data/ai/ai_te_055.wav,ai,Neural TTS,te-IN-MohanNeural,Male,Telugu Synth,Telugu,4.0,16000,Codec Simulated,కృత్రిమ మేధస్సు మరియు వాయిస్ ప్రొసెసింగ్ ద్వారా శబ్ద విశ్లేషణ నిర్వహించబడుతుంది.
ai_te_056.wav,voice data/ai/ai_te_056.wav,ai,Neural TTS,te-IN-ShrutiNeural,Female,Telugu Synth,Telugu,4.0,16000,Codec Simulated,కృత్రిమ మేధస్సు మరియు వాయిస్ ప్రొసెసింగ్ ద్వారా శబ్ద విశ్లేషణ నిర్వహించబడుతుంది.
ai_te_057.wav,voice data/ai/ai_te_057.wav,ai,Neural TTS,te-IN-MohanNeural,Male,Telugu Synth,Telugu,4.0,16000,Raw TTS,కృత్రిమ మేధస్సు మరియు వాయిస్ ప్రొసెసింగ్ ద్వారా శబ్ద విశ్లేషణ నిర్వహించబడుతుంది.
ai_te_058.wav,voice data/ai/ai_te_058.wav,ai,Neural TTS,te-IN-ShrutiNeural,Female,Telugu Synth,Telugu,4.0,16000,Raw TTS,కృత్రిమ మేధస్సు మరియు వాయిస్ ప్రొసెసింగ్ ద్వారా శబ్ద విశ్లేషణ నిర్వహించబడుతుంది.
ai_te_059.wav,voice data/ai/ai_te_059.wav,ai,Neural TTS,te-IN-MohanNeural,Male,Telugu Synth,Telugu,4.0,16000,Raw TTS,కృత్రిమ మేధస్సు మరియు వాయిస్ ప్రొసెసింగ్ ద్వారా శబ్ద విశ్లేషణ నిర్వహించబడుతుంది.
ai_te_060.wav,voice data/ai/ai_te_060.wav,ai,Neural TTS,te-IN-ShrutiNeural,Female,Telugu Synth,Telugu,4.0,16000,Codec Simulated,కృత్రిమ మేధస్సు మరియు వాయిస్ ప్రొసెసింగ్ ద్వారా శబ్ద విశ్లేషణ నిర్వహించబడుతుంది.
ai_te_061.wav,voice data/ai/ai_te_061.wav,ai,Neural TTS,te-IN-MohanNeural,Male,Telugu Synth,Telugu,4.0,16000,Codec Simulated,కృత్రిమ మేధస్సు మరియు వాయిస్ ప్రొసెసింగ్ ద్వారా శబ్ద విశ్లేషణ నిర్వహించబడుతుంది.
ai_te_062.wav,voice data/ai/ai_te_062.wav,ai,Neural TTS,te-IN-ShrutiNeural,Female,Telugu Synth,Telugu,4.0,16000,Raw TTS,కృత్రిమ మేధస్సు మరియు వాయిస్ ప్రొసెసింగ్ ద్వారా శబ్ద విశ్లేషణ నిర్వహించబడుతుంది.
ai_te_063.wav,voice data/ai/ai_te_063.wav,ai,Neural TTS,te-IN-MohanNeural,Male,Telugu Synth,Telugu,4.0,16000,Raw TTS,కృత్రిమ మేధస్సు మరియు వాయిస్ ప్రొసెసింగ్ ద్వారా శబ్ద విశ్లేషణ నిర్వహించబడుతుంది.
ai_te_064.wav,voice data/ai/ai_te_064.wav,ai,Neural TTS,te-IN-ShrutiNeural,Female,Telugu Synth,Telugu,4.0,16000,Raw TTS,కృత్రిమ మేధస్సు మరియు వాయిస్ ప్రొసెసింగ్ ద్వారా శబ్ద విశ్లేషణ నిర్వహించబడుతుంది.
ai_te_065.wav,voice data/ai/ai_te_065.wav,ai,Neural TTS,te-IN-MohanNeural,Male,Telugu Synth,Telugu,4.0,16000,Codec Simulated,కృత్రిమ మేధస్సు మరియు వాయిస్ ప్రొసెసింగ్ ద్వారా శబ్ద విశ్లేషణ నిర్వహించబడుతుంది.
ai_te_066.wav,voice data/ai/ai_te_066.wav,ai,Neural TTS,te-IN-ShrutiNeural,Female,Telugu Synth,Telugu,4.0,16000,Codec Simulated,కృత్రిమ మేధస్సు మరియు వాయిస్ ప్రొసెసింగ్ ద్వారా శబ్ద విశ్లేషణ నిర్వహించబడుతుంది.
ai_te_067.wav,voice data/ai/ai_te_067.wav,ai,Neural TTS,te-IN-MohanNeural,Male,Telugu Synth,Telugu,4.0,16000,Raw TTS,కృత్రిమ మేధస్సు మరియు వాయిస్ ప్రొసెసింగ్ ద్వారా శబ్ద విశ్లేషణ నిర్వహించబడుతుంది.
ai_te_068.wav,voice data/ai/ai_te_068.wav,ai,Neural TTS,te-IN-ShrutiNeural,Female,Telugu Synth,Telugu,4.0,16000,Raw TTS,కృత్రిమ మేధస్సు మరియు వాయిస్ ప్రొసెసింగ్ ద్వారా శబ్ద విశ్లేషణ నిర్వహించబడుతుంది.
ai_te_069.wav,voice data/ai/ai_te_069.wav,ai,Neural TTS,te-IN-MohanNeural,Male,Telugu Synth,Telugu,4.0,16000,Raw TTS,కృత్రిమ మేధస్సు మరియు వాయిస్ ప్రొసెసింగ్ ద్వారా శబ్ద విశ్లేషణ నిర్వహించబడుతుంది.
ai_te_070.wav,voice data/ai/ai_te_070.wav,ai,Neural TTS,te-IN-ShrutiNeural,Female,Telugu Synth,Telugu,4.0,16000,Codec Simulated,కృత్రిమ మేధస్సు మరియు వాయిస్ ప్రొసెసింగ్ ద్వారా శబ్ద విశ్లేషణ నిర్వహించబడుతుంది.
ai_te_071.wav,voice data/ai/ai_te_071.wav,ai,Neural TTS,te-IN-MohanNeural,Male,Telugu Synth,Telugu,4.0,16000,Codec Simulated,కృత్రిమ మేధస్సు మరియు వాయిస్ ప్రొసెసింగ్ ద్వారా శబ్ద విశ్లేషణ నిర్వహించబడుతుంది.
ai_te_072.wav,voice data/ai/ai_te_072.wav,ai,Neural TTS,te-IN-ShrutiNeural,Female,Telugu Synth,Telugu,4.0,16000,Raw TTS,కృత్రిమ మేధస్సు మరియు వాయిస్ ప్రొసెసింగ్ ద్వారా శబ్ద విశ్లేషణ నిర్వహించబడుతుంది.
ai_te_073.wav,voice data/ai/ai_te_073.wav,ai,Neural TTS,te-IN-MohanNeural,Male,Telugu Synth,Telugu,4.0,16000,Raw TTS,కృత్రిమ మేధస్సు మరియు వాయిస్ ప్రొసెసింగ్ ద్వారా శబ్ద విశ్లేషణ నిర్వహించబడుతుంది.
ai_te_074.wav,voice data/ai/ai_te_074.wav,ai,Neural TTS,te-IN-ShrutiNeural,Female,Telugu Synth,Telugu,4.0,16000,Raw TTS,కృత్రిమ మేధస్సు మరియు వాయిస్ ప్రొసెసింగ్ ద్వారా శబ్ద విశ్లేషణ నిర్వహించబడుతుంది.
ai_te_075.wav,voice data/ai/ai_te_075.wav,ai,Neural TTS,te-IN-MohanNeural,Male,Telugu Synth,Telugu,4.0,16000,Codec Simulated,కృత్రిమ మేధస్సు మరియు వాయిస్ ప్రొసెసింగ్ ద్వారా శబ్ద విశ్లేషణ నిర్వహించబడుతుంది.
ai_te_076.wav,voice data/ai/ai_te_076.wav,ai,Neural TTS,te-IN-ShrutiNeural,Female,Telugu Synth,Telugu,4.0,16000,Codec Simulated,కృత్రిమ మేధస్సు మరియు వాయిస్ ప్రొసెసింగ్ ద్వారా శబ్ద విశ్లేషణ నిర్వహించబడుతుంది.
ai_te_077.wav,voice data/ai/ai_te_077.wav,ai,Neural TTS,te-IN-MohanNeural,Male,Telugu Synth,Telugu,4.0,16000,Raw TTS,కృత్రిమ మేధస్సు మరియు వాయిస్ ప్రొసెసింగ్ ద్వారా శబ్ద విశ్లేషణ నిర్వహించబడుతుంది.
ai_te_078.wav,voice data/ai/ai_te_078.wav,ai,Neural TTS,te-IN-ShrutiNeural,Female,Telugu Synth,Telugu,4.0,16000,Raw TTS,కృత్రిమ మేధస్సు మరియు వాయిస్ ప్రొసెసింగ్ ద్వారా శబ్ద విశ్లేషణ నిర్వహించబడుతుంది.
ai_te_079.wav,voice data/ai/ai_te_079.wav,ai,Neural TTS,te-IN-MohanNeural,Male,Telugu Synth,Telugu,4.0,16000,Raw TTS,కృత్రిమ మేధస్సు మరియు వాయిస్ ప్రొసెసింగ్ ద్వారా శబ్ద విశ్లేషణ నిర్వహించబడుతుంది.
ai_te_080.wav,voice data/ai/ai_te_080.wav,ai,Neural TTS,te-IN-ShrutiNeural,Female,Telugu Synth,Telugu,4.0,16000,Codec Simulated,కృత్రిమ మేధస్సు మరియు వాయిస్ ప్రొసెసింగ్ ద్వారా శబ్ద విశ్లేషణ నిర్వహించబడుతుంది.
ai_te_081.wav,voice data/ai/ai_te_081.wav,ai,Neural TTS,te-IN-MohanNeural,Male,Telugu Synth,Telugu,4.0,16000,Codec Simulated,కృత్రిమ మేధస్సు మరియు వాయిస్ ప్రొసెసింగ్ ద్వారా శబ్ద విశ్లేషణ నిర్వహించబడుతుంది.
ai_te_082.wav,voice data/ai/ai_te_082.wav,ai,Neural TTS,te-IN-ShrutiNeural,Female,Telugu Synth,Telugu,4.0,16000,Raw TTS,కృత్రిమ మేధస్సు మరియు వాయిస్ ప్రొసెసింగ్ ద్వారా శబ్ద విశ్లేషణ నిర్వహించబడుతుంది.
ai_te_083.wav,voice data/ai/ai_te_083.wav,ai,Neural TTS,te-IN-MohanNeural,Male,Telugu Synth,Telugu,4.0,16000,Raw TTS,కృత్రిమ మేధస్సు మరియు వాయిస్ ప్రొసెసింగ్ ద్వారా శబ్ద విశ్లేషణ నిర్వహించబడుతుంది.
ai_te_084.wav,voice data/ai/ai_te_084.wav,ai,Neural TTS,te-IN-ShrutiNeural,Female,Telugu Synth,Telugu,4.0,16000,Raw TTS,కృత్రిమ మేధస్సు మరియు వాయిస్ ప్రొసెసింగ్ ద్వారా శబ్ద విశ్లేషణ నిర్వహించబడుతుంది.
ai_te_085.wav,voice data/ai/ai_te_085.wav,ai,Neural TTS,te-IN-MohanNeural,Male,Telugu Synth,Telugu,4.0,16000,Codec Simulated,కృత్రిమ మేధస్సు మరియు వాయిస్ ప్రొసెసింగ్ ద్వారా శబ్ద విశ్లేషణ నిర్వహించబడుతుంది.
ai_te_086.wav,voice data/ai/ai_te_086.wav,ai,Neural TTS,te-IN-ShrutiNeural,Female,Telugu Synth,Telugu,4.0,16000,Codec Simulated,కృత్రిమ మేధస్సు మరియు వాయిస్ ప్రొసెసింగ్ ద్వారా శబ్ద విశ్లేషణ నిర్వహించబడుతుంది.
ai_te_087.wav,voice data/ai/ai_te_087.wav,ai,Neural TTS,te-IN-MohanNeural,Male,Telugu Synth,Telugu,4.0,16000,Raw TTS,కృత్రిమ మేధస్సు మరియు వాయిస్ ప్రొసెసింగ్ ద్వారా శబ్ద విశ్లేషణ నిర్వహించబడుతుంది.
ai_te_088.wav,voice data/ai/ai_te_088.wav,ai,Neural TTS,te-IN-ShrutiNeural,Female,Telugu Synth,Telugu,4.0,16000,Raw TTS,కృత్రిమ మేధస్సు మరియు వాయిస్ ప్రొసెసింగ్ ద్వారా శబ్ద విశ్లేషణ నిర్వహించబడుతుంది.
ai_te_089.wav,voice data/ai/ai_te_089.wav,ai,Neural TTS,te-IN-MohanNeural,Male,Telugu Synth,Telugu,4.0,16000,Raw TTS,కృత్రిమ మేధస్సు మరియు వాయిస్ ప్రొసెసింగ్ ద్వారా శబ్ద విశ్లేషణ నిర్వహించబడుతుంది.
ai_te_090.wav,voice data/ai/ai_te_090.wav,ai,Neural TTS,te-IN-ShrutiNeural,Female,Telugu Synth,Telugu,4.0,16000,Codec Simulated,కృత్రిమ మేధస్సు మరియు వాయిస్ ప్రొసెసింగ్ ద్వారా శబ్ద విశ్లేషణ నిర్వహించబడుతుంది.
ai_te_091.wav,voice data/ai/ai_te_091.wav,ai,Neural TTS,te-IN-MohanNeural,Male,Telugu Synth,Telugu,4.0,16000,Codec Simulated,కృత్రిమ మేధస్సు మరియు వాయిస్ ప్రొసెసింగ్ ద్వారా శబ్ద విశ్లేషణ నిర్వహించబడుతుంది.
ai_te_092.wav,voice data/ai/ai_te_092.wav,ai,Neural TTS,te-IN-ShrutiNeural,Female,Telugu Synth,Telugu,4.0,16000,Raw TTS,కృత్రిమ మేధస్సు మరియు వాయిస్ ప్రొసెసింగ్ ద్వారా శబ్ద విశ్లేషణ నిర్వహించబడుతుంది.
ai_te_093.wav,voice data/ai/ai_te_093.wav,ai,Neural TTS,te-IN-MohanNeural,Male,Telugu Synth,Telugu,4.0,16000,Raw TTS,కృత్రిమ మేధస్సు మరియు వాయిస్ ప్రొసెసింగ్ ద్వారా శబ్ద విశ్లేషణ నిర్వహించబడుతుంది.
ai_te_094.wav,voice data/ai/ai_te_094.wav,ai,Neural TTS,te-IN-ShrutiNeural,Female,Telugu Synth,Telugu,4.0,16000,Raw TTS,కృత్రిమ మేధస్సు మరియు వాయిస్ ప్రొసెసింగ్ ద్వారా శబ్ద విశ్లేషణ నిర్వహించబడుతుంది.
ai_te_095.wav,voice data/ai/ai_te_095.wav,ai,Neural TTS,te-IN-MohanNeural,Male,Telugu Synth,Telugu,4.0,16000,Codec Simulated,కృత్రిమ మేధస్సు మరియు వాయిస్ ప్రొసెసింగ్ ద్వారా శబ్ద విశ్లేషణ నిర్వహించబడుతుంది.
ai_te_096.wav,voice data/ai/ai_te_096.wav,ai,Neural TTS,te-IN-ShrutiNeural,Female,Telugu Synth,Telugu,4.0,16000,Codec Simulated,కృత్రిమ మేధస్సు మరియు వాయిస్ ప్రొసెసింగ్ ద్వారా శబ్ద విశ్లేషణ నిర్వహించబడుతుంది.
ai_te_097.wav,voice data/ai/ai_te_097.wav,ai,Neural TTS,te-IN-MohanNeural,Male,Telugu Synth,Telugu,4.0,16000,Raw TTS,కృత్రిమ మేధస్సు మరియు వాయిస్ ప్రొసెసింగ్ ద్వారా శబ్ద విశ్లేషణ నిర్వహించబడుతుంది.
ai_te_098.wav,voice data/ai/ai_te_098.wav,ai,Neural TTS,te-IN-ShrutiNeural,Female,Telugu Synth,Telugu,4.0,16000,Raw TTS,కృత్రిమ మేధస్సు మరియు వాయిస్ ప్రొసెసింగ్ ద్వారా శబ్ద విశ్లేషణ నిర్వహించబడుతుంది.
ai_te_099.wav,voice data/ai/ai_te_099.wav,ai,Neural TTS,te-IN-MohanNeural,Male,Telugu Synth,Telugu,4.0,16000,Raw TTS,కృత్రిమ మేధస్సు మరియు వాయిస్ ప్రొసెసింగ్ ద్వారా శబ్ద విశ్లేషణ నిర్వహించబడుతుంది.
ai_te_100.wav,voice data/ai/ai_te_100.wav,ai,Neural TTS,te-IN-ShrutiNeural,Female,Telugu Synth,Telugu,4.0,16000,Codec Simulated,కృత్రిమ మేధస్సు మరియు వాయిస్ ప్రొసెసింగ్ ద్వారా శబ్ద విశ్లేషణ నిర్వహించబడుతుంది.
ai_ta_001.wav,voice data/ai/ai_ta_001.wav,ai,Neural TTS,ta-IN-ValluvarNeural,Male,Tamil Synth,Tamil,4.0,16000,Codec Simulated,செயற்கை நுண்ணறிவு குரல் பகுப்பாய்வு தொழில்நுட்பம் ஒலி அமைப்புகளை ஆராய்கிறது.
ai_ta_002.wav,voice data/ai/ai_ta_002.wav,ai,Neural TTS,ta-IN-PallaviNeural,Female,Tamil Synth,Tamil,4.0,16000,Raw TTS,செயற்கை நுண்ணறிவு குரல் பகுப்பாய்வு தொழில்நுட்பம் ஒலி அமைப்புகளை ஆராய்கிறது.
ai_ta_003.wav,voice data/ai/ai_ta_003.wav,ai,Neural TTS,ta-IN-ValluvarNeural,Male,Tamil Synth,Tamil,4.0,16000,Raw TTS,செயற்கை நுண்ணறிவு குரல் பகுப்பாய்வு தொழில்நுட்பம் ஒலி அமைப்புகளை ஆராய்கிறது.
ai_ta_004.wav,voice data/ai/ai_ta_004.wav,ai,Neural TTS,ta-IN-PallaviNeural,Female,Tamil Synth,Tamil,4.0,16000,Raw TTS,செயற்கை நுண்ணறிவு குரல் பகுப்பாய்வு தொழில்நுட்பம் ஒலி அமைப்புகளை ஆராய்கிறது.
ai_ta_005.wav,voice data/ai/ai_ta_005.wav,ai,Neural TTS,ta-IN-ValluvarNeural,Male,Tamil Synth,Tamil,4.0,16000,Codec Simulated,செயற்கை நுண்ணறிவு குரல் பகுப்பாய்வு தொழில்நுட்பம் ஒலி அமைப்புகளை ஆராய்கிறது.
ai_ta_006.wav,voice data/ai/ai_ta_006.wav,ai,Neural TTS,ta-IN-PallaviNeural,Female,Tamil Synth,Tamil,4.0,16000,Codec Simulated,செயற்கை நுண்ணறிவு குரல் பகுப்பாய்வு தொழில்நுட்பம் ஒலி அமைப்புகளை ஆராய்கிறது.
ai_ta_007.wav,voice data/ai/ai_ta_007.wav,ai,Neural TTS,ta-IN-ValluvarNeural,Male,Tamil Synth,Tamil,4.0,16000,Raw TTS,செயற்கை நுண்ணறிவு குரல் பகுப்பாய்வு தொழில்நுட்பம் ஒலி அமைப்புகளை ஆராய்கிறது.
ai_ta_008.wav,voice data/ai/ai_ta_008.wav,ai,Neural TTS,ta-IN-PallaviNeural,Female,Tamil Synth,Tamil,4.0,16000,Raw TTS,செயற்கை நுண்ணறிவு குரல் பகுப்பாய்வு தொழில்நுட்பம் ஒலி அமைப்புகளை ஆராய்கிறது.
ai_ta_009.wav,voice data/ai/ai_ta_009.wav,ai,Neural TTS,ta-IN-ValluvarNeural,Male,Tamil Synth,Tamil,4.0,16000,Raw TTS,செயற்கை நுண்ணறிவு குரல் பகுப்பாய்வு தொழில்நுட்பம் ஒலி அமைப்புகளை ஆராய்கிறது.
ai_ta_010.wav,voice data/ai/ai_ta_010.wav,ai,Neural TTS,ta-IN-PallaviNeural,Female,Tamil Synth,Tamil,4.0,16000,Codec Simulated,செயற்கை நுண்ணறிவு குரல் பகுப்பாய்வு தொழில்நுட்பம் ஒலி அமைப்புகளை ஆராய்கிறது.
ai_ta_011.wav,voice data/ai/ai_ta_011.wav,ai,Neural TTS,ta-IN-ValluvarNeural,Male,Tamil Synth,Tamil,4.0,16000,Codec Simulated,செயற்கை நுண்ணறிவு குரல் பகுப்பாய்வு தொழில்நுட்பம் ஒலி அமைப்புகளை ஆராய்கிறது.
ai_ta_012.wav,voice data/ai/ai_ta_012.wav,ai,Neural TTS,ta-IN-PallaviNeural,Female,Tamil Synth,Tamil,4.0,16000,Raw TTS,செயற்கை நுண்ணறிவு குரல் பகுப்பாய்வு தொழில்நுட்பம் ஒலி அமைப்புகளை ஆராய்கிறது.
ai_ta_013.wav,voice data/ai/ai_ta_013.wav,ai,Neural TTS,ta-IN-ValluvarNeural,Male,Tamil Synth,Tamil,4.0,16000,Raw TTS,செயற்கை நுண்ணறிவு குரல் பகுப்பாய்வு தொழில்நுட்பம் ஒலி அமைப்புகளை ஆராய்கிறது.
ai_ta_014.wav,voice data/ai/ai_ta_014.wav,ai,Neural TTS,ta-IN-PallaviNeural,Female,Tamil Synth,Tamil,4.0,16000,Raw TTS,செயற்கை நுண்ணறிவு குரல் பகுப்பாய்வு தொழில்நுட்பம் ஒலி அமைப்புகளை ஆராய்கிறது.
ai_ta_015.wav,voice data/ai/ai_ta_015.wav,ai,Neural TTS,ta-IN-ValluvarNeural,Male,Tamil Synth,Tamil,4.0,16000,Codec Simulated,செயற்கை நுண்ணறிவு குரல் பகுப்பாய்வு தொழில்நுட்பம் ஒலி அமைப்புகளை ஆராய்கிறது.
ai_ta_016.wav,voice data/ai/ai_ta_016.wav,ai,Neural TTS,ta-IN-PallaviNeural,Female,Tamil Synth,Tamil,4.0,16000,Codec Simulated,செயற்கை நுண்ணறிவு குரல் பகுப்பாய்வு தொழில்நுட்பம் ஒலி அமைப்புகளை ஆராய்கிறது.
ai_ta_017.wav,voice data/ai/ai_ta_017.wav,ai,Neural TTS,ta-IN-ValluvarNeural,Male,Tamil Synth,Tamil,4.0,16000,Raw TTS,செயற்கை நுண்ணறிவு குரல் பகுப்பாய்வு தொழில்நுட்பம் ஒலி அமைப்புகளை ஆராய்கிறது.
ai_ta_018.wav,voice data/ai/ai_ta_018.wav,ai,Neural TTS,ta-IN-PallaviNeural,Female,Tamil Synth,Tamil,4.0,16000,Raw TTS,செயற்கை நுண்ணறிவு குரல் பகுப்பாய்வு தொழில்நுட்பம் ஒலி அமைப்புகளை ஆராய்கிறது.
ai_ta_019.wav,voice data/ai/ai_ta_019.wav,ai,Neural TTS,ta-IN-ValluvarNeural,Male,Tamil Synth,Tamil,4.0,16000,Raw TTS,செயற்கை நுண்ணறிவு குரல் பகுப்பாய்வு தொழில்நுட்பம் ஒலி அமைப்புகளை ஆராய்கிறது.
ai_ta_020.wav,voice data/ai/ai_ta_020.wav,ai,Neural TTS,ta-IN-PallaviNeural,Female,Tamil Synth,Tamil,4.0,16000,Codec Simulated,செயற்கை நுண்ணறிவு குரல் பகுப்பாய்வு தொழில்நுட்பம் ஒலி அமைப்புகளை ஆராய்கிறது.
ai_ta_021.wav,voice data/ai/ai_ta_021.wav,ai,Neural TTS,ta-IN-ValluvarNeural,Male,Tamil Synth,Tamil,4.0,16000,Codec Simulated,செயற்கை நுண்ணறிவு குரல் பகுப்பாய்வு தொழில்நுட்பம் ஒலி அமைப்புகளை ஆராய்கிறது.
ai_ta_022.wav,voice data/ai/ai_ta_022.wav,ai,Neural TTS,ta-IN-PallaviNeural,Female,Tamil Synth,Tamil,4.0,16000,Raw TTS,செயற்கை நுண்ணறிவு குரல் பகுப்பாய்வு தொழில்நுட்பம் ஒலி அமைப்புகளை ஆராய்கிறது.
ai_ta_023.wav,voice data/ai/ai_ta_023.wav,ai,Neural TTS,ta-IN-ValluvarNeural,Male,Tamil Synth,Tamil,4.0,16000,Raw TTS,செயற்கை நுண்ணறிவு குரல் பகுப்பாய்வு தொழில்நுட்பம் ஒலி அமைப்புகளை ஆராய்கிறது.
ai_ta_024.wav,voice data/ai/ai_ta_024.wav,ai,Neural TTS,ta-IN-PallaviNeural,Female,Tamil Synth,Tamil,4.0,16000,Raw TTS,செயற்கை நுண்ணறிவு குரல் பகுப்பாய்வு தொழில்நுட்பம் ஒலி அமைப்புகளை ஆராய்கிறது.
ai_ta_025.wav,voice data/ai/ai_ta_025.wav,ai,Neural TTS,ta-IN-ValluvarNeural,Male,Tamil Synth,Tamil,4.0,16000,Codec Simulated,செயற்கை நுண்ணறிவு குரல் பகுப்பாய்வு தொழில்நுட்பம் ஒலி அமைப்புகளை ஆராய்கிறது.
ai_ta_026.wav,voice data/ai/ai_ta_026.wav,ai,Neural TTS,ta-IN-PallaviNeural,Female,Tamil Synth,Tamil,4.0,16000,Codec Simulated,செயற்கை நுண்ணறிவு குரல் பகுப்பாய்வு தொழில்நுட்பம் ஒலி அமைப்புகளை ஆராய்கிறது.
ai_ta_027.wav,voice data/ai/ai_ta_027.wav,ai,Neural TTS,ta-IN-ValluvarNeural,Male,Tamil Synth,Tamil,4.0,16000,Raw TTS,செயற்கை நுண்ணறிவு குரல் பகுப்பாய்வு தொழில்நுட்பம் ஒலி அமைப்புகளை ஆராய்கிறது.
ai_ta_028.wav,voice data/ai/ai_ta_028.wav,ai,Neural TTS,ta-IN-PallaviNeural,Female,Tamil Synth,Tamil,4.0,16000,Raw TTS,செயற்கை நுண்ணறிவு குரல் பகுப்பாய்வு தொழில்நுட்பம் ஒலி அமைப்புகளை ஆராய்கிறது.
ai_ta_029.wav,voice data/ai/ai_ta_029.wav,ai,Neural TTS,ta-IN-ValluvarNeural,Male,Tamil Synth,Tamil,4.0,16000,Raw TTS,செயற்கை நுண்ணறிவு குரல் பகுப்பாய்வு தொழில்நுட்பம் ஒலி அமைப்புகளை ஆராய்கிறது.
ai_ta_030.wav,voice data/ai/ai_ta_030.wav,ai,Neural TTS,ta-IN-PallaviNeural,Female,Tamil Synth,Tamil,4.0,16000,Codec Simulated,செயற்கை நுண்ணறிவு குரல் பகுப்பாய்வு தொழில்நுட்பம் ஒலி அமைப்புகளை ஆராய்கிறது.
ai_ta_031.wav,voice data/ai/ai_ta_031.wav,ai,Neural TTS,ta-IN-ValluvarNeural,Male,Tamil Synth,Tamil,4.0,16000,Codec Simulated,செயற்கை நுண்ணறிவு குரல் பகுப்பாய்வு தொழில்நுட்பம் ஒலி அமைப்புகளை ஆராய்கிறது.
ai_ta_032.wav,voice data/ai/ai_ta_032.wav,ai,Neural TTS,ta-IN-PallaviNeural,Female,Tamil Synth,Tamil,4.0,16000,Raw TTS,செயற்கை நுண்ணறிவு குரல் பகுப்பாய்வு தொழில்நுட்பம் ஒலி அமைப்புகளை ஆராய்கிறது.
ai_ta_033.wav,voice data/ai/ai_ta_033.wav,ai,Neural TTS,ta-IN-ValluvarNeural,Male,Tamil Synth,Tamil,4.0,16000,Raw TTS,செயற்கை நுண்ணறிவு குரல் பகுப்பாய்வு தொழில்நுட்பம் ஒலி அமைப்புகளை ஆராய்கிறது.
ai_ta_034.wav,voice data/ai/ai_ta_034.wav,ai,Neural TTS,ta-IN-PallaviNeural,Female,Tamil Synth,Tamil,4.0,16000,Raw TTS,செயற்கை நுண்ணறிவு குரல் பகுப்பாய்வு தொழில்நுட்பம் ஒலி அமைப்புகளை ஆராய்கிறது.
ai_ta_035.wav,voice data/ai/ai_ta_035.wav,ai,Neural TTS,ta-IN-ValluvarNeural,Male,Tamil Synth,Tamil,4.0,16000,Codec Simulated,செயற்கை நுண்ணறிவு குரல் பகுப்பாய்வு தொழில்நுட்பம் ஒலி அமைப்புகளை ஆராய்கிறது.
ai_ta_036.wav,voice data/ai/ai_ta_036.wav,ai,Neural TTS,ta-IN-PallaviNeural,Female,Tamil Synth,Tamil,4.0,16000,Codec Simulated,செயற்கை நுண்ணறிவு குரல் பகுப்பாய்வு தொழில்நுட்பம் ஒலி அமைப்புகளை ஆராய்கிறது.
ai_ta_037.wav,voice data/ai/ai_ta_037.wav,ai,Neural TTS,ta-IN-ValluvarNeural,Male,Tamil Synth,Tamil,4.0,16000,Raw TTS,செயற்கை நுண்ணறிவு குரல் பகுப்பாய்வு தொழில்நுட்பம் ஒலி அமைப்புகளை ஆராய்கிறது.
ai_ta_038.wav,voice data/ai/ai_ta_038.wav,ai,Neural TTS,ta-IN-PallaviNeural,Female,Tamil Synth,Tamil,4.0,16000,Raw TTS,செயற்கை நுண்ணறிவு குரல் பகுப்பாய்வு தொழில்நுட்பம் ஒலி அமைப்புகளை ஆராய்கிறது.
ai_ta_039.wav,voice data/ai/ai_ta_039.wav,ai,Neural TTS,ta-IN-ValluvarNeural,Male,Tamil Synth,Tamil,4.0,16000,Raw TTS,செயற்கை நுண்ணறிவு குரல் பகுப்பாய்வு தொழில்நுட்பம் ஒலி அமைப்புகளை ஆராய்கிறது.
ai_ta_040.wav,voice data/ai/ai_ta_040.wav,ai,Neural TTS,ta-IN-PallaviNeural,Female,Tamil Synth,Tamil,4.0,16000,Codec Simulated,செயற்கை நுண்ணறிவு குரல் பகுப்பாய்வு தொழில்நுட்பம் ஒலி அமைப்புகளை ஆராய்கிறது.
ai_ta_041.wav,voice data/ai/ai_ta_041.wav,ai,Neural TTS,ta-IN-ValluvarNeural,Male,Tamil Synth,Tamil,4.0,16000,Codec Simulated,செயற்கை நுண்ணறிவு குரல் பகுப்பாய்வு தொழில்நுட்பம் ஒலி அமைப்புகளை ஆராய்கிறது.
ai_ta_042.wav,voice data/ai/ai_ta_042.wav,ai,Neural TTS,ta-IN-PallaviNeural,Female,Tamil Synth,Tamil,4.0,16000,Raw TTS,செயற்கை நுண்ணறிவு குரல் பகுப்பாய்வு தொழில்நுட்பம் ஒலி அமைப்புகளை ஆராய்கிறது.
ai_ta_043.wav,voice data/ai/ai_ta_043.wav,ai,Neural TTS,ta-IN-ValluvarNeural,Male,Tamil Synth,Tamil,4.0,16000,Raw TTS,செயற்கை நுண்ணறிவு குரல் பகுப்பாய்வு தொழில்நுட்பம் ஒலி அமைப்புகளை ஆராய்கிறது.
ai_ta_044.wav,voice data/ai/ai_ta_044.wav,ai,Neural TTS,ta-IN-PallaviNeural,Female,Tamil Synth,Tamil,4.0,16000,Raw TTS,செயற்கை நுண்ணறிவு குரல் பகுப்பாய்வு தொழில்நுட்பம் ஒலி அமைப்புகளை ஆராய்கிறது.
ai_ta_045.wav,voice data/ai/ai_ta_045.wav,ai,Neural TTS,ta-IN-ValluvarNeural,Male,Tamil Synth,Tamil,4.0,16000,Codec Simulated,செயற்கை நுண்ணறிவு குரல் பகுப்பாய்வு தொழில்நுட்பம் ஒலி அமைப்புகளை ஆராய்கிறது.
ai_ta_046.wav,voice data/ai/ai_ta_046.wav,ai,Neural TTS,ta-IN-PallaviNeural,Female,Tamil Synth,Tamil,4.0,16000,Codec Simulated,செயற்கை நுண்ணறிவு குரல் பகுப்பாய்வு தொழில்நுட்பம் ஒலி அமைப்புகளை ஆராய்கிறது.
ai_ta_047.wav,voice data/ai/ai_ta_047.wav,ai,Neural TTS,ta-IN-ValluvarNeural,Male,Tamil Synth,Tamil,4.0,16000,Raw TTS,செயற்கை நுண்ணறிவு குரல் பகுப்பாய்வு தொழில்நுட்பம் ஒலி அமைப்புகளை ஆராய்கிறது.
ai_ta_048.wav,voice data/ai/ai_ta_048.wav,ai,Neural TTS,ta-IN-PallaviNeural,Female,Tamil Synth,Tamil,4.0,16000,Raw TTS,செயற்கை நுண்ணறிவு குரல் பகுப்பாய்வு தொழில்நுட்பம் ஒலி அமைப்புகளை ஆராய்கிறது.
ai_ta_049.wav,voice data/ai/ai_ta_049.wav,ai,Neural TTS,ta-IN-ValluvarNeural,Male,Tamil Synth,Tamil,4.0,16000,Raw TTS,செயற்கை நுண்ணறிவு குரல் பகுப்பாய்வு தொழில்நுட்பம் ஒலி அமைப்புகளை ஆராய்கிறது.
ai_ta_050.wav,voice data/ai/ai_ta_050.wav,ai,Neural TTS,ta-IN-PallaviNeural,Female,Tamil Synth,Tamil,4.0,16000,Codec Simulated,செயற்கை நுண்ணறிவு குரல் பகுப்பாய்வு தொழில்நுட்பம் ஒலி அமைப்புகளை ஆராய்கிறது.
ai_ta_051.wav,voice data/ai/ai_ta_051.wav,ai,Neural TTS,ta-IN-ValluvarNeural,Male,Tamil Synth,Tamil,4.0,16000,Codec Simulated,செயற்கை நுண்ணறிவு குரல் பகுப்பாய்வு தொழில்நுட்பம் ஒலி அமைப்புகளை ஆராய்கிறது.
ai_ta_052.wav,voice data/ai/ai_ta_052.wav,ai,Neural TTS,ta-IN-PallaviNeural,Female,Tamil Synth,Tamil,4.0,16000,Raw TTS,செயற்கை நுண்ணறிவு குரல் பகுப்பாய்வு தொழில்நுட்பம் ஒலி அமைப்புகளை ஆராய்கிறது.
ai_ta_053.wav,voice data/ai/ai_ta_053.wav,ai,Neural TTS,ta-IN-ValluvarNeural,Male,Tamil Synth,Tamil,4.0,16000,Raw TTS,செயற்கை நுண்ணறிவு குரல் பகுப்பாய்வு தொழில்நுட்பம் ஒலி அமைப்புகளை ஆராய்கிறது.
ai_ta_054.wav,voice data/ai/ai_ta_054.wav,ai,Neural TTS,ta-IN-PallaviNeural,Female,Tamil Synth,Tamil,4.0,16000,Raw TTS,செயற்கை நுண்ணறிவு குரல் பகுப்பாய்வு தொழில்நுட்பம் ஒலி அமைப்புகளை ஆராய்கிறது.
ai_ta_055.wav,voice data/ai/ai_ta_055.wav,ai,Neural TTS,ta-IN-ValluvarNeural,Male,Tamil Synth,Tamil,4.0,16000,Codec Simulated,செயற்கை நுண்ணறிவு குரல் பகுப்பாய்வு தொழில்நுட்பம் ஒலி அமைப்புகளை ஆராய்கிறது.
ai_ta_056.wav,voice data/ai/ai_ta_056.wav,ai,Neural TTS,ta-IN-PallaviNeural,Female,Tamil Synth,Tamil,4.0,16000,Codec Simulated,செயற்கை நுண்ணறிவு குரல் பகுப்பாய்வு தொழில்நுட்பம் ஒலி அமைப்புகளை ஆராய்கிறது.
ai_ta_057.wav,voice data/ai/ai_ta_057.wav,ai,Neural TTS,ta-IN-ValluvarNeural,Male,Tamil Synth,Tamil,4.0,16000,Raw TTS,செயற்கை நுண்ணறிவு குரல் பகுப்பாய்வு தொழில்நுட்பம் ஒலி அமைப்புகளை ஆராய்கிறது.
ai_ta_058.wav,voice data/ai/ai_ta_058.wav,ai,Neural TTS,ta-IN-PallaviNeural,Female,Tamil Synth,Tamil,4.0,16000,Raw TTS,செயற்கை நுண்ணறிவு குரல் பகுப்பாய்வு தொழில்நுட்பம் ஒலி அமைப்புகளை ஆராய்கிறது.
ai_ta_059.wav,voice data/ai/ai_ta_059.wav,ai,Neural TTS,ta-IN-ValluvarNeural,Male,Tamil Synth,Tamil,4.0,16000,Raw TTS,செயற்கை நுண்ணறிவு குரல் பகுப்பாய்வு தொழில்நுட்பம் ஒலி அமைப்புகளை ஆராய்கிறது.
ai_ta_060.wav,voice data/ai/ai_ta_060.wav,ai,Neural TTS,ta-IN-PallaviNeural,Female,Tamil Synth,Tamil,4.0,16000,Codec Simulated,செயற்கை நுண்ணறிவு குரல் பகுப்பாய்வு தொழில்நுட்பம் ஒலி அமைப்புகளை ஆராய்கிறது.
ai_ta_061.wav,voice data/ai/ai_ta_061.wav,ai,Neural TTS,ta-IN-ValluvarNeural,Male,Tamil Synth,Tamil,4.0,16000,Codec Simulated,செயற்கை நுண்ணறிவு குரல் பகுப்பாய்வு தொழில்நுட்பம் ஒலி அமைப்புகளை ஆராய்கிறது.
ai_ta_062.wav,voice data/ai/ai_ta_062.wav,ai,Neural TTS,ta-IN-PallaviNeural,Female,Tamil Synth,Tamil,4.0,16000,Raw TTS,செயற்கை நுண்ணறிவு குரல் பகுப்பாய்வு தொழில்நுட்பம் ஒலி அமைப்புகளை ஆராய்கிறது.
ai_ta_063.wav,voice data/ai/ai_ta_063.wav,ai,Neural TTS,ta-IN-ValluvarNeural,Male,Tamil Synth,Tamil,4.0,16000,Raw TTS,செயற்கை நுண்ணறிவு குரல் பகுப்பாய்வு தொழில்நுட்பம் ஒலி அமைப்புகளை ஆராய்கிறது.
ai_ta_064.wav,voice data/ai/ai_ta_064.wav,ai,Neural TTS,ta-IN-PallaviNeural,Female,Tamil Synth,Tamil,4.0,16000,Raw TTS,செயற்கை நுண்ணறிவு குரல் பகுப்பாய்வு தொழில்நுட்பம் ஒலி அமைப்புகளை ஆராய்கிறது.
ai_ta_065.wav,voice data/ai/ai_ta_065.wav,ai,Neural TTS,ta-IN-ValluvarNeural,Male,Tamil Synth,Tamil,4.0,16000,Codec Simulated,செயற்கை நுண்ணறிவு குரல் பகுப்பாய்வு தொழில்நுட்பம் ஒலி அமைப்புகளை ஆராய்கிறது.
ai_ta_066.wav,voice data/ai/ai_ta_066.wav,ai,Neural TTS,ta-IN-PallaviNeural,Female,Tamil Synth,Tamil,4.0,16000,Codec Simulated,செயற்கை நுண்ணறிவு குரல் பகுப்பாய்வு தொழில்நுட்பம் ஒலி அமைப்புகளை ஆராய்கிறது.
ai_ta_067.wav,voice data/ai/ai_ta_067.wav,ai,Neural TTS,ta-IN-ValluvarNeural,Male,Tamil Synth,Tamil,4.0,16000,Raw TTS,செயற்கை நுண்ணறிவு குரல் பகுப்பாய்வு தொழில்நுட்பம் ஒலி அமைப்புகளை ஆராய்கிறது.
ai_ta_068.wav,voice data/ai/ai_ta_068.wav,ai,Neural TTS,ta-IN-PallaviNeural,Female,Tamil Synth,Tamil,4.0,16000,Raw TTS,செயற்கை நுண்ணறிவு குரல் பகுப்பாய்வு தொழில்நுட்பம் ஒலி அமைப்புகளை ஆராய்கிறது.
ai_ta_069.wav,voice data/ai/ai_ta_069.wav,ai,Neural TTS,ta-IN-ValluvarNeural,Male,Tamil Synth,Tamil,4.0,16000,Raw TTS,செயற்கை நுண்ணறிவு குரல் பகுப்பாய்வு தொழில்நுட்பம் ஒலி அமைப்புகளை ஆராய்கிறது.
ai_ta_070.wav,voice data/ai/ai_ta_070.wav,ai,Neural TTS,ta-IN-PallaviNeural,Female,Tamil Synth,Tamil,4.0,16000,Codec Simulated,செயற்கை நுண்ணறிவு குரல் பகுப்பாய்வு தொழில்நுட்பம் ஒலி அமைப்புகளை ஆராய்கிறது.
ai_ta_071.wav,voice data/ai/ai_ta_071.wav,ai,Neural TTS,ta-IN-ValluvarNeural,Male,Tamil Synth,Tamil,4.0,16000,Codec Simulated,செயற்கை நுண்ணறிவு குரல் பகுப்பாய்வு தொழில்நுட்பம் ஒலி அமைப்புகளை ஆராய்கிறது.
ai_ta_072.wav,voice data/ai/ai_ta_072.wav,ai,Neural TTS,ta-IN-PallaviNeural,Female,Tamil Synth,Tamil,4.0,16000,Raw TTS,செயற்கை நுண்ணறிவு குரல் பகுப்பாய்வு தொழில்நுட்பம் ஒலி அமைப்புகளை ஆராய்கிறது.
ai_ta_073.wav,voice data/ai/ai_ta_073.wav,ai,Neural TTS,ta-IN-ValluvarNeural,Male,Tamil Synth,Tamil,4.0,16000,Raw TTS,செயற்கை நுண்ணறிவு குரல் பகுப்பாய்வு தொழில்நுட்பம் ஒலி அமைப்புகளை ஆராய்கிறது.
ai_ta_074.wav,voice data/ai/ai_ta_074.wav,ai,Neural TTS,ta-IN-PallaviNeural,Female,Tamil Synth,Tamil,4.0,16000,Raw TTS,செயற்கை நுண்ணறிவு குரல் பகுப்பாய்வு தொழில்நுட்பம் ஒலி அமைப்புகளை ஆராய்கிறது.
ai_ta_075.wav,voice data/ai/ai_ta_075.wav,ai,Neural TTS,ta-IN-ValluvarNeural,Male,Tamil Synth,Tamil,4.0,16000,Codec Simulated,செயற்கை நுண்ணறிவு குரல் பகுப்பாய்வு தொழில்நுட்பம் ஒலி அமைப்புகளை ஆராய்கிறது.
ai_ta_076.wav,voice data/ai/ai_ta_076.wav,ai,Neural TTS,ta-IN-PallaviNeural,Female,Tamil Synth,Tamil,4.0,16000,Codec Simulated,செயற்கை நுண்ணறிவு குரல் பகுப்பாய்வு தொழில்நுட்பம் ஒலி அமைப்புகளை ஆராய்கிறது.
ai_ta_077.wav,voice data/ai/ai_ta_077.wav,ai,Neural TTS,ta-IN-ValluvarNeural,Male,Tamil Synth,Tamil,4.0,16000,Raw TTS,செயற்கை நுண்ணறிவு குரல் பகுப்பாய்வு தொழில்நுட்பம் ஒலி அமைப்புகளை ஆராய்கிறது.
ai_ta_078.wav,voice data/ai/ai_ta_078.wav,ai,Neural TTS,ta-IN-PallaviNeural,Female,Tamil Synth,Tamil,4.0,16000,Raw TTS,செயற்கை நுண்ணறிவு குரல் பகுப்பாய்வு தொழில்நுட்பம் ஒலி அமைப்புகளை ஆராய்கிறது.
ai_ta_079.wav,voice data/ai/ai_ta_079.wav,ai,Neural TTS,ta-IN-ValluvarNeural,Male,Tamil Synth,Tamil,4.0,16000,Raw TTS,செயற்கை நுண்ணறிவு குரல் பகுப்பாய்வு தொழில்நுட்பம் ஒலி அமைப்புகளை ஆராய்கிறது.
ai_ta_080.wav,voice data/ai/ai_ta_080.wav,ai,Neural TTS,ta-IN-PallaviNeural,Female,Tamil Synth,Tamil,4.0,16000,Codec Simulated,செயற்கை நுண்ணறிவு குரல் பகுப்பாய்வு தொழில்நுட்பம் ஒலி அமைப்புகளை ஆராய்கிறது.
ai_ta_081.wav,voice data/ai/ai_ta_081.wav,ai,Neural TTS,ta-IN-ValluvarNeural,Male,Tamil Synth,Tamil,4.0,16000,Codec Simulated,செயற்கை நுண்ணறிவு குரல் பகுப்பாய்வு தொழில்நுட்பம் ஒலி அமைப்புகளை ஆராய்கிறது.
ai_ta_082.wav,voice data/ai/ai_ta_082.wav,ai,Neural TTS,ta-IN-PallaviNeural,Female,Tamil Synth,Tamil,4.0,16000,Raw TTS,செயற்கை நுண்ணறிவு குரல் பகுப்பாய்வு தொழில்நுட்பம் ஒலி அமைப்புகளை ஆராய்கிறது.
ai_ta_083.wav,voice data/ai/ai_ta_083.wav,ai,Neural TTS,ta-IN-ValluvarNeural,Male,Tamil Synth,Tamil,4.0,16000,Raw TTS,செயற்கை நுண்ணறிவு குரல் பகுப்பாய்வு தொழில்நுட்பம் ஒலி அமைப்புகளை ஆராய்கிறது.
ai_ta_084.wav,voice data/ai/ai_ta_084.wav,ai,Neural TTS,ta-IN-PallaviNeural,Female,Tamil Synth,Tamil,4.0,16000,Raw TTS,செயற்கை நுண்ணறிவு குரல் பகுப்பாய்வு தொழில்நுட்பம் ஒலி அமைப்புகளை ஆராய்கிறது.
ai_ta_085.wav,voice data/ai/ai_ta_085.wav,ai,Neural TTS,ta-IN-ValluvarNeural,Male,Tamil Synth,Tamil,4.0,16000,Codec Simulated,செயற்கை நுண்ணறிவு குரல் பகுப்பாய்வு தொழில்நுட்பம் ஒலி அமைப்புகளை ஆராய்கிறது.
ai_ta_086.wav,voice data/ai/ai_ta_086.wav,ai,Neural TTS,ta-IN-PallaviNeural,Female,Tamil Synth,Tamil,4.0,16000,Codec Simulated,செயற்கை நுண்ணறிவு குரல் பகுப்பாய்வு தொழில்நுட்பம் ஒலி அமைப்புகளை ஆராய்கிறது.
ai_ta_087.wav,voice data/ai/ai_ta_087.wav,ai,Neural TTS,ta-IN-ValluvarNeural,Male,Tamil Synth,Tamil,4.0,16000,Raw TTS,செயற்கை நுண்ணறிவு குரல் பகுப்பாய்வு தொழில்நுட்பம் ஒலி அமைப்புகளை ஆராய்கிறது.
ai_ta_088.wav,voice data/ai/ai_ta_088.wav,ai,Neural TTS,ta-IN-PallaviNeural,Female,Tamil Synth,Tamil,4.0,16000,Raw TTS,செயற்கை நுண்ணறிவு குரல் பகுப்பாய்வு தொழில்நுட்பம் ஒலி அமைப்புகளை ஆராய்கிறது.
ai_ta_089.wav,voice data/ai/ai_ta_089.wav,ai,Neural TTS,ta-IN-ValluvarNeural,Male,Tamil Synth,Tamil,4.0,16000,Raw TTS,செயற்கை நுண்ணறிவு குரல் பகுப்பாய்வு தொழில்நுட்பம் ஒலி அமைப்புகளை ஆராய்கிறது.
ai_ta_090.wav,voice data/ai/ai_ta_090.wav,ai,Neural TTS,ta-IN-PallaviNeural,Female,Tamil Synth,Tamil,4.0,16000,Codec Simulated,செயற்கை நுண்ணறிவு குரல் பகுப்பாய்வு தொழில்நுட்பம் ஒலி அமைப்புகளை ஆராய்கிறது.
ai_ta_091.wav,voice data/ai/ai_ta_091.wav,ai,Neural TTS,ta-IN-ValluvarNeural,Male,Tamil Synth,Tamil,4.0,16000,Codec Simulated,செயற்கை நுண்ணறிவு குரல் பகுப்பாய்வு தொழில்நுட்பம் ஒலி அமைப்புகளை ஆராய்கிறது.
ai_ta_092.wav,voice data/ai/ai_ta_092.wav,ai,Neural TTS,ta-IN-PallaviNeural,Female,Tamil Synth,Tamil,4.0,16000,Raw TTS,செயற்கை நுண்ணறிவு குரல் பகுப்பாய்வு தொழில்நுட்பம் ஒலி அமைப்புகளை ஆராய்கிறது.
ai_ta_093.wav,voice data/ai/ai_ta_093.wav,ai,Neural TTS,ta-IN-ValluvarNeural,Male,Tamil Synth,Tamil,4.0,16000,Raw TTS,செயற்கை நுண்ணறிவு குரல் பகுப்பாய்வு தொழில்நுட்பம் ஒலி அமைப்புகளை ஆராய்கிறது.
ai_ta_094.wav,voice data/ai/ai_ta_094.wav,ai,Neural TTS,ta-IN-PallaviNeural,Female,Tamil Synth,Tamil,4.0,16000,Raw TTS,செயற்கை நுண்ணறிவு குரல் பகுப்பாய்வு தொழில்நுட்பம் ஒலி அமைப்புகளை ஆராய்கிறது.
ai_ta_095.wav,voice data/ai/ai_ta_095.wav,ai,Neural TTS,ta-IN-ValluvarNeural,Male,Tamil Synth,Tamil,4.0,16000,Codec Simulated,செயற்கை நுண்ணறிவு குரல் பகுப்பாய்வு தொழில்நுட்பம் ஒலி அமைப்புகளை ஆராய்கிறது.
ai_ta_096.wav,voice data/ai/ai_ta_096.wav,ai,Neural TTS,ta-IN-PallaviNeural,Female,Tamil Synth,Tamil,4.0,16000,Codec Simulated,செயற்கை நுண்ணறிவு குரல் பகுப்பாய்வு தொழில்நுட்பம் ஒலி அமைப்புகளை ஆராய்கிறது.
ai_ta_097.wav,voice data/ai/ai_ta_097.wav,ai,Neural TTS,ta-IN-ValluvarNeural,Male,Tamil Synth,Tamil,4.0,16000,Raw TTS,செயற்கை நுண்ணறிவு குரல் பகுப்பாய்வு தொழில்நுட்பம் ஒலி அமைப்புகளை ஆராய்கிறது.
ai_ta_098.wav,voice data/ai/ai_ta_098.wav,ai,Neural TTS,ta-IN-PallaviNeural,Female,Tamil Synth,Tamil,4.0,16000,Raw TTS,செயற்கை நுண்ணறிவு குரல் பகுப்பாய்வு தொழில்நுட்பம் ஒலி அமைப்புகளை ஆராய்கிறது.
ai_ta_099.wav,voice data/ai/ai_ta_099.wav,ai,Neural TTS,ta-IN-ValluvarNeural,Male,Tamil Synth,Tamil,4.0,16000,Raw TTS,செயற்கை நுண்ணறிவு குரல் பகுப்பாய்வு தொழில்நுட்பம் ஒலி அமைப்புகளை ஆராய்கிறது.
ai_ta_100.wav,voice data/ai/ai_ta_100.wav,ai,Neural TTS,ta-IN-PallaviNeural,Female,Tamil Synth,Tamil,4.0,16000,Codec Simulated,செயற்கை நுண்ணறிவு குரல் பகுப்பாய்வு தொழில்நுட்பம் ஒலி அமைப்புகளை ஆராய்கிறது.
ai_gu_001.wav,voice data/ai/ai_gu_001.wav,ai,Neural TTS,gu-IN-NiranjanNeural,Male,Gujarati Synth,Gujarati,4.0,16000,Codec Simulated,કૃત્રિમ બુદ્ધિ ટેકનોલોજી અવાજ વિશ્લેષણમાં મહત્વપૂર્ણ ભૂમિકા ભજવે છે.
ai_gu_002.wav,voice data/ai/ai_gu_002.wav,ai,Neural TTS,gu-IN-DhwaniNeural,Female,Gujarati Synth,Gujarati,4.0,16000,Raw TTS,કૃત્રિમ બુદ્ધિ ટેકનોલોજી અવાજ વિશ્લેષણમાં મહત્વપૂર્ણ ભૂમિકા ભજવે છે.
ai_gu_003.wav,voice data/ai/ai_gu_003.wav,ai,Neural TTS,gu-IN-NiranjanNeural,Male,Gujarati Synth,Gujarati,4.0,16000,Raw TTS,કૃત્રિમ બુદ્ધિ ટેકનોલોજી અવાજ વિશ્લેષણમાં મહત્વપૂર્ણ ભૂમિકા ભજવે છે.
ai_gu_004.wav,voice data/ai/ai_gu_004.wav,ai,Neural TTS,gu-IN-DhwaniNeural,Female,Gujarati Synth,Gujarati,4.0,16000,Raw TTS,કૃત્રિમ બુદ્ધિ ટેકનોલોજી અવાજ વિશ્લેષણમાં મહત્વપૂર્ણ ભૂમિકા ભજવે છે.
ai_gu_005.wav,voice data/ai/ai_gu_005.wav,ai,Neural TTS,gu-IN-NiranjanNeural,Male,Gujarati Synth,Gujarati,4.0,16000,Codec Simulated,કૃત્રિમ બુદ્ધિ ટેકનોલોજી અવાજ વિશ્લેષણમાં મહત્વપૂર્ણ ભૂમિકા ભજવે છે.
ai_gu_006.wav,voice data/ai/ai_gu_006.wav,ai,Neural TTS,gu-IN-DhwaniNeural,Female,Gujarati Synth,Gujarati,4.0,16000,Codec Simulated,કૃત્રિમ બુદ્ધિ ટેકનોલોજી અવાજ વિશ્લેષણમાં મહત્વપૂર્ણ ભૂમિકા ભજવે છે.
ai_gu_007.wav,voice data/ai/ai_gu_007.wav,ai,Neural TTS,gu-IN-NiranjanNeural,Male,Gujarati Synth,Gujarati,4.0,16000,Raw TTS,કૃત્રિમ બુદ્ધિ ટેકનોલોજી અવાજ વિશ્લેષણમાં મહત્વપૂર્ણ ભૂમિકા ભજવે છે.
ai_gu_008.wav,voice data/ai/ai_gu_008.wav,ai,Neural TTS,gu-IN-DhwaniNeural,Female,Gujarati Synth,Gujarati,4.0,16000,Raw TTS,કૃત્રિમ બુદ્ધિ ટેકનોલોજી અવાજ વિશ્લેષણમાં મહત્વપૂર્ણ ભૂમિકા ભજવે છે.
ai_gu_009.wav,voice data/ai/ai_gu_009.wav,ai,Neural TTS,gu-IN-NiranjanNeural,Male,Gujarati Synth,Gujarati,4.0,16000,Raw TTS,કૃત્રિમ બુદ્ધિ ટેકનોલોજી અવાજ વિશ્લેષણમાં મહત્વપૂર્ણ ભૂમિકા ભજવે છે.
ai_gu_010.wav,voice data/ai/ai_gu_010.wav,ai,Neural TTS,gu-IN-DhwaniNeural,Female,Gujarati Synth,Gujarati,4.0,16000,Codec Simulated,કૃત્રિમ બુદ્ધિ ટેકનોલોજી અવાજ વિશ્લેષણમાં મહત્વપૂર્ણ ભૂમિકા ભજવે છે.
ai_gu_011.wav,voice data/ai/ai_gu_011.wav,ai,Neural TTS,gu-IN-NiranjanNeural,Male,Gujarati Synth,Gujarati,4.0,16000,Codec Simulated,કૃત્રિમ બુદ્ધિ ટેકનોલોજી અવાજ વિશ્લેષણમાં મહત્વપૂર્ણ ભૂમિકા ભજવે છે.
ai_gu_012.wav,voice data/ai/ai_gu_012.wav,ai,Neural TTS,gu-IN-DhwaniNeural,Female,Gujarati Synth,Gujarati,4.0,16000,Raw TTS,કૃત્રિમ બુદ્ધિ ટેકનોલોજી અવાજ વિશ્લેષણમાં મહત્વપૂર્ણ ભૂમિકા ભજવે છે.
ai_gu_013.wav,voice data/ai/ai_gu_013.wav,ai,Neural TTS,gu-IN-NiranjanNeural,Male,Gujarati Synth,Gujarati,4.0,16000,Raw TTS,કૃત્રિમ બુદ્ધિ ટેકનોલોજી અવાજ વિશ્લેષણમાં મહત્વપૂર્ણ ભૂમિકા ભજવે છે.
ai_gu_014.wav,voice data/ai/ai_gu_014.wav,ai,Neural TTS,gu-IN-DhwaniNeural,Female,Gujarati Synth,Gujarati,4.0,16000,Raw TTS,કૃત્રિમ બુદ્ધિ ટેકનોલોજી અવાજ વિશ્લેષણમાં મહત્વપૂર્ણ ભૂમિકા ભજવે છે.
ai_gu_015.wav,voice data/ai/ai_gu_015.wav,ai,Neural TTS,gu-IN-NiranjanNeural,Male,Gujarati Synth,Gujarati,4.0,16000,Codec Simulated,કૃત્રિમ બુદ્ધિ ટેકનોલોજી અવાજ વિશ્લેષણમાં મહત્વપૂર્ણ ભૂમિકા ભજવે છે.
ai_gu_016.wav,voice data/ai/ai_gu_016.wav,ai,Neural TTS,gu-IN-DhwaniNeural,Female,Gujarati Synth,Gujarati,4.0,16000,Codec Simulated,કૃત્રિમ બુદ્ધિ ટેકનોલોજી અવાજ વિશ્લેષણમાં મહત્વપૂર્ણ ભૂમિકા ભજવે છે.
ai_gu_017.wav,voice data/ai/ai_gu_017.wav,ai,Neural TTS,gu-IN-NiranjanNeural,Male,Gujarati Synth,Gujarati,4.0,16000,Raw TTS,કૃત્રિમ બુદ્ધિ ટેકનોલોજી અવાજ વિશ્લેષણમાં મહત્વપૂર્ણ ભૂમિકા ભજવે છે.
ai_gu_018.wav,voice data/ai/ai_gu_018.wav,ai,Neural TTS,gu-IN-DhwaniNeural,Female,Gujarati Synth,Gujarati,4.0,16000,Raw TTS,કૃત્રિમ બુદ્ધિ ટેકનોલોજી અવાજ વિશ્લેષણમાં મહત્વપૂર્ણ ભૂમિકા ભજવે છે.
ai_gu_019.wav,voice data/ai/ai_gu_019.wav,ai,Neural TTS,gu-IN-NiranjanNeural,Male,Gujarati Synth,Gujarati,4.0,16000,Raw TTS,કૃત્રિમ બુદ્ધિ ટેકનોલોજી અવાજ વિશ્લેષણમાં મહત્વપૂર્ણ ભૂમિકા ભજવે છે.
ai_gu_020.wav,voice data/ai/ai_gu_020.wav,ai,Neural TTS,gu-IN-DhwaniNeural,Female,Gujarati Synth,Gujarati,4.0,16000,Codec Simulated,કૃત્રિમ બુદ્ધિ ટેકનોલોજી અવાજ વિશ્લેષણમાં મહત્વપૂર્ણ ભૂમિકા ભજવે છે.
ai_gu_021.wav,voice data/ai/ai_gu_021.wav,ai,Neural TTS,gu-IN-NiranjanNeural,Male,Gujarati Synth,Gujarati,4.0,16000,Codec Simulated,કૃત્રિમ બુદ્ધિ ટેકનોલોજી અવાજ વિશ્લેષણમાં મહત્વપૂર્ણ ભૂમિકા ભજવે છે.
ai_gu_022.wav,voice data/ai/ai_gu_022.wav,ai,Neural TTS,gu-IN-DhwaniNeural,Female,Gujarati Synth,Gujarati,4.0,16000,Raw TTS,કૃત્રિમ બુદ્ધિ ટેકનોલોજી અવાજ વિશ્લેષણમાં મહત્વપૂર્ણ ભૂમિકા ભજવે છે.
ai_gu_023.wav,voice data/ai/ai_gu_023.wav,ai,Neural TTS,gu-IN-NiranjanNeural,Male,Gujarati Synth,Gujarati,4.0,16000,Raw TTS,કૃત્રિમ બુદ્ધિ ટેકનોલોજી અવાજ વિશ્લેષણમાં મહત્વપૂર્ણ ભૂમિકા ભજવે છે.
ai_gu_024.wav,voice data/ai/ai_gu_024.wav,ai,Neural TTS,gu-IN-DhwaniNeural,Female,Gujarati Synth,Gujarati,4.0,16000,Raw TTS,કૃત્રિમ બુદ્ધિ ટેકનોલોજી અવાજ વિશ્લેષણમાં મહત્વપૂર્ણ ભૂમિકા ભજવે છે.
ai_gu_025.wav,voice data/ai/ai_gu_025.wav,ai,Neural TTS,gu-IN-NiranjanNeural,Male,Gujarati Synth,Gujarati,4.0,16000,Codec Simulated,કૃત્રિમ બુદ્ધિ ટેકનોલોજી અવાજ વિશ્લેષણમાં મહત્વપૂર્ણ ભૂમિકા ભજવે છે.
ai_gu_026.wav,voice data/ai/ai_gu_026.wav,ai,Neural TTS,gu-IN-DhwaniNeural,Female,Gujarati Synth,Gujarati,4.0,16000,Codec Simulated,કૃત્રિમ બુદ્ધિ ટેકનોલોજી અવાજ વિશ્લેષણમાં મહત્વપૂર્ણ ભૂમિકા ભજવે છે.
ai_gu_027.wav,voice data/ai/ai_gu_027.wav,ai,Neural TTS,gu-IN-NiranjanNeural,Male,Gujarati Synth,Gujarati,4.0,16000,Raw TTS,કૃત્રિમ બુદ્ધિ ટેકનોલોજી અવાજ વિશ્લેષણમાં મહત્વપૂર્ણ ભૂમિકા ભજવે છે.
ai_gu_028.wav,voice data/ai/ai_gu_028.wav,ai,Neural TTS,gu-IN-DhwaniNeural,Female,Gujarati Synth,Gujarati,4.0,16000,Raw TTS,કૃત્રિમ બુદ્ધિ ટેકનોલોજી અવાજ વિશ્લેષણમાં મહત્વપૂર્ણ ભૂમિકા ભજવે છે.
ai_gu_029.wav,voice data/ai/ai_gu_029.wav,ai,Neural TTS,gu-IN-NiranjanNeural,Male,Gujarati Synth,Gujarati,4.0,16000,Raw TTS,કૃત્રિમ બુદ્ધિ ટેકનોલોજી અવાજ વિશ્લેષણમાં મહત્વપૂર્ણ ભૂમિકા ભજવે છે.
ai_gu_030.wav,voice data/ai/ai_gu_030.wav,ai,Neural TTS,gu-IN-DhwaniNeural,Female,Gujarati Synth,Gujarati,4.0,16000,Codec Simulated,કૃત્રિમ બુદ્ધિ ટેકનોલોજી અવાજ વિશ્લેષણમાં મહત્વપૂર્ણ ભૂમિકા ભજવે છે.
ai_gu_031.wav,voice data/ai/ai_gu_031.wav,ai,Neural TTS,gu-IN-NiranjanNeural,Male,Gujarati Synth,Gujarati,4.0,16000,Codec Simulated,કૃત્રિમ બુદ્ધિ ટેકનોલોજી અવાજ વિશ્લેષણમાં મહત્વપૂર્ણ ભૂમિકા ભજવે છે.
ai_gu_032.wav,voice data/ai/ai_gu_032.wav,ai,Neural TTS,gu-IN-DhwaniNeural,Female,Gujarati Synth,Gujarati,4.0,16000,Raw TTS,કૃત્રિમ બુદ્ધિ ટેકનોલોજી અવાજ વિશ્લેષણમાં મહત્વપૂર્ણ ભૂમિકા ભજવે છે.
ai_gu_033.wav,voice data/ai/ai_gu_033.wav,ai,Neural TTS,gu-IN-NiranjanNeural,Male,Gujarati Synth,Gujarati,4.0,16000,Raw TTS,કૃત્રિમ બુદ્ધિ ટેકનોલોજી અવાજ વિશ્લેષણમાં મહત્વપૂર્ણ ભૂમિકા ભજવે છે.
ai_gu_034.wav,voice data/ai/ai_gu_034.wav,ai,Neural TTS,gu-IN-DhwaniNeural,Female,Gujarati Synth,Gujarati,4.0,16000,Raw TTS,કૃત્રિમ બુદ્ધિ ટેકનોલોજી અવાજ વિશ્લેષણમાં મહત્વપૂર્ણ ભૂમિકા ભજવે છે.
ai_gu_035.wav,voice data/ai/ai_gu_035.wav,ai,Neural TTS,gu-IN-NiranjanNeural,Male,Gujarati Synth,Gujarati,4.0,16000,Codec Simulated,કૃત્રિમ બુદ્ધિ ટેકનોલોજી અવાજ વિશ્લેષણમાં મહત્વપૂર્ણ ભૂમિકા ભજવે છે.
ai_gu_036.wav,voice data/ai/ai_gu_036.wav,ai,Neural TTS,gu-IN-DhwaniNeural,Female,Gujarati Synth,Gujarati,4.0,16000,Codec Simulated,કૃત્રિમ બુદ્ધિ ટેકનોલોજી અવાજ વિશ્લેષણમાં મહત્વપૂર્ણ ભૂમિકા ભજવે છે.
ai_gu_037.wav,voice data/ai/ai_gu_037.wav,ai,Neural TTS,gu-IN-NiranjanNeural,Male,Gujarati Synth,Gujarati,4.0,16000,Raw TTS,કૃત્રિમ બુદ્ધિ ટેકનોલોજી અવાજ વિશ્લેષણમાં મહત્વપૂર્ણ ભૂમિકા ભજવે છે.
ai_gu_038.wav,voice data/ai/ai_gu_038.wav,ai,Neural TTS,gu-IN-DhwaniNeural,Female,Gujarati Synth,Gujarati,4.0,16000,Raw TTS,કૃત્રિમ બુદ્ધિ ટેકનોલોજી અવાજ વિશ્લેષણમાં મહત્વપૂર્ણ ભૂમિકા ભજવે છે.
ai_gu_039.wav,voice data/ai/ai_gu_039.wav,ai,Neural TTS,gu-IN-NiranjanNeural,Male,Gujarati Synth,Gujarati,4.0,16000,Raw TTS,કૃત્રિમ બુદ્ધિ ટેકનોલોજી અવાજ વિશ્લેષણમાં મહત્વપૂર્ણ ભૂમિકા ભજવે છે.
ai_gu_040.wav,voice data/ai/ai_gu_040.wav,ai,Neural TTS,gu-IN-DhwaniNeural,Female,Gujarati Synth,Gujarati,4.0,16000,Codec Simulated,કૃત્રિમ બુદ્ધિ ટેકનોલોજી અવાજ વિશ્લેષણમાં મહત્વપૂર્ણ ભૂમિકા ભજવે છે.
ai_gu_041.wav,voice data/ai/ai_gu_041.wav,ai,Neural TTS,gu-IN-NiranjanNeural,Male,Gujarati Synth,Gujarati,4.0,16000,Codec Simulated,કૃત્રિમ બુદ્ધિ ટેકનોલોજી અવાજ વિશ્લેષણમાં મહત્વપૂર્ણ ભૂમિકા ભજવે છે.
ai_gu_042.wav,voice data/ai/ai_gu_042.wav,ai,Neural TTS,gu-IN-DhwaniNeural,Female,Gujarati Synth,Gujarati,4.0,16000,Raw TTS,કૃત્રિમ બુદ્ધિ ટેકનોલોજી અવાજ વિશ્લેષણમાં મહત્વપૂર્ણ ભૂમિકા ભજવે છે.
ai_gu_043.wav,voice data/ai/ai_gu_043.wav,ai,Neural TTS,gu-IN-NiranjanNeural,Male,Gujarati Synth,Gujarati,4.0,16000,Raw TTS,કૃત્રિમ બુદ્ધિ ટેકનોલોજી અવાજ વિશ્લેષણમાં મહત્વપૂર્ણ ભૂમિકા ભજવે છે.
ai_gu_044.wav,voice data/ai/ai_gu_044.wav,ai,Neural TTS,gu-IN-DhwaniNeural,Female,Gujarati Synth,Gujarati,4.0,16000,Raw TTS,કૃત્રિમ બુદ્ધિ ટેકનોલોજી અવાજ વિશ્લેષણમાં મહત્વપૂર્ણ ભૂમિકા ભજવે છે.
ai_gu_045.wav,voice data/ai/ai_gu_045.wav,ai,Neural TTS,gu-IN-NiranjanNeural,Male,Gujarati Synth,Gujarati,4.0,16000,Codec Simulated,કૃત્રિમ બુદ્ધિ ટેકનોલોજી અવાજ વિશ્લેષણમાં મહત્વપૂર્ણ ભૂમિકા ભજવે છે.
ai_gu_046.wav,voice data/ai/ai_gu_046.wav,ai,Neural TTS,gu-IN-DhwaniNeural,Female,Gujarati Synth,Gujarati,4.0,16000,Codec Simulated,કૃત્રિમ બુદ્ધિ ટેકનોલોજી અવાજ વિશ્લેષણમાં મહત્વપૂર્ણ ભૂમિકા ભજવે છે.
ai_gu_047.wav,voice data/ai/ai_gu_047.wav,ai,Neural TTS,gu-IN-NiranjanNeural,Male,Gujarati Synth,Gujarati,4.0,16000,Raw TTS,કૃત્રિમ બુદ્ધિ ટેકનોલોજી અવાજ વિશ્લેષણમાં મહત્વપૂર્ણ ભૂમિકા ભજવે છે.
ai_gu_048.wav,voice data/ai/ai_gu_048.wav,ai,Neural TTS,gu-IN-DhwaniNeural,Female,Gujarati Synth,Gujarati,4.0,16000,Raw TTS,કૃત્રિમ બુદ્ધિ ટેકનોલોજી અવાજ વિશ્લેષણમાં મહત્વપૂર્ણ ભૂમિકા ભજવે છે.
ai_gu_049.wav,voice data/ai/ai_gu_049.wav,ai,Neural TTS,gu-IN-NiranjanNeural,Male,Gujarati Synth,Gujarati,4.0,16000,Raw TTS,કૃત્રિમ બુદ્ધિ ટેકનોલોજી અવાજ વિશ્લેષણમાં મહત્વપૂર્ણ ભૂમિકા ભજવે છે.
ai_gu_050.wav,voice data/ai/ai_gu_050.wav,ai,Neural TTS,gu-IN-DhwaniNeural,Female,Gujarati Synth,Gujarati,4.0,16000,Codec Simulated,કૃત્રિમ બુદ્ધિ ટેકનોલોજી અવાજ વિશ્લેષણમાં મહત્વપૂર્ણ ભૂમિકા ભજવે છે.
ai_gu_051.wav,voice data/ai/ai_gu_051.wav,ai,Neural TTS,gu-IN-NiranjanNeural,Male,Gujarati Synth,Gujarati,4.0,16000,Codec Simulated,કૃત્રિમ બુદ્ધિ ટેકનોલોજી અવાજ વિશ્લેષણમાં મહત્વપૂર્ણ ભૂમિકા ભજવે છે.
ai_gu_052.wav,voice data/ai/ai_gu_052.wav,ai,Neural TTS,gu-IN-DhwaniNeural,Female,Gujarati Synth,Gujarati,4.0,16000,Raw TTS,કૃત્રિમ બુદ્ધિ ટેકનોલોજી અવાજ વિશ્લેષણમાં મહત્વપૂર્ણ ભૂમિકા ભજવે છે.
ai_gu_053.wav,voice data/ai/ai_gu_053.wav,ai,Neural TTS,gu-IN-NiranjanNeural,Male,Gujarati Synth,Gujarati,4.0,16000,Raw TTS,કૃત્રિમ બુદ્ધિ ટેકનોલોજી અવાજ વિશ્લેષણમાં મહત્વપૂર્ણ ભૂમિકા ભજવે છે.
ai_gu_054.wav,voice data/ai/ai_gu_054.wav,ai,Neural TTS,gu-IN-DhwaniNeural,Female,Gujarati Synth,Gujarati,4.0,16000,Raw TTS,કૃત્રિમ બુદ્ધિ ટેકનોલોજી અવાજ વિશ્લેષણમાં મહત્વપૂર્ણ ભૂમિકા ભજવે છે.
ai_gu_055.wav,voice data/ai/ai_gu_055.wav,ai,Neural TTS,gu-IN-NiranjanNeural,Male,Gujarati Synth,Gujarati,4.0,16000,Codec Simulated,કૃત્રિમ બુદ્ધિ ટેકનોલોજી અવાજ વિશ્લેષણમાં મહત્વપૂર્ણ ભૂમિકા ભજવે છે.
ai_gu_056.wav,voice data/ai/ai_gu_056.wav,ai,Neural TTS,gu-IN-DhwaniNeural,Female,Gujarati Synth,Gujarati,4.0,16000,Codec Simulated,કૃત્રિમ બુદ્ધિ ટેકનોલોજી અવાજ વિશ્લેષણમાં મહત્વપૂર્ણ ભૂમિકા ભજવે છે.
ai_gu_057.wav,voice data/ai/ai_gu_057.wav,ai,Neural TTS,gu-IN-NiranjanNeural,Male,Gujarati Synth,Gujarati,4.0,16000,Raw TTS,કૃત્રિમ બુદ્ધિ ટેકનોલોજી અવાજ વિશ્લેષણમાં મહત્વપૂર્ણ ભૂમિકા ભજવે છે.
ai_gu_058.wav,voice data/ai/ai_gu_058.wav,ai,Neural TTS,gu-IN-DhwaniNeural,Female,Gujarati Synth,Gujarati,4.0,16000,Raw TTS,કૃત્રિમ બુદ્ધિ ટેકનોલોજી અવાજ વિશ્લેષણમાં મહત્વપૂર્ણ ભૂમિકા ભજવે છે.
ai_gu_059.wav,voice data/ai/ai_gu_059.wav,ai,Neural TTS,gu-IN-NiranjanNeural,Male,Gujarati Synth,Gujarati,4.0,16000,Raw TTS,કૃત્રિમ બુદ્ધિ ટેકનોલોજી અવાજ વિશ્લેષણમાં મહત્વપૂર્ણ ભૂમિકા ભજવે છે.
ai_gu_060.wav,voice data/ai/ai_gu_060.wav,ai,Neural TTS,gu-IN-DhwaniNeural,Female,Gujarati Synth,Gujarati,4.0,16000,Codec Simulated,કૃત્રિમ બુદ્ધિ ટેકનોલોજી અવાજ વિશ્લેષણમાં મહત્વપૂર્ણ ભૂમિકા ભજવે છે.
ai_gu_061.wav,voice data/ai/ai_gu_061.wav,ai,Neural TTS,gu-IN-NiranjanNeural,Male,Gujarati Synth,Gujarati,4.0,16000,Codec Simulated,કૃત્રિમ બુદ્ધિ ટેકનોલોજી અવાજ વિશ્લેષણમાં મહત્વપૂર્ણ ભૂમિકા ભજવે છે.
ai_gu_062.wav,voice data/ai/ai_gu_062.wav,ai,Neural TTS,gu-IN-DhwaniNeural,Female,Gujarati Synth,Gujarati,4.0,16000,Raw TTS,કૃત્રિમ બુદ્ધિ ટેકનોલોજી અવાજ વિશ્લેષણમાં મહત્વપૂર્ણ ભૂમિકા ભજવે છે.
ai_gu_063.wav,voice data/ai/ai_gu_063.wav,ai,Neural TTS,gu-IN-NiranjanNeural,Male,Gujarati Synth,Gujarati,4.0,16000,Raw TTS,કૃત્રિમ બુદ્ધિ ટેકનોલોજી અવાજ વિશ્લેષણમાં મહત્વપૂર્ણ ભૂમિકા ભજવે છે.
ai_gu_064.wav,voice data/ai/ai_gu_064.wav,ai,Neural TTS,gu-IN-DhwaniNeural,Female,Gujarati Synth,Gujarati,4.0,16000,Raw TTS,કૃત્રિમ બુદ્ધિ ટેકનોલોજી અવાજ વિશ્લેષણમાં મહત્વપૂર્ણ ભૂમિકા ભજવે છે.
ai_gu_065.wav,voice data/ai/ai_gu_065.wav,ai,Neural TTS,gu-IN-NiranjanNeural,Male,Gujarati Synth,Gujarati,4.0,16000,Codec Simulated,કૃત્રિમ બુદ્ધિ ટેકનોલોજી અવાજ વિશ્લેષણમાં મહત્વપૂર્ણ ભૂમિકા ભજવે છે.
ai_gu_066.wav,voice data/ai/ai_gu_066.wav,ai,Neural TTS,gu-IN-DhwaniNeural,Female,Gujarati Synth,Gujarati,4.0,16000,Codec Simulated,કૃત્રિમ બુદ્ધિ ટેકનોલોજી અવાજ વિશ્લેષણમાં મહત્વપૂર્ણ ભૂમિકા ભજવે છે.
ai_gu_067.wav,voice data/ai/ai_gu_067.wav,ai,Neural TTS,gu-IN-NiranjanNeural,Male,Gujarati Synth,Gujarati,4.0,16000,Raw TTS,કૃત્રિમ બુદ્ધિ ટેકનોલોજી અવાજ વિશ્લેષણમાં મહત્વપૂર્ણ ભૂમિકા ભજવે છે.
ai_gu_068.wav,voice data/ai/ai_gu_068.wav,ai,Neural TTS,gu-IN-DhwaniNeural,Female,Gujarati Synth,Gujarati,4.0,16000,Raw TTS,કૃત્રિમ બુદ્ધિ ટેકનોલોજી અવાજ વિશ્લેષણમાં મહત્વપૂર્ણ ભૂમિકા ભજવે છે.
ai_gu_069.wav,voice data/ai/ai_gu_069.wav,ai,Neural TTS,gu-IN-NiranjanNeural,Male,Gujarati Synth,Gujarati,4.0,16000,Raw TTS,કૃત્રિમ બુદ્ધિ ટેકનોલોજી અવાજ વિશ્લેષણમાં મહત્વપૂર્ણ ભૂમિકા ભજવે છે.
ai_gu_070.wav,voice data/ai/ai_gu_070.wav,ai,Neural TTS,gu-IN-DhwaniNeural,Female,Gujarati Synth,Gujarati,4.0,16000,Codec Simulated,કૃત્રિમ બુદ્ધિ ટેકનોલોજી અવાજ વિશ્લેષણમાં મહત્વપૂર્ણ ભૂમિકા ભજવે છે.
ai_gu_071.wav,voice data/ai/ai_gu_071.wav,ai,Neural TTS,gu-IN-NiranjanNeural,Male,Gujarati Synth,Gujarati,4.0,16000,Codec Simulated,કૃત્રિમ બુદ્ધિ ટેકનોલોજી અવાજ વિશ્લેષણમાં મહત્વપૂર્ણ ભૂમિકા ભજવે છે.
ai_gu_072.wav,voice data/ai/ai_gu_072.wav,ai,Neural TTS,gu-IN-DhwaniNeural,Female,Gujarati Synth,Gujarati,4.0,16000,Raw TTS,કૃત્રિમ બુદ્ધિ ટેકનોલોજી અવાજ વિશ્લેષણમાં મહત્વપૂર્ણ ભૂમિકા ભજવે છે.
ai_gu_073.wav,voice data/ai/ai_gu_073.wav,ai,Neural TTS,gu-IN-NiranjanNeural,Male,Gujarati Synth,Gujarati,4.0,16000,Raw TTS,કૃત્રિમ બુદ્ધિ ટેકનોલોજી અવાજ વિશ્લેષણમાં મહત્વપૂર્ણ ભૂમિકા ભજવે છે.
ai_gu_074.wav,voice data/ai/ai_gu_074.wav,ai,Neural TTS,gu-IN-DhwaniNeural,Female,Gujarati Synth,Gujarati,4.0,16000,Raw TTS,કૃત્રિમ બુદ્ધિ ટેકનોલોજી અવાજ વિશ્લેષણમાં મહત્વપૂર્ણ ભૂમિકા ભજવે છે.
ai_gu_075.wav,voice data/ai/ai_gu_075.wav,ai,Neural TTS,gu-IN-NiranjanNeural,Male,Gujarati Synth,Gujarati,4.0,16000,Codec Simulated,કૃત્રિમ બુદ્ધિ ટેકનોલોજી અવાજ વિશ્લેષણમાં મહત્વપૂર્ણ ભૂમિકા ભજવે છે.
ai_kn_001.wav,voice data/ai/ai_kn_001.wav,ai,Neural TTS,kn-IN-GaganNeural,Male,Kannada Synth,Kannada,4.0,16000,Codec Simulated,ಕೃತಕ ಬುದ್ಧಿಮತ್ತೆ ಧ್ವನಿ ವಿಶ್ಲೇಷಣೆ ವ್ಯವಸ್ಥೆಯು ಅತ್ಯಂತ ಕರಾರುವಾಕ್ ಫಲಿತಾಂಶಗಳನ್ನು ನೀಡುತ್ತದೆ.
ai_kn_002.wav,voice data/ai/ai_kn_002.wav,ai,Neural TTS,kn-IN-SapnaNeural,Female,Kannada Synth,Kannada,4.0,16000,Raw TTS,ಕೃತಕ ಬುದ್ಧಿಮತ್ತೆ ಧ್ವನಿ ವಿಶ್ಲೇಷಣೆ ವ್ಯವಸ್ಥೆಯು ಅತ್ಯಂತ ಕರಾರುವಾಕ್ ಫಲಿತಾಂಶಗಳನ್ನು ನೀಡುತ್ತದೆ.
ai_kn_003.wav,voice data/ai/ai_kn_003.wav,ai,Neural TTS,kn-IN-GaganNeural,Male,Kannada Synth,Kannada,4.0,16000,Raw TTS,ಕೃತಕ ಬುದ್ಧಿಮತ್ತೆ ಧ್ವನಿ ವಿಶ್ಲೇಷಣೆ ವ್ಯವಸ್ಥೆಯು ಅತ್ಯಂತ ಕರಾರುವಾಕ್ ಫಲಿತಾಂಶಗಳನ್ನು ನೀಡುತ್ತದೆ.
ai_kn_004.wav,voice data/ai/ai_kn_004.wav,ai,Neural TTS,kn-IN-SapnaNeural,Female,Kannada Synth,Kannada,4.0,16000,Raw TTS,ಕೃತಕ ಬುದ್ಧಿಮತ್ತೆ ಧ್ವನಿ ವಿಶ್ಲೇಷಣೆ ವ್ಯವಸ್ಥೆಯು ಅತ್ಯಂತ ಕರಾರುವಾಕ್ ಫಲಿತಾಂಶಗಳನ್ನು ನೀಡುತ್ತದೆ.
ai_kn_005.wav,voice data/ai/ai_kn_005.wav,ai,Neural TTS,kn-IN-GaganNeural,Male,Kannada Synth,Kannada,4.0,16000,Codec Simulated,ಕೃತಕ ಬುದ್ಧಿಮತ್ತೆ ಧ್ವನಿ ವಿಶ್ಲೇಷಣೆ ವ್ಯವಸ್ಥೆಯು ಅತ್ಯಂತ ಕರಾರುವಾಕ್ ಫಲಿತಾಂಶಗಳನ್ನು ನೀಡುತ್ತದೆ.
ai_kn_006.wav,voice data/ai/ai_kn_006.wav,ai,Neural TTS,kn-IN-SapnaNeural,Female,Kannada Synth,Kannada,4.0,16000,Codec Simulated,ಕೃತಕ ಬುದ್ಧಿಮತ್ತೆ ಧ್ವನಿ ವಿಶ್ಲೇಷಣೆ ವ್ಯವಸ್ಥೆಯು ಅತ್ಯಂತ ಕರಾರುವಾಕ್ ಫಲಿತಾಂಶಗಳನ್ನು ನೀಡುತ್ತದೆ.
ai_kn_007.wav,voice data/ai/ai_kn_007.wav,ai,Neural TTS,kn-IN-GaganNeural,Male,Kannada Synth,Kannada,4.0,16000,Raw TTS,ಕೃತಕ ಬುದ್ಧಿಮತ್ತೆ ಧ್ವನಿ ವಿಶ್ಲೇಷಣೆ ವ್ಯವಸ್ಥೆಯು ಅತ್ಯಂತ ಕರಾರುವಾಕ್ ಫಲಿತಾಂಶಗಳನ್ನು ನೀಡುತ್ತದೆ.
ai_kn_008.wav,voice data/ai/ai_kn_008.wav,ai,Neural TTS,kn-IN-SapnaNeural,Female,Kannada Synth,Kannada,4.0,16000,Raw TTS,ಕೃತಕ ಬುದ್ಧಿಮತ್ತೆ ಧ್ವನಿ ವಿಶ್ಲೇಷಣೆ ವ್ಯವಸ್ಥೆಯು ಅತ್ಯಂತ ಕರಾರುವಾಕ್ ಫಲಿತಾಂಶಗಳನ್ನು ನೀಡುತ್ತದೆ.
ai_kn_009.wav,voice data/ai/ai_kn_009.wav,ai,Neural TTS,kn-IN-GaganNeural,Male,Kannada Synth,Kannada,4.0,16000,Raw TTS,ಕೃತಕ ಬುದ್ಧಿಮತ್ತೆ ಧ್ವನಿ ವಿಶ್ಲೇಷಣೆ ವ್ಯವಸ್ಥೆಯು ಅತ್ಯಂತ ಕರಾರುವಾಕ್ ಫಲಿತಾಂಶಗಳನ್ನು ನೀಡುತ್ತದೆ.
ai_kn_010.wav,voice data/ai/ai_kn_010.wav,ai,Neural TTS,kn-IN-SapnaNeural,Female,Kannada Synth,Kannada,4.0,16000,Codec Simulated,ಕೃತಕ ಬುದ್ಧಿಮತ್ತೆ ಧ್ವನಿ ವಿಶ್ಲೇಷಣೆ ವ್ಯವಸ್ಥೆಯು ಅತ್ಯಂತ ಕರಾರುವಾಕ್ ಫಲಿತಾಂಶಗಳನ್ನು ನೀಡುತ್ತದೆ.
ai_kn_011.wav,voice data/ai/ai_kn_011.wav,ai,Neural TTS,kn-IN-GaganNeural,Male,Kannada Synth,Kannada,4.0,16000,Codec Simulated,ಕೃತಕ ಬುದ್ಧಿಮತ್ತೆ ಧ್ವನಿ ವಿಶ್ಲೇಷಣೆ ವ್ಯವಸ್ಥೆಯು ಅತ್ಯಂತ ಕರಾರುವಾಕ್ ಫಲಿತಾಂಶಗಳನ್ನು ನೀಡುತ್ತದೆ.
ai_kn_012.wav,voice data/ai/ai_kn_012.wav,ai,Neural TTS,kn-IN-SapnaNeural,Female,Kannada Synth,Kannada,4.0,16000,Raw TTS,ಕೃತಕ ಬುದ್ಧಿಮತ್ತೆ ಧ್ವನಿ ವಿಶ್ಲೇಷಣೆ ವ್ಯವಸ್ಥೆಯು ಅತ್ಯಂತ ಕರಾರುವಾಕ್ ಫಲಿತಾಂಶಗಳನ್ನು ನೀಡುತ್ತದೆ.
ai_kn_013.wav,voice data/ai/ai_kn_013.wav,ai,Neural TTS,kn-IN-GaganNeural,Male,Kannada Synth,Kannada,4.0,16000,Raw TTS,ಕೃತಕ ಬುದ್ಧಿಮತ್ತೆ ಧ್ವನಿ ವಿಶ್ಲೇಷಣೆ ವ್ಯವಸ್ಥೆಯು ಅತ್ಯಂತ ಕರಾರುವಾಕ್ ಫಲಿತಾಂಶಗಳನ್ನು ನೀಡುತ್ತದೆ.
ai_kn_014.wav,voice data/ai/ai_kn_014.wav,ai,Neural TTS,kn-IN-SapnaNeural,Female,Kannada Synth,Kannada,4.0,16000,Raw TTS,ಕೃತಕ ಬುದ್ಧಿಮತ್ತೆ ಧ್ವನಿ ವಿಶ್ಲೇಷಣೆ ವ್ಯವಸ್ಥೆಯು ಅತ್ಯಂತ ಕರಾರುವಾಕ್ ಫಲಿತಾಂಶಗಳನ್ನು ನೀಡುತ್ತದೆ.
ai_kn_015.wav,voice data/ai/ai_kn_015.wav,ai,Neural TTS,kn-IN-GaganNeural,Male,Kannada Synth,Kannada,4.0,16000,Codec Simulated,ಕೃತಕ ಬುದ್ಧಿಮತ್ತೆ ಧ್ವನಿ ವಿಶ್ಲೇಷಣೆ ವ್ಯವಸ್ಥೆಯು ಅತ್ಯಂತ ಕರಾರುವಾಕ್ ಫಲಿತಾಂಶಗಳನ್ನು ನೀಡುತ್ತದೆ.
ai_kn_016.wav,voice data/ai/ai_kn_016.wav,ai,Neural TTS,kn-IN-SapnaNeural,Female,Kannada Synth,Kannada,4.0,16000,Codec Simulated,ಕೃತಕ ಬುದ್ಧಿಮತ್ತೆ ಧ್ವನಿ ವಿಶ್ಲೇಷಣೆ ವ್ಯವಸ್ಥೆಯು ಅತ್ಯಂತ ಕರಾರುವಾಕ್ ಫಲಿತಾಂಶಗಳನ್ನು ನೀಡುತ್ತದೆ.
ai_kn_017.wav,voice data/ai/ai_kn_017.wav,ai,Neural TTS,kn-IN-GaganNeural,Male,Kannada Synth,Kannada,4.0,16000,Raw TTS,ಕೃತಕ ಬುದ್ಧಿಮತ್ತೆ ಧ್ವನಿ ವಿಶ್ಲೇಷಣೆ ವ್ಯವಸ್ಥೆಯು ಅತ್ಯಂತ ಕರಾರುವಾಕ್ ಫಲಿತಾಂಶಗಳನ್ನು ನೀಡುತ್ತದೆ.
ai_kn_018.wav,voice data/ai/ai_kn_018.wav,ai,Neural TTS,kn-IN-SapnaNeural,Female,Kannada Synth,Kannada,4.0,16000,Raw TTS,ಕೃತಕ ಬುದ್ಧಿಮತ್ತೆ ಧ್ವನಿ ವಿಶ್ಲೇಷಣೆ ವ್ಯವಸ್ಥೆಯು ಅತ್ಯಂತ ಕರಾರುವಾಕ್ ಫಲಿತಾಂಶಗಳನ್ನು ನೀಡುತ್ತದೆ.
ai_kn_019.wav,voice data/ai/ai_kn_019.wav,ai,Neural TTS,kn-IN-GaganNeural,Male,Kannada Synth,Kannada,4.0,16000,Raw TTS,ಕೃತಕ ಬುದ್ಧಿಮತ್ತೆ ಧ್ವನಿ ವಿಶ್ಲೇಷಣೆ ವ್ಯವಸ್ಥೆಯು ಅತ್ಯಂತ ಕರಾರುವಾಕ್ ಫಲಿತಾಂಶಗಳನ್ನು ನೀಡುತ್ತದೆ.
ai_kn_020.wav,voice data/ai/ai_kn_020.wav,ai,Neural TTS,kn-IN-SapnaNeural,Female,Kannada Synth,Kannada,4.0,16000,Codec Simulated,ಕೃತಕ ಬುದ್ಧಿಮತ್ತೆ ಧ್ವನಿ ವಿಶ್ಲೇಷಣೆ ವ್ಯವಸ್ಥೆಯು ಅತ್ಯಂತ ಕರಾರುವಾಕ್ ಫಲಿತಾಂಶಗಳನ್ನು ನೀಡುತ್ತದೆ.
ai_kn_021.wav,voice data/ai/ai_kn_021.wav,ai,Neural TTS,kn-IN-GaganNeural,Male,Kannada Synth,Kannada,4.0,16000,Codec Simulated,ಕೃತಕ ಬುದ್ಧಿಮತ್ತೆ ಧ್ವನಿ ವಿಶ್ಲೇಷಣೆ ವ್ಯವಸ್ಥೆಯು ಅತ್ಯಂತ ಕರಾರುವಾಕ್ ಫಲಿತಾಂಶಗಳನ್ನು ನೀಡುತ್ತದೆ.
ai_kn_022.wav,voice data/ai/ai_kn_022.wav,ai,Neural TTS,kn-IN-SapnaNeural,Female,Kannada Synth,Kannada,4.0,16000,Raw TTS,ಕೃತಕ ಬುದ್ಧಿಮತ್ತೆ ಧ್ವನಿ ವಿಶ್ಲೇಷಣೆ ವ್ಯವಸ್ಥೆಯು ಅತ್ಯಂತ ಕರಾರುವಾಕ್ ಫಲಿತಾಂಶಗಳನ್ನು ನೀಡುತ್ತದೆ.
ai_kn_023.wav,voice data/ai/ai_kn_023.wav,ai,Neural TTS,kn-IN-GaganNeural,Male,Kannada Synth,Kannada,4.0,16000,Raw TTS,ಕೃತಕ ಬುದ್ಧಿಮತ್ತೆ ಧ್ವನಿ ವಿಶ್ಲೇಷಣೆ ವ್ಯವಸ್ಥೆಯು ಅತ್ಯಂತ ಕರಾರುವಾಕ್ ಫಲಿತಾಂಶಗಳನ್ನು ನೀಡುತ್ತದೆ.
ai_kn_024.wav,voice data/ai/ai_kn_024.wav,ai,Neural TTS,kn-IN-SapnaNeural,Female,Kannada Synth,Kannada,4.0,16000,Raw TTS,ಕೃತಕ ಬುದ್ಧಿಮತ್ತೆ ಧ್ವನಿ ವಿಶ್ಲೇಷಣೆ ವ್ಯವಸ್ಥೆಯು ಅತ್ಯಂತ ಕರಾರುವಾಕ್ ಫಲಿತಾಂಶಗಳನ್ನು ನೀಡುತ್ತದೆ.
ai_kn_025.wav,voice data/ai/ai_kn_025.wav,ai,Neural TTS,kn-IN-GaganNeural,Male,Kannada Synth,Kannada,4.0,16000,Codec Simulated,ಕೃತಕ ಬುದ್ಧಿಮತ್ತೆ ಧ್ವನಿ ವಿಶ್ಲೇಷಣೆ ವ್ಯವಸ್ಥೆಯು ಅತ್ಯಂತ ಕರಾರುವಾಕ್ ಫಲಿತಾಂಶಗಳನ್ನು ನೀಡುತ್ತದೆ.
ai_kn_026.wav,voice data/ai/ai_kn_026.wav,ai,Neural TTS,kn-IN-SapnaNeural,Female,Kannada Synth,Kannada,4.0,16000,Codec Simulated,ಕೃತಕ ಬುದ್ಧಿಮತ್ತೆ ಧ್ವನಿ ವಿಶ್ಲೇಷಣೆ ವ್ಯವಸ್ಥೆಯು ಅತ್ಯಂತ ಕರಾರುವಾಕ್ ಫಲಿತಾಂಶಗಳನ್ನು ನೀಡುತ್ತದೆ.
ai_kn_027.wav,voice data/ai/ai_kn_027.wav,ai,Neural TTS,kn-IN-GaganNeural,Male,Kannada Synth,Kannada,4.0,16000,Raw TTS,ಕೃತಕ ಬುದ್ಧಿಮತ್ತೆ ಧ್ವನಿ ವಿಶ್ಲೇಷಣೆ ವ್ಯವಸ್ಥೆಯು ಅತ್ಯಂತ ಕರಾರುವಾಕ್ ಫಲಿತಾಂಶಗಳನ್ನು ನೀಡುತ್ತದೆ.
ai_kn_028.wav,voice data/ai/ai_kn_028.wav,ai,Neural TTS,kn-IN-SapnaNeural,Female,Kannada Synth,Kannada,4.0,16000,Raw TTS,ಕೃತಕ ಬುದ್ಧಿಮತ್ತೆ ಧ್ವನಿ ವಿಶ್ಲೇಷಣೆ ವ್ಯವಸ್ಥೆಯು ಅತ್ಯಂತ ಕರಾರುವಾಕ್ ಫಲಿತಾಂಶಗಳನ್ನು ನೀಡುತ್ತದೆ.
ai_kn_029.wav,voice data/ai/ai_kn_029.wav,ai,Neural TTS,kn-IN-GaganNeural,Male,Kannada Synth,Kannada,4.0,16000,Raw TTS,ಕೃತಕ ಬುದ್ಧಿಮತ್ತೆ ಧ್ವನಿ ವಿಶ್ಲೇಷಣೆ ವ್ಯವಸ್ಥೆಯು ಅತ್ಯಂತ ಕರಾರುವಾಕ್ ಫಲಿತಾಂಶಗಳನ್ನು ನೀಡುತ್ತದೆ.
ai_kn_030.wav,voice data/ai/ai_kn_030.wav,ai,Neural TTS,kn-IN-SapnaNeural,Female,Kannada Synth,Kannada,4.0,16000,Codec Simulated,ಕೃತಕ ಬುದ್ಧಿಮತ್ತೆ ಧ್ವನಿ ವಿಶ್ಲೇಷಣೆ ವ್ಯವಸ್ಥೆಯು ಅತ್ಯಂತ ಕರಾರುವಾಕ್ ಫಲಿತಾಂಶಗಳನ್ನು ನೀಡುತ್ತದೆ.
ai_kn_031.wav,voice data/ai/ai_kn_031.wav,ai,Neural TTS,kn-IN-GaganNeural,Male,Kannada Synth,Kannada,4.0,16000,Codec Simulated,ಕೃತಕ ಬುದ್ಧಿಮತ್ತೆ ಧ್ವನಿ ವಿಶ್ಲೇಷಣೆ ವ್ಯವಸ್ಥೆಯು ಅತ್ಯಂತ ಕರಾರುವಾಕ್ ಫಲಿತಾಂಶಗಳನ್ನು ನೀಡುತ್ತದೆ.
ai_kn_032.wav,voice data/ai/ai_kn_032.wav,ai,Neural TTS,kn-IN-SapnaNeural,Female,Kannada Synth,Kannada,4.0,16000,Raw TTS,ಕೃತಕ ಬುದ್ಧಿಮತ್ತೆ ಧ್ವನಿ ವಿಶ್ಲೇಷಣೆ ವ್ಯವಸ್ಥೆಯು ಅತ್ಯಂತ ಕರಾರುವಾಕ್ ಫಲಿತಾಂಶಗಳನ್ನು ನೀಡುತ್ತದೆ.
ai_kn_033.wav,voice data/ai/ai_kn_033.wav,ai,Neural TTS,kn-IN-GaganNeural,Male,Kannada Synth,Kannada,4.0,16000,Raw TTS,ಕೃತಕ ಬುದ್ಧಿಮತ್ತೆ ಧ್ವನಿ ವಿಶ್ಲೇಷಣೆ ವ್ಯವಸ್ಥೆಯು ಅತ್ಯಂತ ಕರಾರುವಾಕ್ ಫಲಿತಾಂಶಗಳನ್ನು ನೀಡುತ್ತದೆ.
ai_kn_034.wav,voice data/ai/ai_kn_034.wav,ai,Neural TTS,kn-IN-SapnaNeural,Female,Kannada Synth,Kannada,4.0,16000,Raw TTS,ಕೃತಕ ಬುದ್ಧಿಮತ್ತೆ ಧ್ವನಿ ವಿಶ್ಲೇಷಣೆ ವ್ಯವಸ್ಥೆಯು ಅತ್ಯಂತ ಕರಾರುವಾಕ್ ಫಲಿತಾಂಶಗಳನ್ನು ನೀಡುತ್ತದೆ.
ai_kn_035.wav,voice data/ai/ai_kn_035.wav,ai,Neural TTS,kn-IN-GaganNeural,Male,Kannada Synth,Kannada,4.0,16000,Codec Simulated,ಕೃತಕ ಬುದ್ಧಿಮತ್ತೆ ಧ್ವನಿ ವಿಶ್ಲೇಷಣೆ ವ್ಯವಸ್ಥೆಯು ಅತ್ಯಂತ ಕರಾರುವಾಕ್ ಫಲಿತಾಂಶಗಳನ್ನು ನೀಡುತ್ತದೆ.
ai_kn_036.wav,voice data/ai/ai_kn_036.wav,ai,Neural TTS,kn-IN-SapnaNeural,Female,Kannada Synth,Kannada,4.0,16000,Codec Simulated,ಕೃತಕ ಬುದ್ಧಿಮತ್ತೆ ಧ್ವನಿ ವಿಶ್ಲೇಷಣೆ ವ್ಯವಸ್ಥೆಯು ಅತ್ಯಂತ ಕರಾರುವಾಕ್ ಫಲಿತಾಂಶಗಳನ್ನು ನೀಡುತ್ತದೆ.
ai_kn_037.wav,voice data/ai/ai_kn_037.wav,ai,Neural TTS,kn-IN-GaganNeural,Male,Kannada Synth,Kannada,4.0,16000,Raw TTS,ಕೃತಕ ಬುದ್ಧಿಮತ್ತೆ ಧ್ವನಿ ವಿಶ್ಲೇಷಣೆ ವ್ಯವಸ್ಥೆಯು ಅತ್ಯಂತ ಕರಾರುವಾಕ್ ಫಲಿತಾಂಶಗಳನ್ನು ನೀಡುತ್ತದೆ.
ai_kn_038.wav,voice data/ai/ai_kn_038.wav,ai,Neural TTS,kn-IN-SapnaNeural,Female,Kannada Synth,Kannada,4.0,16000,Raw TTS,ಕೃತಕ ಬುದ್ಧಿಮತ್ತೆ ಧ್ವನಿ ವಿಶ್ಲೇಷಣೆ ವ್ಯವಸ್ಥೆಯು ಅತ್ಯಂತ ಕರಾರುವಾಕ್ ಫಲಿತಾಂಶಗಳನ್ನು ನೀಡುತ್ತದೆ.
ai_kn_039.wav,voice data/ai/ai_kn_039.wav,ai,Neural TTS,kn-IN-GaganNeural,Male,Kannada Synth,Kannada,4.0,16000,Raw TTS,ಕೃತಕ ಬುದ್ಧಿಮತ್ತೆ ಧ್ವನಿ ವಿಶ್ಲೇಷಣೆ ವ್ಯವಸ್ಥೆಯು ಅತ್ಯಂತ ಕರಾರುವಾಕ್ ಫಲಿತಾಂಶಗಳನ್ನು ನೀಡುತ್ತದೆ.
ai_kn_040.wav,voice data/ai/ai_kn_040.wav,ai,Neural TTS,kn-IN-SapnaNeural,Female,Kannada Synth,Kannada,4.0,16000,Codec Simulated,ಕೃತಕ ಬುದ್ಧಿಮತ್ತೆ ಧ್ವನಿ ವಿಶ್ಲೇಷಣೆ ವ್ಯವಸ್ಥೆಯು ಅತ್ಯಂತ ಕರಾರುವಾಕ್ ಫಲಿತಾಂಶಗಳನ್ನು ನೀಡುತ್ತದೆ.
ai_kn_041.wav,voice data/ai/ai_kn_041.wav,ai,Neural TTS,kn-IN-GaganNeural,Male,Kannada Synth,Kannada,4.0,16000,Codec Simulated,ಕೃತಕ ಬುದ್ಧಿಮತ್ತೆ ಧ್ವನಿ ವಿಶ್ಲೇಷಣೆ ವ್ಯವಸ್ಥೆಯು ಅತ್ಯಂತ ಕರಾರುವಾಕ್ ಫಲಿತಾಂಶಗಳನ್ನು ನೀಡುತ್ತದೆ.
ai_kn_042.wav,voice data/ai/ai_kn_042.wav,ai,Neural TTS,kn-IN-SapnaNeural,Female,Kannada Synth,Kannada,4.0,16000,Raw TTS,ಕೃತಕ ಬುದ್ಧಿಮತ್ತೆ ಧ್ವನಿ ವಿಶ್ಲೇಷಣೆ ವ್ಯವಸ್ಥೆಯು ಅತ್ಯಂತ ಕರಾರುವಾಕ್ ಫಲಿತಾಂಶಗಳನ್ನು ನೀಡುತ್ತದೆ.
ai_kn_043.wav,voice data/ai/ai_kn_043.wav,ai,Neural TTS,kn-IN-GaganNeural,Male,Kannada Synth,Kannada,4.0,16000,Raw TTS,ಕೃತಕ ಬುದ್ಧಿಮತ್ತೆ ಧ್ವನಿ ವಿಶ್ಲೇಷಣೆ ವ್ಯವಸ್ಥೆಯು ಅತ್ಯಂತ ಕರಾರುವಾಕ್ ಫಲಿತಾಂಶಗಳನ್ನು ನೀಡುತ್ತದೆ.
ai_kn_044.wav,voice data/ai/ai_kn_044.wav,ai,Neural TTS,kn-IN-SapnaNeural,Female,Kannada Synth,Kannada,4.0,16000,Raw TTS,ಕೃತಕ ಬುದ್ಧಿಮತ್ತೆ ಧ್ವನಿ ವಿಶ್ಲೇಷಣೆ ವ್ಯವಸ್ಥೆಯು ಅತ್ಯಂತ ಕರಾರುವಾಕ್ ಫಲಿತಾಂಶಗಳನ್ನು ನೀಡುತ್ತದೆ.
ai_kn_045.wav,voice data/ai/ai_kn_045.wav,ai,Neural TTS,kn-IN-GaganNeural,Male,Kannada Synth,Kannada,4.0,16000,Codec Simulated,ಕೃತಕ ಬುದ್ಧಿಮತ್ತೆ ಧ್ವನಿ ವಿಶ್ಲೇಷಣೆ ವ್ಯವಸ್ಥೆಯು ಅತ್ಯಂತ ಕರಾರುವಾಕ್ ಫಲಿತಾಂಶಗಳನ್ನು ನೀಡುತ್ತದೆ.
ai_kn_046.wav,voice data/ai/ai_kn_046.wav,ai,Neural TTS,kn-IN-SapnaNeural,Female,Kannada Synth,Kannada,4.0,16000,Codec Simulated,ಕೃತಕ ಬುದ್ಧಿಮತ್ತೆ ಧ್ವನಿ ವಿಶ್ಲೇಷಣೆ ವ್ಯವಸ್ಥೆಯು ಅತ್ಯಂತ ಕರಾರುವಾಕ್ ಫಲಿತಾಂಶಗಳನ್ನು ನೀಡುತ್ತದೆ.
ai_kn_047.wav,voice data/ai/ai_kn_047.wav,ai,Neural TTS,kn-IN-GaganNeural,Male,Kannada Synth,Kannada,4.0,16000,Raw TTS,ಕೃತಕ ಬುದ್ಧಿಮತ್ತೆ ಧ್ವನಿ ವಿಶ್ಲೇಷಣೆ ವ್ಯವಸ್ಥೆಯು ಅತ್ಯಂತ ಕರಾರುವಾಕ್ ಫಲಿತಾಂಶಗಳನ್ನು ನೀಡುತ್ತದೆ.
ai_kn_048.wav,voice data/ai/ai_kn_048.wav,ai,Neural TTS,kn-IN-SapnaNeural,Female,Kannada Synth,Kannada,4.0,16000,Raw TTS,ಕೃತಕ ಬುದ್ಧಿಮತ್ತೆ ಧ್ವನಿ ವಿಶ್ಲೇಷಣೆ ವ್ಯವಸ್ಥೆಯು ಅತ್ಯಂತ ಕರಾರುವಾಕ್ ಫಲಿತಾಂಶಗಳನ್ನು ನೀಡುತ್ತದೆ.
ai_kn_049.wav,voice data/ai/ai_kn_049.wav,ai,Neural TTS,kn-IN-GaganNeural,Male,Kannada Synth,Kannada,4.0,16000,Raw TTS,ಕೃತಕ ಬುದ್ಧಿಮತ್ತೆ ಧ್ವನಿ ವಿಶ್ಲೇಷಣೆ ವ್ಯವಸ್ಥೆಯು ಅತ್ಯಂತ ಕರಾರುವಾಕ್ ಫಲಿತಾಂಶಗಳನ್ನು ನೀಡುತ್ತದೆ.
ai_kn_050.wav,voice data/ai/ai_kn_050.wav,ai,Neural TTS,kn-IN-SapnaNeural,Female,Kannada Synth,Kannada,4.0,16000,Codec Simulated,ಕೃತಕ ಬುದ್ಧಿಮತ್ತೆ ಧ್ವನಿ ವಿಶ್ಲೇಷಣೆ ವ್ಯವಸ್ಥೆಯು ಅತ್ಯಂತ ಕರಾರುವಾಕ್ ಫಲಿತಾಂಶಗಳನ್ನು ನೀಡುತ್ತದೆ.
ai_kn_051.wav,voice data/ai/ai_kn_051.wav,ai,Neural TTS,kn-IN-GaganNeural,Male,Kannada Synth,Kannada,4.0,16000,Codec Simulated,ಕೃತಕ ಬುದ್ಧಿಮತ್ತೆ ಧ್ವನಿ ವಿಶ್ಲೇಷಣೆ ವ್ಯವಸ್ಥೆಯು ಅತ್ಯಂತ ಕರಾರುವಾಕ್ ಫಲಿತಾಂಶಗಳನ್ನು ನೀಡುತ್ತದೆ.
ai_kn_052.wav,voice data/ai/ai_kn_052.wav,ai,Neural TTS,kn-IN-SapnaNeural,Female,Kannada Synth,Kannada,4.0,16000,Raw TTS,ಕೃತಕ ಬುದ್ಧಿಮತ್ತೆ ಧ್ವನಿ ವಿಶ್ಲೇಷಣೆ ವ್ಯವಸ್ಥೆಯು ಅತ್ಯಂತ ಕರಾರುವಾಕ್ ಫಲಿತಾಂಶಗಳನ್ನು ನೀಡುತ್ತದೆ.
ai_kn_053.wav,voice data/ai/ai_kn_053.wav,ai,Neural TTS,kn-IN-GaganNeural,Male,Kannada Synth,Kannada,4.0,16000,Raw TTS,ಕೃತಕ ಬುದ್ಧಿಮತ್ತೆ ಧ್ವನಿ ವಿಶ್ಲೇಷಣೆ ವ್ಯವಸ್ಥೆಯು ಅತ್ಯಂತ ಕರಾರುವಾಕ್ ಫಲಿತಾಂಶಗಳನ್ನು ನೀಡುತ್ತದೆ.
ai_kn_054.wav,voice data/ai/ai_kn_054.wav,ai,Neural TTS,kn-IN-SapnaNeural,Female,Kannada Synth,Kannada,4.0,16000,Raw TTS,ಕೃತಕ ಬುದ್ಧಿಮತ್ತೆ ಧ್ವನಿ ವಿಶ್ಲೇಷಣೆ ವ್ಯವಸ್ಥೆಯು ಅತ್ಯಂತ ಕರಾರುವಾಕ್ ಫಲಿತಾಂಶಗಳನ್ನು ನೀಡುತ್ತದೆ.
ai_kn_055.wav,voice data/ai/ai_kn_055.wav,ai,Neural TTS,kn-IN-GaganNeural,Male,Kannada Synth,Kannada,4.0,16000,Codec Simulated,ಕೃತಕ ಬುದ್ಧಿಮತ್ತೆ ಧ್ವನಿ ವಿಶ್ಲೇಷಣೆ ವ್ಯವಸ್ಥೆಯು ಅತ್ಯಂತ ಕರಾರುವಾಕ್ ಫಲಿತಾಂಶಗಳನ್ನು ನೀಡುತ್ತದೆ.
ai_kn_056.wav,voice data/ai/ai_kn_056.wav,ai,Neural TTS,kn-IN-SapnaNeural,Female,Kannada Synth,Kannada,4.0,16000,Codec Simulated,ಕೃತಕ ಬುದ್ಧಿಮತ್ತೆ ಧ್ವನಿ ವಿಶ್ಲೇಷಣೆ ವ್ಯವಸ್ಥೆಯು ಅತ್ಯಂತ ಕರಾರುವಾಕ್ ಫಲಿತಾಂಶಗಳನ್ನು ನೀಡುತ್ತದೆ.
ai_kn_057.wav,voice data/ai/ai_kn_057.wav,ai,Neural TTS,kn-IN-GaganNeural,Male,Kannada Synth,Kannada,4.0,16000,Raw TTS,ಕೃತಕ ಬುದ್ಧಿಮತ್ತೆ ಧ್ವನಿ ವಿಶ್ಲೇಷಣೆ ವ್ಯವಸ್ಥೆಯು ಅತ್ಯಂತ ಕರಾರುವಾಕ್ ಫಲಿತಾಂಶಗಳನ್ನು ನೀಡುತ್ತದೆ.
ai_kn_058.wav,voice data/ai/ai_kn_058.wav,ai,Neural TTS,kn-IN-SapnaNeural,Female,Kannada Synth,Kannada,4.0,16000,Raw TTS,ಕೃತಕ ಬುದ್ಧಿಮತ್ತೆ ಧ್ವನಿ ವಿಶ್ಲೇಷಣೆ ವ್ಯವಸ್ಥೆಯು ಅತ್ಯಂತ ಕರಾರುವಾಕ್ ಫಲಿತಾಂಶಗಳನ್ನು ನೀಡುತ್ತದೆ.
ai_kn_059.wav,voice data/ai/ai_kn_059.wav,ai,Neural TTS,kn-IN-GaganNeural,Male,Kannada Synth,Kannada,4.0,16000,Raw TTS,ಕೃತಕ ಬುದ್ಧಿಮತ್ತೆ ಧ್ವನಿ ವಿಶ್ಲೇಷಣೆ ವ್ಯವಸ್ಥೆಯು ಅತ್ಯಂತ ಕರಾರುವಾಕ್ ಫಲಿತಾಂಶಗಳನ್ನು ನೀಡುತ್ತದೆ.
ai_kn_060.wav,voice data/ai/ai_kn_060.wav,ai,Neural TTS,kn-IN-SapnaNeural,Female,Kannada Synth,Kannada,4.0,16000,Codec Simulated,ಕೃತಕ ಬುದ್ಧಿಮತ್ತೆ ಧ್ವನಿ ವಿಶ್ಲೇಷಣೆ ವ್ಯವಸ್ಥೆಯು ಅತ್ಯಂತ ಕರಾರುವಾಕ್ ಫಲಿತಾಂಶಗಳನ್ನು ನೀಡುತ್ತದೆ.
ai_kn_061.wav,voice data/ai/ai_kn_061.wav,ai,Neural TTS,kn-IN-GaganNeural,Male,Kannada Synth,Kannada,4.0,16000,Codec Simulated,ಕೃತಕ ಬುದ್ಧಿಮತ್ತೆ ಧ್ವನಿ ವಿಶ್ಲೇಷಣೆ ವ್ಯವಸ್ಥೆಯು ಅತ್ಯಂತ ಕರಾರುವಾಕ್ ಫಲಿತಾಂಶಗಳನ್ನು ನೀಡುತ್ತದೆ.
ai_kn_062.wav,voice data/ai/ai_kn_062.wav,ai,Neural TTS,kn-IN-SapnaNeural,Female,Kannada Synth,Kannada,4.0,16000,Raw TTS,ಕೃತಕ ಬುದ್ಧಿಮತ್ತೆ ಧ್ವನಿ ವಿಶ್ಲೇಷಣೆ ವ್ಯವಸ್ಥೆಯು ಅತ್ಯಂತ ಕರಾರುವಾಕ್ ಫಲಿತಾಂಶಗಳನ್ನು ನೀಡುತ್ತದೆ.
ai_kn_063.wav,voice data/ai/ai_kn_063.wav,ai,Neural TTS,kn-IN-GaganNeural,Male,Kannada Synth,Kannada,4.0,16000,Raw TTS,ಕೃತಕ ಬುದ್ಧಿಮತ್ತೆ ಧ್ವನಿ ವಿಶ್ಲೇಷಣೆ ವ್ಯವಸ್ಥೆಯು ಅತ್ಯಂತ ಕರಾರುವಾಕ್ ಫಲಿತಾಂಶಗಳನ್ನು ನೀಡುತ್ತದೆ.
ai_kn_064.wav,voice data/ai/ai_kn_064.wav,ai,Neural TTS,kn-IN-SapnaNeural,Female,Kannada Synth,Kannada,4.0,16000,Raw TTS,ಕೃತಕ ಬುದ್ಧಿಮತ್ತೆ ಧ್ವನಿ ವಿಶ್ಲೇಷಣೆ ವ್ಯವಸ್ಥೆಯು ಅತ್ಯಂತ ಕರಾರುವಾಕ್ ಫಲಿತಾಂಶಗಳನ್ನು ನೀಡುತ್ತದೆ.
ai_kn_065.wav,voice data/ai/ai_kn_065.wav,ai,Neural TTS,kn-IN-GaganNeural,Male,Kannada Synth,Kannada,4.0,16000,Codec Simulated,ಕೃತಕ ಬುದ್ಧಿಮತ್ತೆ ಧ್ವನಿ ವಿಶ್ಲೇಷಣೆ ವ್ಯವಸ್ಥೆಯು ಅತ್ಯಂತ ಕರಾರುವಾಕ್ ಫಲಿತಾಂಶಗಳನ್ನು ನೀಡುತ್ತದೆ.
ai_kn_066.wav,voice data/ai/ai_kn_066.wav,ai,Neural TTS,kn-IN-SapnaNeural,Female,Kannada Synth,Kannada,4.0,16000,Codec Simulated,ಕೃತಕ ಬುದ್ಧಿಮತ್ತೆ ಧ್ವನಿ ವಿಶ್ಲೇಷಣೆ ವ್ಯವಸ್ಥೆಯು ಅತ್ಯಂತ ಕರಾರುವಾಕ್ ಫಲಿತಾಂಶಗಳನ್ನು ನೀಡುತ್ತದೆ.
ai_kn_067.wav,voice data/ai/ai_kn_067.wav,ai,Neural TTS,kn-IN-GaganNeural,Male,Kannada Synth,Kannada,4.0,16000,Raw TTS,ಕೃತಕ ಬುದ್ಧಿಮತ್ತೆ ಧ್ವನಿ ವಿಶ್ಲೇಷಣೆ ವ್ಯವಸ್ಥೆಯು ಅತ್ಯಂತ ಕರಾರುವಾಕ್ ಫಲಿತಾಂಶಗಳನ್ನು ನೀಡುತ್ತದೆ.
ai_kn_068.wav,voice data/ai/ai_kn_068.wav,ai,Neural TTS,kn-IN-SapnaNeural,Female,Kannada Synth,Kannada,4.0,16000,Raw TTS,ಕೃತಕ ಬುದ್ಧಿಮತ್ತೆ ಧ್ವನಿ ವಿಶ್ಲೇಷಣೆ ವ್ಯವಸ್ಥೆಯು ಅತ್ಯಂತ ಕರಾರುವಾಕ್ ಫಲಿತಾಂಶಗಳನ್ನು ನೀಡುತ್ತದೆ.
ai_kn_069.wav,voice data/ai/ai_kn_069.wav,ai,Neural TTS,kn-IN-GaganNeural,Male,Kannada Synth,Kannada,4.0,16000,Raw TTS,ಕೃತಕ ಬುದ್ಧಿಮತ್ತೆ ಧ್ವನಿ ವಿಶ್ಲೇಷಣೆ ವ್ಯವಸ್ಥೆಯು ಅತ್ಯಂತ ಕರಾರುವಾಕ್ ಫಲಿತಾಂಶಗಳನ್ನು ನೀಡುತ್ತದೆ.
ai_kn_070.wav,voice data/ai/ai_kn_070.wav,ai,Neural TTS,kn-IN-SapnaNeural,Female,Kannada Synth,Kannada,4.0,16000,Codec Simulated,ಕೃತಕ ಬುದ್ಧಿಮತ್ತೆ ಧ್ವನಿ ವಿಶ್ಲೇಷಣೆ ವ್ಯವಸ್ಥೆಯು ಅತ್ಯಂತ ಕರಾರುವಾಕ್ ಫಲಿತಾಂಶಗಳನ್ನು ನೀಡುತ್ತದೆ.
ai_kn_071.wav,voice data/ai/ai_kn_071.wav,ai,Neural TTS,kn-IN-GaganNeural,Male,Kannada Synth,Kannada,4.0,16000,Codec Simulated,ಕೃತಕ ಬುದ್ಧಿಮತ್ತೆ ಧ್ವನಿ ವಿಶ್ಲೇಷಣೆ ವ್ಯವಸ್ಥೆಯು ಅತ್ಯಂತ ಕರಾರುವಾಕ್ ಫಲಿತಾಂಶಗಳನ್ನು ನೀಡುತ್ತದೆ.
ai_kn_072.wav,voice data/ai/ai_kn_072.wav,ai,Neural TTS,kn-IN-SapnaNeural,Female,Kannada Synth,Kannada,4.0,16000,Raw TTS,ಕೃತಕ ಬುದ್ಧಿಮತ್ತೆ ಧ್ವನಿ ವಿಶ್ಲೇಷಣೆ ವ್ಯವಸ್ಥೆಯು ಅತ್ಯಂತ ಕರಾರುವಾಕ್ ಫಲಿತಾಂಶಗಳನ್ನು ನೀಡುತ್ತದೆ.
ai_kn_073.wav,voice data/ai/ai_kn_073.wav,ai,Neural TTS,kn-IN-GaganNeural,Male,Kannada Synth,Kannada,4.0,16000,Raw TTS,ಕೃತಕ ಬುದ್ಧಿಮತ್ತೆ ಧ್ವನಿ ವಿಶ್ಲೇಷಣೆ ವ್ಯವಸ್ಥೆಯು ಅತ್ಯಂತ ಕರಾರುವಾಕ್ ಫಲಿತಾಂಶಗಳನ್ನು ನೀಡುತ್ತದೆ.
ai_kn_074.wav,voice data/ai/ai_kn_074.wav,ai,Neural TTS,kn-IN-SapnaNeural,Female,Kannada Synth,Kannada,4.0,16000,Raw TTS,ಕೃತಕ ಬುದ್ಧಿಮತ್ತೆ ಧ್ವನಿ ವಿಶ್ಲೇಷಣೆ ವ್ಯವಸ್ಥೆಯು ಅತ್ಯಂತ ಕರಾರುವಾಕ್ ಫಲಿತಾಂಶಗಳನ್ನು ನೀಡುತ್ತದೆ.
ai_kn_075.wav,voice data/ai/ai_kn_075.wav,ai,Neural TTS,kn-IN-GaganNeural,Male,Kannada Synth,Kannada,4.0,16000,Codec Simulated,ಕೃತಕ ಬುದ್ಧಿಮತ್ತೆ ಧ್ವನಿ ವಿಶ್ಲೇಷಣೆ ವ್ಯವಸ್ಥೆಯು ಅತ್ಯಂತ ಕರಾರುವಾಕ್ ಫಲಿತಾಂಶಗಳನ್ನು ನೀಡುತ್ತದೆ.
ai_ml_001.wav,voice data/ai/ai_ml_001.wav,ai,Neural TTS,ml-IN-MidhunNeural,Male,Malayalam Synth,Malayalam,4.0,16000,Codec Simulated,കൃത്രിമബുദ്ധി ശബ്ദ വിശകലന സംവിധാനം ശബ്ദ സവിശേഷതകൾ തിരിച്ചറിയുന്നു.
ai_ml_002.wav,voice data/ai/ai_ml_002.wav,ai,Neural TTS,ml-IN-SobhanaNeural,Female,Malayalam Synth,Malayalam,4.0,16000,Raw TTS,കൃത്രിമബുദ്ധി ശബ്ദ വിശകലന സംവിധാനം ശബ്ദ സവിശേഷതകൾ തിരിച്ചറിയുന്നു.
ai_ml_003.wav,voice data/ai/ai_ml_003.wav,ai,Neural TTS,ml-IN-MidhunNeural,Male,Malayalam Synth,Malayalam,4.0,16000,Raw TTS,കൃത്രിമബുദ്ധി ശബ്ദ വിശകലന സംവിധാനം ശബ്ദ സവിശേഷതകൾ തിരിച്ചറിയുന്നു.
ai_ml_004.wav,voice data/ai/ai_ml_004.wav,ai,Neural TTS,ml-IN-SobhanaNeural,Female,Malayalam Synth,Malayalam,4.0,16000,Raw TTS,കൃത്രിമബുദ്ധി ശബ്ദ വിശകലന സംവിധാനം ശബ്ദ സവിശേഷതകൾ തിരിച്ചറിയുന്നു.
ai_ml_005.wav,voice data/ai/ai_ml_005.wav,ai,Neural TTS,ml-IN-MidhunNeural,Male,Malayalam Synth,Malayalam,4.0,16000,Codec Simulated,കൃത്രിമബുദ്ധി ശബ്ദ വിശകലന സംവിധാനം ശബ്ദ സവിശേഷതകൾ തിരിച്ചറിയുന്നു.
ai_ml_006.wav,voice data/ai/ai_ml_006.wav,ai,Neural TTS,ml-IN-SobhanaNeural,Female,Malayalam Synth,Malayalam,4.0,16000,Codec Simulated,കൃത്രിമബുദ്ധി ശബ്ദ വിശകലന സംവിധാനം ശബ്ദ സവിശേഷതകൾ തിരിച്ചറിയുന്നു.
ai_ml_007.wav,voice data/ai/ai_ml_007.wav,ai,Neural TTS,ml-IN-MidhunNeural,Male,Malayalam Synth,Malayalam,4.0,16000,Raw TTS,കൃത്രിമബുദ്ധി ശബ്ദ വിശകലന സംവിധാനം ശബ്ദ സവിശേഷതകൾ തിരിച്ചറിയുന്നു.
ai_ml_008.wav,voice data/ai/ai_ml_008.wav,ai,Neural TTS,ml-IN-SobhanaNeural,Female,Malayalam Synth,Malayalam,4.0,16000,Raw TTS,കൃത്രിമബുദ്ധി ശബ്ദ വിശകലന സംവിധാനം ശബ്ദ സവിശേഷതകൾ തിരിച്ചറിയുന്നു.
ai_ml_009.wav,voice data/ai/ai_ml_009.wav,ai,Neural TTS,ml-IN-MidhunNeural,Male,Malayalam Synth,Malayalam,4.0,16000,Raw TTS,കൃത്രിമബുദ്ധി ശബ്ദ വിശകലന സംവിധാനം ശബ്ദ സവിശേഷതകൾ തിരിച്ചറിയുന്നു.
ai_ml_010.wav,voice data/ai/ai_ml_010.wav,ai,Neural TTS,ml-IN-SobhanaNeural,Female,Malayalam Synth,Malayalam,4.0,16000,Codec Simulated,കൃത്രിമബുദ്ധി ശബ്ദ വിശകലന സംവിധാനം ശബ്ദ സവിശേഷതകൾ തിരിച്ചറിയുന്നു.
ai_ml_011.wav,voice data/ai/ai_ml_011.wav,ai,Neural TTS,ml-IN-MidhunNeural,Male,Malayalam Synth,Malayalam,4.0,16000,Codec Simulated,കൃത്രിമബുദ്ധി ശബ്ദ വിശകലന സംവിധാനം ശബ്ദ സവിശേഷതകൾ തിരിച്ചറിയുന്നു.
ai_ml_012.wav,voice data/ai/ai_ml_012.wav,ai,Neural TTS,ml-IN-SobhanaNeural,Female,Malayalam Synth,Malayalam,4.0,16000,Raw TTS,കൃത്രിമബുദ്ധി ശബ്ദ വിശകലന സംവിധാനം ശബ്ദ സവിശേഷതകൾ തിരിച്ചറിയുന്നു.
ai_ml_013.wav,voice data/ai/ai_ml_013.wav,ai,Neural TTS,ml-IN-MidhunNeural,Male,Malayalam Synth,Malayalam,4.0,16000,Raw TTS,കൃത്രിമബുദ്ധി ശബ്ദ വിശകലന സംവിധാനം ശബ്ദ സവിശേഷതകൾ തിരിച്ചറിയുന്നു.
ai_ml_014.wav,voice data/ai/ai_ml_014.wav,ai,Neural TTS,ml-IN-SobhanaNeural,Female,Malayalam Synth,Malayalam,4.0,16000,Raw TTS,കൃത്രിമബുദ്ധി ശബ്ദ വിശകലന സംവിധാനം ശബ്ദ സവിശേഷതകൾ തിരിച്ചറിയുന്നു.
ai_ml_015.wav,voice data/ai/ai_ml_015.wav,ai,Neural TTS,ml-IN-MidhunNeural,Male,Malayalam Synth,Malayalam,4.0,16000,Codec Simulated,കൃത്രിമബുദ്ധി ശബ്ദ വിശകലന സംവിധാനം ശബ്ദ സവിശേഷതകൾ തിരിച്ചറിയുന്നു.
ai_ml_016.wav,voice data/ai/ai_ml_016.wav,ai,Neural TTS,ml-IN-SobhanaNeural,Female,Malayalam Synth,Malayalam,4.0,16000,Codec Simulated,കൃത്രിമബുദ്ധി ശബ്ദ വിശകലന സംവിധാനം ശബ്ദ സവിശേഷതകൾ തിരിച്ചറിയുന്നു.
ai_ml_017.wav,voice data/ai/ai_ml_017.wav,ai,Neural TTS,ml-IN-MidhunNeural,Male,Malayalam Synth,Malayalam,4.0,16000,Raw TTS,കൃത്രിമബുദ്ധി ശബ്ദ വിശകലന സംവിധാനം ശബ്ദ സവിശേഷതകൾ തിരിച്ചറിയുന്നു.
ai_ml_018.wav,voice data/ai/ai_ml_018.wav,ai,Neural TTS,ml-IN-SobhanaNeural,Female,Malayalam Synth,Malayalam,4.0,16000,Raw TTS,കൃത്രിമബുദ്ധി ശബ്ദ വിശകലന സംവിധാനം ശബ്ദ സവിശേഷതകൾ തിരിച്ചറിയുന്നു.
ai_ml_019.wav,voice data/ai/ai_ml_019.wav,ai,Neural TTS,ml-IN-MidhunNeural,Male,Malayalam Synth,Malayalam,4.0,16000,Raw TTS,കൃത്രിമബുദ്ധി ശബ്ദ വിശകലന സംവിധാനം ശബ്ദ സവിശേഷതകൾ തിരിച്ചറിയുന്നു.
ai_ml_020.wav,voice data/ai/ai_ml_020.wav,ai,Neural TTS,ml-IN-SobhanaNeural,Female,Malayalam Synth,Malayalam,4.0,16000,Codec Simulated,കൃത്രിമബുദ്ധി ശബ്ദ വിശകലന സംവിധാനം ശബ്ദ സവിശേഷതകൾ തിരിച്ചറിയുന്നു.
ai_ml_021.wav,voice data/ai/ai_ml_021.wav,ai,Neural TTS,ml-IN-MidhunNeural,Male,Malayalam Synth,Malayalam,4.0,16000,Codec Simulated,കൃത്രിമബുദ്ധി ശബ്ദ വിശകലന സംവിധാനം ശബ്ദ സവിശേഷതകൾ തിരിച്ചറിയുന്നു.
ai_ml_022.wav,voice data/ai/ai_ml_022.wav,ai,Neural TTS,ml-IN-SobhanaNeural,Female,Malayalam Synth,Malayalam,4.0,16000,Raw TTS,കൃത്രിമബുദ്ധി ശബ്ദ വിശകലന സംവിധാനം ശബ്ദ സവിശേഷതകൾ തിരിച്ചറിയുന്നു.
ai_ml_023.wav,voice data/ai/ai_ml_023.wav,ai,Neural TTS,ml-IN-MidhunNeural,Male,Malayalam Synth,Malayalam,4.0,16000,Raw TTS,കൃത്രിമബുദ്ധി ശബ്ദ വിശകലന സംവിധാനം ശബ്ദ സവിശേഷതകൾ തിരിച്ചറിയുന്നു.
ai_ml_024.wav,voice data/ai/ai_ml_024.wav,ai,Neural TTS,ml-IN-SobhanaNeural,Female,Malayalam Synth,Malayalam,4.0,16000,Raw TTS,കൃത്രിമബുദ്ധി ശബ്ദ വിശകലന സംവിധാനം ശബ്ദ സവിശേഷതകൾ തിരിച്ചറിയുന്നു.
ai_ml_025.wav,voice data/ai/ai_ml_025.wav,ai,Neural TTS,ml-IN-MidhunNeural,Male,Malayalam Synth,Malayalam,4.0,16000,Codec Simulated,കൃത്രിമബുദ്ധി ശബ്ദ വിശകലന സംവിധാനം ശബ്ദ സവിശേഷതകൾ തിരിച്ചറിയുന്നു.
ai_ml_026.wav,voice data/ai/ai_ml_026.wav,ai,Neural TTS,ml-IN-SobhanaNeural,Female,Malayalam Synth,Malayalam,4.0,16000,Codec Simulated,കൃത്രിമബുദ്ധി ശബ്ദ വിശകലന സംവിധാനം ശബ്ദ സവിശേഷതകൾ തിരിച്ചറിയുന്നു.
ai_ml_027.wav,voice data/ai/ai_ml_027.wav,ai,Neural TTS,ml-IN-MidhunNeural,Male,Malayalam Synth,Malayalam,4.0,16000,Raw TTS,കൃത്രിമബുദ്ധി ശബ്ദ വിശകലന സംവിധാനം ശബ്ദ സവിശേഷതകൾ തിരിച്ചറിയുന്നു.
ai_ml_028.wav,voice data/ai/ai_ml_028.wav,ai,Neural TTS,ml-IN-SobhanaNeural,Female,Malayalam Synth,Malayalam,4.0,16000,Raw TTS,കൃത്രിമബുദ്ധി ശബ്ദ വിശകലന സംവിധാനം ശബ്ദ സവിശേഷതകൾ തിരിച്ചറിയുന്നു.
ai_ml_029.wav,voice data/ai/ai_ml_029.wav,ai,Neural TTS,ml-IN-MidhunNeural,Male,Malayalam Synth,Malayalam,4.0,16000,Raw TTS,കൃത്രിമബുദ്ധി ശബ്ദ വിശകലന സംവിധാനം ശബ്ദ സവിശേഷതകൾ തിരിച്ചറിയുന്നു.
ai_ml_030.wav,voice data/ai/ai_ml_030.wav,ai,Neural TTS,ml-IN-SobhanaNeural,Female,Malayalam Synth,Malayalam,4.0,16000,Codec Simulated,കൃത്രിമബുദ്ധി ശബ്ദ വിശകലന സംവിധാനം ശബ്ദ സവിശേഷതകൾ തിരിച്ചറിയുന്നു.
ai_ml_031.wav,voice data/ai/ai_ml_031.wav,ai,Neural TTS,ml-IN-MidhunNeural,Male,Malayalam Synth,Malayalam,4.0,16000,Codec Simulated,കൃത്രിമബുദ്ധി ശബ്ദ വിശകലന സംവിധാനം ശബ്ദ സവിശേഷതകൾ തിരിച്ചറിയുന്നു.
ai_ml_032.wav,voice data/ai/ai_ml_032.wav,ai,Neural TTS,ml-IN-SobhanaNeural,Female,Malayalam Synth,Malayalam,4.0,16000,Raw TTS,കൃത്രിമബുദ്ധി ശബ്ദ വിശകലന സംവിധാനം ശബ്ദ സവിശേഷതകൾ തിരിച്ചറിയുന്നു.
ai_ml_033.wav,voice data/ai/ai_ml_033.wav,ai,Neural TTS,ml-IN-MidhunNeural,Male,Malayalam Synth,Malayalam,4.0,16000,Raw TTS,കൃത്രിമബുദ്ധി ശബ്ദ വിശകലന സംവിധാനം ശബ്ദ സവിശേഷതകൾ തിരിച്ചറിയുന്നു.
ai_ml_034.wav,voice data/ai/ai_ml_034.wav,ai,Neural TTS,ml-IN-SobhanaNeural,Female,Malayalam Synth,Malayalam,4.0,16000,Raw TTS,കൃത്രിമബുദ്ധി ശബ്ദ വിശകലന സംവിധാനം ശബ്ദ സവിശേഷതകൾ തിരിച്ചറിയുന്നു.
ai_ml_035.wav,voice data/ai/ai_ml_035.wav,ai,Neural TTS,ml-IN-MidhunNeural,Male,Malayalam Synth,Malayalam,4.0,16000,Codec Simulated,കൃത്രിമബുദ്ധി ശബ്ദ വിശകലന സംവിധാനം ശബ്ദ സവിശേഷതകൾ തിരിച്ചറിയുന്നു.
ai_ml_036.wav,voice data/ai/ai_ml_036.wav,ai,Neural TTS,ml-IN-SobhanaNeural,Female,Malayalam Synth,Malayalam,4.0,16000,Codec Simulated,കൃത്രിമബുദ്ധി ശബ്ദ വിശകലന സംവിധാനം ശബ്ദ സവിശേഷതകൾ തിരിച്ചറിയുന്നു.
ai_ml_037.wav,voice data/ai/ai_ml_037.wav,ai,Neural TTS,ml-IN-MidhunNeural,Male,Malayalam Synth,Malayalam,4.0,16000,Raw TTS,കൃത്രിമബുദ്ധി ശബ്ദ വിശകലന സംവിധാനം ശബ്ദ സവിശേഷതകൾ തിരിച്ചറിയുന്നു.
ai_ml_038.wav,voice data/ai/ai_ml_038.wav,ai,Neural TTS,ml-IN-SobhanaNeural,Female,Malayalam Synth,Malayalam,4.0,16000,Raw TTS,കൃത്രിമബുദ്ധി ശബ്ദ വിശകലന സംവിധാനം ശബ്ദ സവിശേഷതകൾ തിരിച്ചറിയുന്നു.
ai_ml_039.wav,voice data/ai/ai_ml_039.wav,ai,Neural TTS,ml-IN-MidhunNeural,Male,Malayalam Synth,Malayalam,4.0,16000,Raw TTS,കൃത്രിമബുദ്ധി ശബ്ദ വിശകലന സംവിധാനം ശബ്ദ സവിശേഷതകൾ തിരിച്ചറിയുന്നു.
ai_ml_040.wav,voice data/ai/ai_ml_040.wav,ai,Neural TTS,ml-IN-SobhanaNeural,Female,Malayalam Synth,Malayalam,4.0,16000,Codec Simulated,കൃത്രിമബുദ്ധി ശബ്ദ വിശകലന സംവിധാനം ശബ്ദ സവിശേഷതകൾ തിരിച്ചറിയുന്നു.
ai_ml_041.wav,voice data/ai/ai_ml_041.wav,ai,Neural TTS,ml-IN-MidhunNeural,Male,Malayalam Synth,Malayalam,4.0,16000,Codec Simulated,കൃത്രിമബുദ്ധി ശബ്ദ വിശകലന സംവിധാനം ശബ്ദ സവിശേഷതകൾ തിരിച്ചറിയുന്നു.
ai_ml_042.wav,voice data/ai/ai_ml_042.wav,ai,Neural TTS,ml-IN-SobhanaNeural,Female,Malayalam Synth,Malayalam,4.0,16000,Raw TTS,കൃത്രിമബുദ്ധി ശബ്ദ വിശകലന സംവിധാനം ശബ്ദ സവിശേഷതകൾ തിരിച്ചറിയുന്നു.
ai_ml_043.wav,voice data/ai/ai_ml_043.wav,ai,Neural TTS,ml-IN-MidhunNeural,Male,Malayalam Synth,Malayalam,4.0,16000,Raw TTS,കൃത്രിമബുദ്ധി ശബ്ദ വിശകലന സംവിധാനം ശബ്ദ സവിശേഷതകൾ തിരിച്ചറിയുന്നു.
ai_ml_044.wav,voice data/ai/ai_ml_044.wav,ai,Neural TTS,ml-IN-SobhanaNeural,Female,Malayalam Synth,Malayalam,4.0,16000,Raw TTS,കൃത്രിമബുദ്ധി ശബ്ദ വിശകലന സംവിധാനം ശബ്ദ സവിശേഷതകൾ തിരിച്ചറിയുന്നു.
ai_ml_045.wav,voice data/ai/ai_ml_045.wav,ai,Neural TTS,ml-IN-MidhunNeural,Male,Malayalam Synth,Malayalam,4.0,16000,Codec Simulated,കൃത്രിമബുദ്ധി ശബ്ദ വിശകലന സംവിധാനം ശബ്ദ സവിശേഷതകൾ തിരിച്ചറിയുന്നു.
ai_ml_046.wav,voice data/ai/ai_ml_046.wav,ai,Neural TTS,ml-IN-SobhanaNeural,Female,Malayalam Synth,Malayalam,4.0,16000,Codec Simulated,കൃത്രിമബുദ്ധി ശബ്ദ വിശകലന സംവിധാനം ശബ്ദ സവിശേഷതകൾ തിരിച്ചറിയുന്നു.
ai_ml_047.wav,voice data/ai/ai_ml_047.wav,ai,Neural TTS,ml-IN-MidhunNeural,Male,Malayalam Synth,Malayalam,4.0,16000,Raw TTS,കൃത്രിമബുദ്ധി ശബ്ദ വിശകലന സംവിധാനം ശബ്ദ സവിശേഷതകൾ തിരിച്ചറിയുന്നു.
ai_ml_048.wav,voice data/ai/ai_ml_048.wav,ai,Neural TTS,ml-IN-SobhanaNeural,Female,Malayalam Synth,Malayalam,4.0,16000,Raw TTS,കൃത്രിമബുദ്ധി ശബ്ദ വിശകലന സംവിധാനം ശബ്ദ സവിശേഷതകൾ തിരിച്ചറിയുന്നു.
ai_ml_049.wav,voice data/ai/ai_ml_049.wav,ai,Neural TTS,ml-IN-MidhunNeural,Male,Malayalam Synth,Malayalam,4.0,16000,Raw TTS,കൃത്രിമബുദ്ധി ശബ്ദ വിശകലന സംവിധാനം ശബ്ദ സവിശേഷതകൾ തിരിച്ചറിയുന്നു.
ai_ml_050.wav,voice data/ai/ai_ml_050.wav,ai,Neural TTS,ml-IN-SobhanaNeural,Female,Malayalam Synth,Malayalam,4.0,16000,Codec Simulated,കൃത്രിമബുദ്ധി ശബ്ദ വിശകലന സംവിധാനം ശബ്ദ സവിശേഷതകൾ തിരിച്ചറിയുന്നു.
ai_ml_051.wav,voice data/ai/ai_ml_051.wav,ai,Neural TTS,ml-IN-MidhunNeural,Male,Malayalam Synth,Malayalam,4.0,16000,Codec Simulated,കൃത്രിമബുദ്ധി ശബ്ദ വിശകലന സംവിധാനം ശബ്ദ സവിശേഷതകൾ തിരിച്ചറിയുന്നു.
ai_ml_052.wav,voice data/ai/ai_ml_052.wav,ai,Neural TTS,ml-IN-SobhanaNeural,Female,Malayalam Synth,Malayalam,4.0,16000,Raw TTS,കൃത്രിമബുദ്ധി ശബ്ദ വിശകലന സംവിധാനം ശബ്ദ സവിശേഷതകൾ തിരിച്ചറിയുന്നു.
ai_ml_053.wav,voice data/ai/ai_ml_053.wav,ai,Neural TTS,ml-IN-MidhunNeural,Male,Malayalam Synth,Malayalam,4.0,16000,Raw TTS,കൃത്രിമബുദ്ധി ശബ്ദ വിശകലന സംവിധാനം ശബ്ദ സവിശേഷതകൾ തിരിച്ചറിയുന്നു.
ai_ml_054.wav,voice data/ai/ai_ml_054.wav,ai,Neural TTS,ml-IN-SobhanaNeural,Female,Malayalam Synth,Malayalam,4.0,16000,Raw TTS,കൃത്രിമബുദ്ധി ശബ്ദ വിശകലന സംവിധാനം ശബ്ദ സവിശേഷതകൾ തിരിച്ചറിയുന്നു.
ai_ml_055.wav,voice data/ai/ai_ml_055.wav,ai,Neural TTS,ml-IN-MidhunNeural,Male,Malayalam Synth,Malayalam,4.0,16000,Codec Simulated,കൃത്രിമബുദ്ധി ശബ്ദ വിശകലന സംവിധാനം ശബ്ദ സവിശേഷതകൾ തിരിച്ചറിയുന്നു.
ai_ml_056.wav,voice data/ai/ai_ml_056.wav,ai,Neural TTS,ml-IN-SobhanaNeural,Female,Malayalam Synth,Malayalam,4.0,16000,Codec Simulated,കൃത്രിമബുദ്ധി ശബ്ദ വിശകലന സംവിധാനം ശബ്ദ സവിശേഷതകൾ തിരിച്ചറിയുന്നു.
ai_ml_057.wav,voice data/ai/ai_ml_057.wav,ai,Neural TTS,ml-IN-MidhunNeural,Male,Malayalam Synth,Malayalam,4.0,16000,Raw TTS,കൃത്രിമബുദ്ധി ശബ്ദ വിശകലന സംവിധാനം ശബ്ദ സവിശേഷതകൾ തിരിച്ചറിയുന്നു.
ai_ml_058.wav,voice data/ai/ai_ml_058.wav,ai,Neural TTS,ml-IN-SobhanaNeural,Female,Malayalam Synth,Malayalam,4.0,16000,Raw TTS,കൃത്രിമബുദ്ധി ശബ്ദ വിശകലന സംവിധാനം ശബ്ദ സവിശേഷതകൾ തിരിച്ചറിയുന്നു.
ai_ml_059.wav,voice data/ai/ai_ml_059.wav,ai,Neural TTS,ml-IN-MidhunNeural,Male,Malayalam Synth,Malayalam,4.0,16000,Raw TTS,കൃത്രിമബുദ്ധി ശബ്ദ വിശകലന സംവിധാനം ശബ്ദ സവിശേഷതകൾ തിരിച്ചറിയുന്നു.
ai_ml_060.wav,voice data/ai/ai_ml_060.wav,ai,Neural TTS,ml-IN-SobhanaNeural,Female,Malayalam Synth,Malayalam,4.0,16000,Codec Simulated,കൃത്രിമബുദ്ധി ശബ്ദ വിശകലന സംവിധാനം ശബ്ദ സവിശേഷതകൾ തിരിച്ചറിയുന്നു.
ai_ml_061.wav,voice data/ai/ai_ml_061.wav,ai,Neural TTS,ml-IN-MidhunNeural,Male,Malayalam Synth,Malayalam,4.0,16000,Codec Simulated,കൃത്രിമബുദ്ധി ശബ്ദ വിശകലന സംവിധാനം ശബ്ദ സവിശേഷതകൾ തിരിച്ചറിയുന്നു.
ai_ml_062.wav,voice data/ai/ai_ml_062.wav,ai,Neural TTS,ml-IN-SobhanaNeural,Female,Malayalam Synth,Malayalam,4.0,16000,Raw TTS,കൃത്രിമബുദ്ധി ശബ്ദ വിശകലന സംവിധാനം ശബ്ദ സവിശേഷതകൾ തിരിച്ചറിയുന്നു.
ai_ml_063.wav,voice data/ai/ai_ml_063.wav,ai,Neural TTS,ml-IN-MidhunNeural,Male,Malayalam Synth,Malayalam,4.0,16000,Raw TTS,കൃത്രിമബുദ്ധി ശബ്ദ വിശകലന സംവിധാനം ശബ്ദ സവിശേഷതകൾ തിരിച്ചറിയുന്നു.
ai_ml_064.wav,voice data/ai/ai_ml_064.wav,ai,Neural TTS,ml-IN-SobhanaNeural,Female,Malayalam Synth,Malayalam,4.0,16000,Raw TTS,കൃത്രിമബുദ്ധി ശബ്ദ വിശകലന സംവിധാനം ശബ്ദ സവിശേഷതകൾ തിരിച്ചറിയുന്നു.
ai_ml_065.wav,voice data/ai/ai_ml_065.wav,ai,Neural TTS,ml-IN-MidhunNeural,Male,Malayalam Synth,Malayalam,4.0,16000,Codec Simulated,കൃത്രിമബുദ്ധി ശബ്ദ വിശകലന സംവിധാനം ശബ്ദ സവിശേഷതകൾ തിരിച്ചറിയുന്നു.
ai_ml_066.wav,voice data/ai/ai_ml_066.wav,ai,Neural TTS,ml-IN-SobhanaNeural,Female,Malayalam Synth,Malayalam,4.0,16000,Codec Simulated,കൃത്രിമബുദ്ധി ശബ്ദ വിശകലന സംവിധാനം ശബ്ദ സവിശേഷതകൾ തിരിച്ചറിയുന്നു.
ai_ml_067.wav,voice data/ai/ai_ml_067.wav,ai,Neural TTS,ml-IN-MidhunNeural,Male,Malayalam Synth,Malayalam,4.0,16000,Raw TTS,കൃത്രിമബുദ്ധി ശബ്ദ വിശകലന സംവിധാനം ശബ്ദ സവിശേഷതകൾ തിരിച്ചറിയുന്നു.
ai_ml_068.wav,voice data/ai/ai_ml_068.wav,ai,Neural TTS,ml-IN-SobhanaNeural,Female,Malayalam Synth,Malayalam,4.0,16000,Raw TTS,കൃത്രിമബുദ്ധി ശബ്ദ വിശകലന സംവിധാനം ശബ്ദ സവിശേഷതകൾ തിരിച്ചറിയുന്നു.
ai_ml_069.wav,voice data/ai/ai_ml_069.wav,ai,Neural TTS,ml-IN-MidhunNeural,Male,Malayalam Synth,Malayalam,4.0,16000,Raw TTS,കൃത്രിമബുദ്ധി ശബ്ദ വിശകലന സംവിധാനം ശബ്ദ സവിശേഷതകൾ തിരിച്ചറിയുന്നു.
ai_ml_070.wav,voice data/ai/ai_ml_070.wav,ai,Neural TTS,ml-IN-SobhanaNeural,Female,Malayalam Synth,Malayalam,4.0,16000,Codec Simulated,കൃത്രിമബുദ്ധി ശബ്ദ വിശകലന സംവിധാനം ശബ്ദ സവിശേഷതകൾ തിരിച്ചറിയുന്നു.
ai_ml_071.wav,voice data/ai/ai_ml_071.wav,ai,Neural TTS,ml-IN-MidhunNeural,Male,Malayalam Synth,Malayalam,4.0,16000,Codec Simulated,കൃത്രിമബുദ്ധി ശബ്ദ വിശകലന സംവിധാനം ശബ്ദ സവിശേഷതകൾ തിരിച്ചറിയുന്നു.
ai_ml_072.wav,voice data/ai/ai_ml_072.wav,ai,Neural TTS,ml-IN-SobhanaNeural,Female,Malayalam Synth,Malayalam,4.0,16000,Raw TTS,കൃത്രിമബുദ്ധി ശബ്ദ വിശകലന സംവിധാനം ശബ്ദ സവിശേഷതകൾ തിരിച്ചറിയുന്നു.
ai_ml_073.wav,voice data/ai/ai_ml_073.wav,ai,Neural TTS,ml-IN-MidhunNeural,Male,Malayalam Synth,Malayalam,4.0,16000,Raw TTS,കൃത്രിമബുദ്ധി ശബ്ദ വിശകലന സംവിധാനം ശബ്ദ സവിശേഷതകൾ തിരിച്ചറിയുന്നു.
ai_ml_074.wav,voice data/ai/ai_ml_074.wav,ai,Neural TTS,ml-IN-SobhanaNeural,Female,Malayalam Synth,Malayalam,4.0,16000,Raw TTS,കൃത്രിമബുദ്ധി ശബ്ദ വിശകലന സംവിധാനം ശബ്ദ സവിശേഷതകൾ തിരിച്ചറിയുന്നു.
ai_ml_075.wav,voice data/ai/ai_ml_075.wav,ai,Neural TTS,ml-IN-MidhunNeural,Male,Malayalam Synth,Malayalam,4.0,16000,Codec Simulated,കൃത്രിമബുദ്ധി ശബ്ദ വിശകലന സംവിധാനം ശബ്ദ സവിശേഷതകൾ തിരിച്ചറിയുന്നു.
ai_pa_001.wav,voice data/ai/ai_pa_001.wav,ai,Neural TTS,en-US-AvaMultilingualNeural,Male,Punjabi Synth,Punjabi,4.0,16000,Codec Simulated,ਆਰਟੀਫੀਸ਼ੀਅਲ ਇੰਟੈਲੀਜੈਂਸ ਆਵਾਜ਼ ਪਛਾਣ ਪ੍ਰਣਾਲੀ ਲਈ ਸਪੈਕਟ੍ਰਲ ਵਿਸ਼ੇਸ਼ਤਾਵਾਂ ਦਾ ਵਿਸ਼ਲੇਸ਼ਣ ਕਰਦੀ ਹੈ।
ai_pa_002.wav,voice data/ai/ai_pa_002.wav,ai,Neural TTS,en-US-AvaMultilingualNeural,Female,Punjabi Synth,Punjabi,4.0,16000,Raw TTS,ਆਰਟੀਫੀਸ਼ੀਅਲ ਇੰਟੈਲੀਜੈਂਸ ਆਵਾਜ਼ ਪਛਾਣ ਪ੍ਰਣਾਲੀ ਲਈ ਸਪੈਕਟ੍ਰਲ ਵਿਸ਼ੇਸ਼ਤਾਵਾਂ ਦਾ ਵਿਸ਼ਲੇਸ਼ਣ ਕਰਦੀ ਹੈ।
ai_pa_003.wav,voice data/ai/ai_pa_003.wav,ai,Neural TTS,en-US-AvaMultilingualNeural,Male,Punjabi Synth,Punjabi,4.0,16000,Raw TTS,ਆਰਟੀਫੀਸ਼ੀਅਲ ਇੰਟੈਲੀਜੈਂਸ ਆਵਾਜ਼ ਪਛਾਣ ਪ੍ਰਣਾਲੀ ਲਈ ਸਪੈਕਟ੍ਰਲ ਵਿਸ਼ੇਸ਼ਤਾਵਾਂ ਦਾ ਵਿਸ਼ਲੇਸ਼ਣ ਕਰਦੀ ਹੈ।
ai_pa_004.wav,voice data/ai/ai_pa_004.wav,ai,Neural TTS,en-US-AvaMultilingualNeural,Female,Punjabi Synth,Punjabi,4.0,16000,Raw TTS,ਆਰਟੀਫੀਸ਼ੀਅਲ ਇੰਟੈਲੀਜੈਂਸ ਆਵਾਜ਼ ਪਛਾਣ ਪ੍ਰਣਾਲੀ ਲਈ ਸਪੈਕਟ੍ਰਲ ਵਿਸ਼ੇਸ਼ਤਾਵਾਂ ਦਾ ਵਿਸ਼ਲੇਸ਼ਣ ਕਰਦੀ ਹੈ।
ai_pa_005.wav,voice data/ai/ai_pa_005.wav,ai,Neural TTS,en-US-AvaMultilingualNeural,Male,Punjabi Synth,Punjabi,4.0,16000,Codec Simulated,ਆਰਟੀਫੀਸ਼ੀਅਲ ਇੰਟੈਲੀਜੈਂਸ ਆਵਾਜ਼ ਪਛਾਣ ਪ੍ਰਣਾਲੀ ਲਈ ਸਪੈਕਟ੍ਰਲ ਵਿਸ਼ੇਸ਼ਤਾਵਾਂ ਦਾ ਵਿਸ਼ਲੇਸ਼ਣ ਕਰਦੀ ਹੈ।
ai_pa_006.wav,voice data/ai/ai_pa_006.wav,ai,Neural TTS,en-US-AvaMultilingualNeural,Female,Punjabi Synth,Punjabi,4.0,16000,Codec Simulated,ਆਰਟੀਫੀਸ਼ੀਅਲ ਇੰਟੈਲੀਜੈਂਸ ਆਵਾਜ਼ ਪਛਾਣ ਪ੍ਰਣਾਲੀ ਲਈ ਸਪੈਕਟ੍ਰਲ ਵਿਸ਼ੇਸ਼ਤਾਵਾਂ ਦਾ ਵਿਸ਼ਲੇਸ਼ਣ ਕਰਦੀ ਹੈ।
ai_pa_007.wav,voice data/ai/ai_pa_007.wav,ai,Neural TTS,en-US-AvaMultilingualNeural,Male,Punjabi Synth,Punjabi,4.0,16000,Raw TTS,ਆਰਟੀਫੀਸ਼ੀਅਲ ਇੰਟੈਲੀਜੈਂਸ ਆਵਾਜ਼ ਪਛਾਣ ਪ੍ਰਣਾਲੀ ਲਈ ਸਪੈਕਟ੍ਰਲ ਵਿਸ਼ੇਸ਼ਤਾਵਾਂ ਦਾ ਵਿਸ਼ਲੇਸ਼ਣ ਕਰਦੀ ਹੈ।
ai_pa_008.wav,voice data/ai/ai_pa_008.wav,ai,Neural TTS,en-US-AvaMultilingualNeural,Female,Punjabi Synth,Punjabi,4.0,16000,Raw TTS,ਆਰਟੀਫੀਸ਼ੀਅਲ ਇੰਟੈਲੀਜੈਂਸ ਆਵਾਜ਼ ਪਛਾਣ ਪ੍ਰਣਾਲੀ ਲਈ ਸਪੈਕਟ੍ਰਲ ਵਿਸ਼ੇਸ਼ਤਾਵਾਂ ਦਾ ਵਿਸ਼ਲੇਸ਼ਣ ਕਰਦੀ ਹੈ।
ai_pa_009.wav,voice data/ai/ai_pa_009.wav,ai,Neural TTS,en-US-AvaMultilingualNeural,Male,Punjabi Synth,Punjabi,4.0,16000,Raw TTS,ਆਰਟੀਫੀਸ਼ੀਅਲ ਇੰਟੈਲੀਜੈਂਸ ਆਵਾਜ਼ ਪਛਾਣ ਪ੍ਰਣਾਲੀ ਲਈ ਸਪੈਕਟ੍ਰਲ ਵਿਸ਼ੇਸ਼ਤਾਵਾਂ ਦਾ ਵਿਸ਼ਲੇਸ਼ਣ ਕਰਦੀ ਹੈ।
ai_pa_010.wav,voice data/ai/ai_pa_010.wav,ai,Neural TTS,en-US-AvaMultilingualNeural,Female,Punjabi Synth,Punjabi,4.0,16000,Codec Simulated,ਆਰਟੀਫੀਸ਼ੀਅਲ ਇੰਟੈਲੀਜੈਂਸ ਆਵਾਜ਼ ਪਛਾਣ ਪ੍ਰਣਾਲੀ ਲਈ ਸਪੈਕਟ੍ਰਲ ਵਿਸ਼ੇਸ਼ਤਾਵਾਂ ਦਾ ਵਿਸ਼ਲੇਸ਼ਣ ਕਰਦੀ ਹੈ।
ai_pa_011.wav,voice data/ai/ai_pa_011.wav,ai,Neural TTS,en-US-AvaMultilingualNeural,Male,Punjabi Synth,Punjabi,4.0,16000,Codec Simulated,ਆਰਟੀਫੀਸ਼ੀਅਲ ਇੰਟੈਲੀਜੈਂਸ ਆਵਾਜ਼ ਪਛਾਣ ਪ੍ਰਣਾਲੀ ਲਈ ਸਪੈਕਟ੍ਰਲ ਵਿਸ਼ੇਸ਼ਤਾਵਾਂ ਦਾ ਵਿਸ਼ਲੇਸ਼ਣ ਕਰਦੀ ਹੈ।
ai_pa_012.wav,voice data/ai/ai_pa_012.wav,ai,Neural TTS,en-US-AvaMultilingualNeural,Female,Punjabi Synth,Punjabi,4.0,16000,Raw TTS,ਆਰਟੀਫੀਸ਼ੀਅਲ ਇੰਟੈਲੀਜੈਂਸ ਆਵਾਜ਼ ਪਛਾਣ ਪ੍ਰਣਾਲੀ ਲਈ ਸਪੈਕਟ੍ਰਲ ਵਿਸ਼ੇਸ਼ਤਾਵਾਂ ਦਾ ਵਿਸ਼ਲੇਸ਼ਣ ਕਰਦੀ ਹੈ।
ai_pa_013.wav,voice data/ai/ai_pa_013.wav,ai,Neural TTS,en-US-AvaMultilingualNeural,Male,Punjabi Synth,Punjabi,4.0,16000,Raw TTS,ਆਰਟੀਫੀਸ਼ੀਅਲ ਇੰਟੈਲੀਜੈਂਸ ਆਵਾਜ਼ ਪਛਾਣ ਪ੍ਰਣਾਲੀ ਲਈ ਸਪੈਕਟ੍ਰਲ ਵਿਸ਼ੇਸ਼ਤਾਵਾਂ ਦਾ ਵਿਸ਼ਲੇਸ਼ਣ ਕਰਦੀ ਹੈ।
ai_pa_014.wav,voice data/ai/ai_pa_014.wav,ai,Neural TTS,en-US-AvaMultilingualNeural,Female,Punjabi Synth,Punjabi,4.0,16000,Raw TTS,ਆਰਟੀਫੀਸ਼ੀਅਲ ਇੰਟੈਲੀਜੈਂਸ ਆਵਾਜ਼ ਪਛਾਣ ਪ੍ਰਣਾਲੀ ਲਈ ਸਪੈਕਟ੍ਰਲ ਵਿਸ਼ੇਸ਼ਤਾਵਾਂ ਦਾ ਵਿਸ਼ਲੇਸ਼ਣ ਕਰਦੀ ਹੈ।
ai_pa_015.wav,voice data/ai/ai_pa_015.wav,ai,Neural TTS,en-US-AvaMultilingualNeural,Male,Punjabi Synth,Punjabi,4.0,16000,Codec Simulated,ਆਰਟੀਫੀਸ਼ੀਅਲ ਇੰਟੈਲੀਜੈਂਸ ਆਵਾਜ਼ ਪਛਾਣ ਪ੍ਰਣਾਲੀ ਲਈ ਸਪੈਕਟ੍ਰਲ ਵਿਸ਼ੇਸ਼ਤਾਵਾਂ ਦਾ ਵਿਸ਼ਲੇਸ਼ਣ ਕਰਦੀ ਹੈ।
ai_pa_016.wav,voice data/ai/ai_pa_016.wav,ai,Neural TTS,en-US-AvaMultilingualNeural,Female,Punjabi Synth,Punjabi,4.0,16000,Codec Simulated,ਆਰਟੀਫੀਸ਼ੀਅਲ ਇੰਟੈਲੀਜੈਂਸ ਆਵਾਜ਼ ਪਛਾਣ ਪ੍ਰਣਾਲੀ ਲਈ ਸਪੈਕਟ੍ਰਲ ਵਿਸ਼ੇਸ਼ਤਾਵਾਂ ਦਾ ਵਿਸ਼ਲੇਸ਼ਣ ਕਰਦੀ ਹੈ।
ai_pa_017.wav,voice data/ai/ai_pa_017.wav,ai,Neural TTS,en-US-AvaMultilingualNeural,Male,Punjabi Synth,Punjabi,4.0,16000,Raw TTS,ਆਰਟੀਫੀਸ਼ੀਅਲ ਇੰਟੈਲੀਜੈਂਸ ਆਵਾਜ਼ ਪਛਾਣ ਪ੍ਰਣਾਲੀ ਲਈ ਸਪੈਕਟ੍ਰਲ ਵਿਸ਼ੇਸ਼ਤਾਵਾਂ ਦਾ ਵਿਸ਼ਲੇਸ਼ਣ ਕਰਦੀ ਹੈ।
ai_pa_018.wav,voice data/ai/ai_pa_018.wav,ai,Neural TTS,en-US-AvaMultilingualNeural,Female,Punjabi Synth,Punjabi,4.0,16000,Raw TTS,ਆਰਟੀਫੀਸ਼ੀਅਲ ਇੰਟੈਲੀਜੈਂਸ ਆਵਾਜ਼ ਪਛਾਣ ਪ੍ਰਣਾਲੀ ਲਈ ਸਪੈਕਟ੍ਰਲ ਵਿਸ਼ੇਸ਼ਤਾਵਾਂ ਦਾ ਵਿਸ਼ਲੇਸ਼ਣ ਕਰਦੀ ਹੈ।
ai_pa_019.wav,voice data/ai/ai_pa_019.wav,ai,Neural TTS,en-US-AvaMultilingualNeural,Male,Punjabi Synth,Punjabi,4.0,16000,Raw TTS,ਆਰਟੀਫੀਸ਼ੀਅਲ ਇੰਟੈਲੀਜੈਂਸ ਆਵਾਜ਼ ਪਛਾਣ ਪ੍ਰਣਾਲੀ ਲਈ ਸਪੈਕਟ੍ਰਲ ਵਿਸ਼ੇਸ਼ਤਾਵਾਂ ਦਾ ਵਿਸ਼ਲੇਸ਼ਣ ਕਰਦੀ ਹੈ।
ai_pa_020.wav,voice data/ai/ai_pa_020.wav,ai,Neural TTS,en-US-AvaMultilingualNeural,Female,Punjabi Synth,Punjabi,4.0,16000,Codec Simulated,ਆਰਟੀਫੀਸ਼ੀਅਲ ਇੰਟੈਲੀਜੈਂਸ ਆਵਾਜ਼ ਪਛਾਣ ਪ੍ਰਣਾਲੀ ਲਈ ਸਪੈਕਟ੍ਰਲ ਵਿਸ਼ੇਸ਼ਤਾਵਾਂ ਦਾ ਵਿਸ਼ਲੇਸ਼ਣ ਕਰਦੀ ਹੈ।
ai_pa_021.wav,voice data/ai/ai_pa_021.wav,ai,Neural TTS,en-US-AvaMultilingualNeural,Male,Punjabi Synth,Punjabi,4.0,16000,Codec Simulated,ਆਰਟੀਫੀਸ਼ੀਅਲ ਇੰਟੈਲੀਜੈਂਸ ਆਵਾਜ਼ ਪਛਾਣ ਪ੍ਰਣਾਲੀ ਲਈ ਸਪੈਕਟ੍ਰਲ ਵਿਸ਼ੇਸ਼ਤਾਵਾਂ ਦਾ ਵਿਸ਼ਲੇਸ਼ਣ ਕਰਦੀ ਹੈ।
ai_pa_022.wav,voice data/ai/ai_pa_022.wav,ai,Neural TTS,en-US-AvaMultilingualNeural,Female,Punjabi Synth,Punjabi,4.0,16000,Raw TTS,ਆਰਟੀਫੀਸ਼ੀਅਲ ਇੰਟੈਲੀਜੈਂਸ ਆਵਾਜ਼ ਪਛਾਣ ਪ੍ਰਣਾਲੀ ਲਈ ਸਪੈਕਟ੍ਰਲ ਵਿਸ਼ੇਸ਼ਤਾਵਾਂ ਦਾ ਵਿਸ਼ਲੇਸ਼ਣ ਕਰਦੀ ਹੈ।
ai_pa_023.wav,voice data/ai/ai_pa_023.wav,ai,Neural TTS,en-US-AvaMultilingualNeural,Male,Punjabi Synth,Punjabi,4.0,16000,Raw TTS,ਆਰਟੀਫੀਸ਼ੀਅਲ ਇੰਟੈਲੀਜੈਂਸ ਆਵਾਜ਼ ਪਛਾਣ ਪ੍ਰਣਾਲੀ ਲਈ ਸਪੈਕਟ੍ਰਲ ਵਿਸ਼ੇਸ਼ਤਾਵਾਂ ਦਾ ਵਿਸ਼ਲੇਸ਼ਣ ਕਰਦੀ ਹੈ।
ai_pa_024.wav,voice data/ai/ai_pa_024.wav,ai,Neural TTS,en-US-AvaMultilingualNeural,Female,Punjabi Synth,Punjabi,4.0,16000,Raw TTS,ਆਰਟੀਫੀਸ਼ੀਅਲ ਇੰਟੈਲੀਜੈਂਸ ਆਵਾਜ਼ ਪਛਾਣ ਪ੍ਰਣਾਲੀ ਲਈ ਸਪੈਕਟ੍ਰਲ ਵਿਸ਼ੇਸ਼ਤਾਵਾਂ ਦਾ ਵਿਸ਼ਲੇਸ਼ਣ ਕਰਦੀ ਹੈ।
ai_pa_025.wav,voice data/ai/ai_pa_025.wav,ai,Neural TTS,en-US-AvaMultilingualNeural,Male,Punjabi Synth,Punjabi,4.0,16000,Codec Simulated,ਆਰਟੀਫੀਸ਼ੀਅਲ ਇੰਟੈਲੀਜੈਂਸ ਆਵਾਜ਼ ਪਛਾਣ ਪ੍ਰਣਾਲੀ ਲਈ ਸਪੈਕਟ੍ਰਲ ਵਿਸ਼ੇਸ਼ਤਾਵਾਂ ਦਾ ਵਿਸ਼ਲੇਸ਼ਣ ਕਰਦੀ ਹੈ।
ai_pa_026.wav,voice data/ai/ai_pa_026.wav,ai,Neural TTS,en-US-AvaMultilingualNeural,Female,Punjabi Synth,Punjabi,4.0,16000,Codec Simulated,ਆਰਟੀਫੀਸ਼ੀਅਲ ਇੰਟੈਲੀਜੈਂਸ ਆਵਾਜ਼ ਪਛਾਣ ਪ੍ਰਣਾਲੀ ਲਈ ਸਪੈਕਟ੍ਰਲ ਵਿਸ਼ੇਸ਼ਤਾਵਾਂ ਦਾ ਵਿਸ਼ਲੇਸ਼ਣ ਕਰਦੀ ਹੈ।
ai_pa_027.wav,voice data/ai/ai_pa_027.wav,ai,Neural TTS,en-US-AvaMultilingualNeural,Male,Punjabi Synth,Punjabi,4.0,16000,Raw TTS,ਆਰਟੀਫੀਸ਼ੀਅਲ ਇੰਟੈਲੀਜੈਂਸ ਆਵਾਜ਼ ਪਛਾਣ ਪ੍ਰਣਾਲੀ ਲਈ ਸਪੈਕਟ੍ਰਲ ਵਿਸ਼ੇਸ਼ਤਾਵਾਂ ਦਾ ਵਿਸ਼ਲੇਸ਼ਣ ਕਰਦੀ ਹੈ।
ai_pa_028.wav,voice data/ai/ai_pa_028.wav,ai,Neural TTS,en-US-AvaMultilingualNeural,Female,Punjabi Synth,Punjabi,4.0,16000,Raw TTS,ਆਰਟੀਫੀਸ਼ੀਅਲ ਇੰਟੈਲੀਜੈਂਸ ਆਵਾਜ਼ ਪਛਾਣ ਪ੍ਰਣਾਲੀ ਲਈ ਸਪੈਕਟ੍ਰਲ ਵਿਸ਼ੇਸ਼ਤਾਵਾਂ ਦਾ ਵਿਸ਼ਲੇਸ਼ਣ ਕਰਦੀ ਹੈ।
ai_pa_029.wav,voice data/ai/ai_pa_029.wav,ai,Neural TTS,en-US-AvaMultilingualNeural,Male,Punjabi Synth,Punjabi,4.0,16000,Raw TTS,ਆਰਟੀਫੀਸ਼ੀਅਲ ਇੰਟੈਲੀਜੈਂਸ ਆਵਾਜ਼ ਪਛਾਣ ਪ੍ਰਣਾਲੀ ਲਈ ਸਪੈਕਟ੍ਰਲ ਵਿਸ਼ੇਸ਼ਤਾਵਾਂ ਦਾ ਵਿਸ਼ਲੇਸ਼ਣ ਕਰਦੀ ਹੈ।
ai_pa_030.wav,voice data/ai/ai_pa_030.wav,ai,Neural TTS,en-US-AvaMultilingualNeural,Female,Punjabi Synth,Punjabi,4.0,16000,Codec Simulated,ਆਰਟੀਫੀਸ਼ੀਅਲ ਇੰਟੈਲੀਜੈਂਸ ਆਵਾਜ਼ ਪਛਾਣ ਪ੍ਰਣਾਲੀ ਲਈ ਸਪੈਕਟ੍ਰਲ ਵਿਸ਼ੇਸ਼ਤਾਵਾਂ ਦਾ ਵਿਸ਼ਲੇਸ਼ਣ ਕਰਦੀ ਹੈ।
ai_pa_031.wav,voice data/ai/ai_pa_031.wav,ai,Neural TTS,en-US-AvaMultilingualNeural,Male,Punjabi Synth,Punjabi,4.0,16000,Codec Simulated,ਆਰਟੀਫੀਸ਼ੀਅਲ ਇੰਟੈਲੀਜੈਂਸ ਆਵਾਜ਼ ਪਛਾਣ ਪ੍ਰਣਾਲੀ ਲਈ ਸਪੈਕਟ੍ਰਲ ਵਿਸ਼ੇਸ਼ਤਾਵਾਂ ਦਾ ਵਿਸ਼ਲੇਸ਼ਣ ਕਰਦੀ ਹੈ।
ai_pa_032.wav,voice data/ai/ai_pa_032.wav,ai,Neural TTS,en-US-AvaMultilingualNeural,Female,Punjabi Synth,Punjabi,4.0,16000,Raw TTS,ਆਰਟੀਫੀਸ਼ੀਅਲ ਇੰਟੈਲੀਜੈਂਸ ਆਵਾਜ਼ ਪਛਾਣ ਪ੍ਰਣਾਲੀ ਲਈ ਸਪੈਕਟ੍ਰਲ ਵਿਸ਼ੇਸ਼ਤਾਵਾਂ ਦਾ ਵਿਸ਼ਲੇਸ਼ਣ ਕਰਦੀ ਹੈ।
ai_pa_033.wav,voice data/ai/ai_pa_033.wav,ai,Neural TTS,en-US-AvaMultilingualNeural,Male,Punjabi Synth,Punjabi,4.0,16000,Raw TTS,ਆਰਟੀਫੀਸ਼ੀਅਲ ਇੰਟੈਲੀਜੈਂਸ ਆਵਾਜ਼ ਪਛਾਣ ਪ੍ਰਣਾਲੀ ਲਈ ਸਪੈਕਟ੍ਰਲ ਵਿਸ਼ੇਸ਼ਤਾਵਾਂ ਦਾ ਵਿਸ਼ਲੇਸ਼ਣ ਕਰਦੀ ਹੈ।
ai_pa_034.wav,voice data/ai/ai_pa_034.wav,ai,Neural TTS,en-US-AvaMultilingualNeural,Female,Punjabi Synth,Punjabi,4.0,16000,Raw TTS,ਆਰਟੀਫੀਸ਼ੀਅਲ ਇੰਟੈਲੀਜੈਂਸ ਆਵਾਜ਼ ਪਛਾਣ ਪ੍ਰਣਾਲੀ ਲਈ ਸਪੈਕਟ੍ਰਲ ਵਿਸ਼ੇਸ਼ਤਾਵਾਂ ਦਾ ਵਿਸ਼ਲੇਸ਼ਣ ਕਰਦੀ ਹੈ।
ai_pa_035.wav,voice data/ai/ai_pa_035.wav,ai,Neural TTS,en-US-AvaMultilingualNeural,Male,Punjabi Synth,Punjabi,4.0,16000,Codec Simulated,ਆਰਟੀਫੀਸ਼ੀਅਲ ਇੰਟੈਲੀਜੈਂਸ ਆਵਾਜ਼ ਪਛਾਣ ਪ੍ਰਣਾਲੀ ਲਈ ਸਪੈਕਟ੍ਰਲ ਵਿਸ਼ੇਸ਼ਤਾਵਾਂ ਦਾ ਵਿਸ਼ਲੇਸ਼ਣ ਕਰਦੀ ਹੈ।
ai_pa_036.wav,voice data/ai/ai_pa_036.wav,ai,Neural TTS,en-US-AvaMultilingualNeural,Female,Punjabi Synth,Punjabi,4.0,16000,Codec Simulated,ਆਰਟੀਫੀਸ਼ੀਅਲ ਇੰਟੈਲੀਜੈਂਸ ਆਵਾਜ਼ ਪਛਾਣ ਪ੍ਰਣਾਲੀ ਲਈ ਸਪੈਕਟ੍ਰਲ ਵਿਸ਼ੇਸ਼ਤਾਵਾਂ ਦਾ ਵਿਸ਼ਲੇਸ਼ਣ ਕਰਦੀ ਹੈ।
ai_pa_037.wav,voice data/ai/ai_pa_037.wav,ai,Neural TTS,en-US-AvaMultilingualNeural,Male,Punjabi Synth,Punjabi,4.0,16000,Raw TTS,ਆਰਟੀਫੀਸ਼ੀਅਲ ਇੰਟੈਲੀਜੈਂਸ ਆਵਾਜ਼ ਪਛਾਣ ਪ੍ਰਣਾਲੀ ਲਈ ਸਪੈਕਟ੍ਰਲ ਵਿਸ਼ੇਸ਼ਤਾਵਾਂ ਦਾ ਵਿਸ਼ਲੇਸ਼ਣ ਕਰਦੀ ਹੈ।
ai_pa_038.wav,voice data/ai/ai_pa_038.wav,ai,Neural TTS,en-US-AvaMultilingualNeural,Female,Punjabi Synth,Punjabi,4.0,16000,Raw TTS,ਆਰਟੀਫੀਸ਼ੀਅਲ ਇੰਟੈਲੀਜੈਂਸ ਆਵਾਜ਼ ਪਛਾਣ ਪ੍ਰਣਾਲੀ ਲਈ ਸਪੈਕਟ੍ਰਲ ਵਿਸ਼ੇਸ਼ਤਾਵਾਂ ਦਾ ਵਿਸ਼ਲੇਸ਼ਣ ਕਰਦੀ ਹੈ।
ai_pa_039.wav,voice data/ai/ai_pa_039.wav,ai,Neural TTS,en-US-AvaMultilingualNeural,Male,Punjabi Synth,Punjabi,4.0,16000,Raw TTS,ਆਰਟੀਫੀਸ਼ੀਅਲ ਇੰਟੈਲੀਜੈਂਸ ਆਵਾਜ਼ ਪਛਾਣ ਪ੍ਰਣਾਲੀ ਲਈ ਸਪੈਕਟ੍ਰਲ ਵਿਸ਼ੇਸ਼ਤਾਵਾਂ ਦਾ ਵਿਸ਼ਲੇਸ਼ਣ ਕਰਦੀ ਹੈ।
ai_pa_040.wav,voice data/ai/ai_pa_040.wav,ai,Neural TTS,en-US-AvaMultilingualNeural,Female,Punjabi Synth,Punjabi,4.0,16000,Codec Simulated,ਆਰਟੀਫੀਸ਼ੀਅਲ ਇੰਟੈਲੀਜੈਂਸ ਆਵਾਜ਼ ਪਛਾਣ ਪ੍ਰਣਾਲੀ ਲਈ ਸਪੈਕਟ੍ਰਲ ਵਿਸ਼ੇਸ਼ਤਾਵਾਂ ਦਾ ਵਿਸ਼ਲੇਸ਼ਣ ਕਰਦੀ ਹੈ।
ai_pa_041.wav,voice data/ai/ai_pa_041.wav,ai,Neural TTS,en-US-AvaMultilingualNeural,Male,Punjabi Synth,Punjabi,4.0,16000,Codec Simulated,ਆਰਟੀਫੀਸ਼ੀਅਲ ਇੰਟੈਲੀਜੈਂਸ ਆਵਾਜ਼ ਪਛਾਣ ਪ੍ਰਣਾਲੀ ਲਈ ਸਪੈਕਟ੍ਰਲ ਵਿਸ਼ੇਸ਼ਤਾਵਾਂ ਦਾ ਵਿਸ਼ਲੇਸ਼ਣ ਕਰਦੀ ਹੈ।
ai_pa_042.wav,voice data/ai/ai_pa_042.wav,ai,Neural TTS,en-US-AvaMultilingualNeural,Female,Punjabi Synth,Punjabi,4.0,16000,Raw TTS,ਆਰਟੀਫੀਸ਼ੀਅਲ ਇੰਟੈਲੀਜੈਂਸ ਆਵਾਜ਼ ਪਛਾਣ ਪ੍ਰਣਾਲੀ ਲਈ ਸਪੈਕਟ੍ਰਲ ਵਿਸ਼ੇਸ਼ਤਾਵਾਂ ਦਾ ਵਿਸ਼ਲੇਸ਼ਣ ਕਰਦੀ ਹੈ।
ai_pa_043.wav,voice data/ai/ai_pa_043.wav,ai,Neural TTS,en-US-AvaMultilingualNeural,Male,Punjabi Synth,Punjabi,4.0,16000,Raw TTS,ਆਰਟੀਫੀਸ਼ੀਅਲ ਇੰਟੈਲੀਜੈਂਸ ਆਵਾਜ਼ ਪਛਾਣ ਪ੍ਰਣਾਲੀ ਲਈ ਸਪੈਕਟ੍ਰਲ ਵਿਸ਼ੇਸ਼ਤਾਵਾਂ ਦਾ ਵਿਸ਼ਲੇਸ਼ਣ ਕਰਦੀ ਹੈ।
ai_pa_044.wav,voice data/ai/ai_pa_044.wav,ai,Neural TTS,en-US-AvaMultilingualNeural,Female,Punjabi Synth,Punjabi,4.0,16000,Raw TTS,ਆਰਟੀਫੀਸ਼ੀਅਲ ਇੰਟੈਲੀਜੈਂਸ ਆਵਾਜ਼ ਪਛਾਣ ਪ੍ਰਣਾਲੀ ਲਈ ਸਪੈਕਟ੍ਰਲ ਵਿਸ਼ੇਸ਼ਤਾਵਾਂ ਦਾ ਵਿਸ਼ਲੇਸ਼ਣ ਕਰਦੀ ਹੈ।
ai_pa_045.wav,voice data/ai/ai_pa_045.wav,ai,Neural TTS,en-US-AvaMultilingualNeural,Male,Punjabi Synth,Punjabi,4.0,16000,Codec Simulated,ਆਰਟੀਫੀਸ਼ੀਅਲ ਇੰਟੈਲੀਜੈਂਸ ਆਵਾਜ਼ ਪਛਾਣ ਪ੍ਰਣਾਲੀ ਲਈ ਸਪੈਕਟ੍ਰਲ ਵਿਸ਼ੇਸ਼ਤਾਵਾਂ ਦਾ ਵਿਸ਼ਲੇਸ਼ਣ ਕਰਦੀ ਹੈ।
ai_pa_046.wav,voice data/ai/ai_pa_046.wav,ai,Neural TTS,en-US-AvaMultilingualNeural,Female,Punjabi Synth,Punjabi,4.0,16000,Codec Simulated,ਆਰਟੀਫੀਸ਼ੀਅਲ ਇੰਟੈਲੀਜੈਂਸ ਆਵਾਜ਼ ਪਛਾਣ ਪ੍ਰਣਾਲੀ ਲਈ ਸਪੈਕਟ੍ਰਲ ਵਿਸ਼ੇਸ਼ਤਾਵਾਂ ਦਾ ਵਿਸ਼ਲੇਸ਼ਣ ਕਰਦੀ ਹੈ।
ai_pa_047.wav,voice data/ai/ai_pa_047.wav,ai,Neural TTS,en-US-AvaMultilingualNeural,Male,Punjabi Synth,Punjabi,4.0,16000,Raw TTS,ਆਰਟੀਫੀਸ਼ੀਅਲ ਇੰਟੈਲੀਜੈਂਸ ਆਵਾਜ਼ ਪਛਾਣ ਪ੍ਰਣਾਲੀ ਲਈ ਸਪੈਕਟ੍ਰਲ ਵਿਸ਼ੇਸ਼ਤਾਵਾਂ ਦਾ ਵਿਸ਼ਲੇਸ਼ਣ ਕਰਦੀ ਹੈ।
ai_pa_048.wav,voice data/ai/ai_pa_048.wav,ai,Neural TTS,en-US-AvaMultilingualNeural,Female,Punjabi Synth,Punjabi,4.0,16000,Raw TTS,ਆਰਟੀਫੀਸ਼ੀਅਲ ਇੰਟੈਲੀਜੈਂਸ ਆਵਾਜ਼ ਪਛਾਣ ਪ੍ਰਣਾਲੀ ਲਈ ਸਪੈਕਟ੍ਰਲ ਵਿਸ਼ੇਸ਼ਤਾਵਾਂ ਦਾ ਵਿਸ਼ਲੇਸ਼ਣ ਕਰਦੀ ਹੈ।
ai_pa_049.wav,voice data/ai/ai_pa_049.wav,ai,Neural TTS,en-US-AvaMultilingualNeural,Male,Punjabi Synth,Punjabi,4.0,16000,Raw TTS,ਆਰਟੀਫੀਸ਼ੀਅਲ ਇੰਟੈਲੀਜੈਂਸ ਆਵਾਜ਼ ਪਛਾਣ ਪ੍ਰਣਾਲੀ ਲਈ ਸਪੈਕਟ੍ਰਲ ਵਿਸ਼ੇਸ਼ਤਾਵਾਂ ਦਾ ਵਿਸ਼ਲੇਸ਼ਣ ਕਰਦੀ ਹੈ।
ai_pa_050.wav,voice data/ai/ai_pa_050.wav,ai,Neural TTS,en-US-AvaMultilingualNeural,Female,Punjabi Synth,Punjabi,4.0,16000,Codec Simulated,ਆਰਟੀਫੀਸ਼ੀਅਲ ਇੰਟੈਲੀਜੈਂਸ ਆਵਾਜ਼ ਪਛਾਣ ਪ੍ਰਣਾਲੀ ਲਈ ਸਪੈਕਟ੍ਰਲ ਵਿਸ਼ੇਸ਼ਤਾਵਾਂ ਦਾ ਵਿਸ਼ਲੇਸ਼ਣ ਕਰਦੀ ਹੈ।
ai_ur_001.wav,voice data/ai/ai_ur_001.wav,ai,Neural TTS,ur-IN-SalmanNeural,Male,Urdu Synth,Urdu,4.0,16000,Codec Simulated,مصنوعی ذہانت کا نظام آواز کے خصوصیات کا تجزیہ کرنے کے لیے جدید طریقے استعمال کرتا ہے۔
ai_ur_002.wav,voice data/ai/ai_ur_002.wav,ai,Neural TTS,ur-IN-GulNeural,Female,Urdu Synth,Urdu,4.0,16000,Raw TTS,مصنوعی ذہانت کا نظام آواز کے خصوصیات کا تجزیہ کرنے کے لیے جدید طریقے استعمال کرتا ہے۔
ai_ur_003.wav,voice data/ai/ai_ur_003.wav,ai,Neural TTS,ur-IN-SalmanNeural,Male,Urdu Synth,Urdu,4.0,16000,Raw TTS,مصنوعی ذہانت کا نظام آواز کے خصوصیات کا تجزیہ کرنے کے لیے جدید طریقے استعمال کرتا ہے۔
ai_ur_004.wav,voice data/ai/ai_ur_004.wav,ai,Neural TTS,ur-IN-GulNeural,Female,Urdu Synth,Urdu,4.0,16000,Raw TTS,مصنوعی ذہانت کا نظام آواز کے خصوصیات کا تجزیہ کرنے کے لیے جدید طریقے استعمال کرتا ہے۔
ai_ur_005.wav,voice data/ai/ai_ur_005.wav,ai,Neural TTS,ur-IN-SalmanNeural,Male,Urdu Synth,Urdu,4.0,16000,Codec Simulated,مصنوعی ذہانت کا نظام آواز کے خصوصیات کا تجزیہ کرنے کے لیے جدید طریقے استعمال کرتا ہے۔
ai_ur_006.wav,voice data/ai/ai_ur_006.wav,ai,Neural TTS,ur-IN-GulNeural,Female,Urdu Synth,Urdu,4.0,16000,Codec Simulated,مصنوعی ذہانت کا نظام آواز کے خصوصیات کا تجزیہ کرنے کے لیے جدید طریقے استعمال کرتا ہے۔
ai_ur_007.wav,voice data/ai/ai_ur_007.wav,ai,Neural TTS,ur-IN-SalmanNeural,Male,Urdu Synth,Urdu,4.0,16000,Raw TTS,مصنوعی ذہانت کا نظام آواز کے خصوصیات کا تجزیہ کرنے کے لیے جدید طریقے استعمال کرتا ہے۔
ai_ur_008.wav,voice data/ai/ai_ur_008.wav,ai,Neural TTS,ur-IN-GulNeural,Female,Urdu Synth,Urdu,4.0,16000,Raw TTS,مصنوعی ذہانت کا نظام آواز کے خصوصیات کا تجزیہ کرنے کے لیے جدید طریقے استعمال کرتا ہے۔
ai_ur_009.wav,voice data/ai/ai_ur_009.wav,ai,Neural TTS,ur-IN-SalmanNeural,Male,Urdu Synth,Urdu,4.0,16000,Raw TTS,مصنوعی ذہانت کا نظام آواز کے خصوصیات کا تجزیہ کرنے کے لیے جدید طریقے استعمال کرتا ہے۔
ai_ur_010.wav,voice data/ai/ai_ur_010.wav,ai,Neural TTS,ur-IN-GulNeural,Female,Urdu Synth,Urdu,4.0,16000,Codec Simulated,مصنوعی ذہانت کا نظام آواز کے خصوصیات کا تجزیہ کرنے کے لیے جدید طریقے استعمال کرتا ہے۔
ai_ur_011.wav,voice data/ai/ai_ur_011.wav,ai,Neural TTS,ur-IN-SalmanNeural,Male,Urdu Synth,Urdu,4.0,16000,Codec Simulated,مصنوعی ذہانت کا نظام آواز کے خصوصیات کا تجزیہ کرنے کے لیے جدید طریقے استعمال کرتا ہے۔
ai_ur_012.wav,voice data/ai/ai_ur_012.wav,ai,Neural TTS,ur-IN-GulNeural,Female,Urdu Synth,Urdu,4.0,16000,Raw TTS,مصنوعی ذہانت کا نظام آواز کے خصوصیات کا تجزیہ کرنے کے لیے جدید طریقے استعمال کرتا ہے۔
ai_ur_013.wav,voice data/ai/ai_ur_013.wav,ai,Neural TTS,ur-IN-SalmanNeural,Male,Urdu Synth,Urdu,4.0,16000,Raw TTS,مصنوعی ذہانت کا نظام آواز کے خصوصیات کا تجزیہ کرنے کے لیے جدید طریقے استعمال کرتا ہے۔
ai_ur_014.wav,voice data/ai/ai_ur_014.wav,ai,Neural TTS,ur-IN-GulNeural,Female,Urdu Synth,Urdu,4.0,16000,Raw TTS,مصنوعی ذہانت کا نظام آواز کے خصوصیات کا تجزیہ کرنے کے لیے جدید طریقے استعمال کرتا ہے۔
ai_ur_015.wav,voice data/ai/ai_ur_015.wav,ai,Neural TTS,ur-IN-SalmanNeural,Male,Urdu Synth,Urdu,4.0,16000,Codec Simulated,مصنوعی ذہانت کا نظام آواز کے خصوصیات کا تجزیہ کرنے کے لیے جدید طریقے استعمال کرتا ہے۔
ai_ur_016.wav,voice data/ai/ai_ur_016.wav,ai,Neural TTS,ur-IN-GulNeural,Female,Urdu Synth,Urdu,4.0,16000,Codec Simulated,مصنوعی ذہانت کا نظام آواز کے خصوصیات کا تجزیہ کرنے کے لیے جدید طریقے استعمال کرتا ہے۔
ai_ur_017.wav,voice data/ai/ai_ur_017.wav,ai,Neural TTS,ur-IN-SalmanNeural,Male,Urdu Synth,Urdu,4.0,16000,Raw TTS,مصنوعی ذہانت کا نظام آواز کے خصوصیات کا تجزیہ کرنے کے لیے جدید طریقے استعمال کرتا ہے۔
ai_ur_018.wav,voice data/ai/ai_ur_018.wav,ai,Neural TTS,ur-IN-GulNeural,Female,Urdu Synth,Urdu,4.0,16000,Raw TTS,مصنوعی ذہانت کا نظام آواز کے خصوصیات کا تجزیہ کرنے کے لیے جدید طریقے استعمال کرتا ہے۔
ai_ur_019.wav,voice data/ai/ai_ur_019.wav,ai,Neural TTS,ur-IN-SalmanNeural,Male,Urdu Synth,Urdu,4.0,16000,Raw TTS,مصنوعی ذہانت کا نظام آواز کے خصوصیات کا تجزیہ کرنے کے لیے جدید طریقے استعمال کرتا ہے۔
ai_ur_020.wav,voice data/ai/ai_ur_020.wav,ai,Neural TTS,ur-IN-GulNeural,Female,Urdu Synth,Urdu,4.0,16000,Codec Simulated,مصنوعی ذہانت کا نظام آواز کے خصوصیات کا تجزیہ کرنے کے لیے جدید طریقے استعمال کرتا ہے۔
ai_ur_021.wav,voice data/ai/ai_ur_021.wav,ai,Neural TTS,ur-IN-SalmanNeural,Male,Urdu Synth,Urdu,4.0,16000,Codec Simulated,مصنوعی ذہانت کا نظام آواز کے خصوصیات کا تجزیہ کرنے کے لیے جدید طریقے استعمال کرتا ہے۔
ai_ur_022.wav,voice data/ai/ai_ur_022.wav,ai,Neural TTS,ur-IN-GulNeural,Female,Urdu Synth,Urdu,4.0,16000,Raw TTS,مصنوعی ذہانت کا نظام آواز کے خصوصیات کا تجزیہ کرنے کے لیے جدید طریقے استعمال کرتا ہے۔
ai_ur_023.wav,voice data/ai/ai_ur_023.wav,ai,Neural TTS,ur-IN-SalmanNeural,Male,Urdu Synth,Urdu,4.0,16000,Raw TTS,مصنوعی ذہانت کا نظام آواز کے خصوصیات کا تجزیہ کرنے کے لیے جدید طریقے استعمال کرتا ہے۔
ai_ur_024.wav,voice data/ai/ai_ur_024.wav,ai,Neural TTS,ur-IN-GulNeural,Female,Urdu Synth,Urdu,4.0,16000,Raw TTS,مصنوعی ذہانت کا نظام آواز کے خصوصیات کا تجزیہ کرنے کے لیے جدید طریقے استعمال کرتا ہے۔
ai_ur_025.wav,voice data/ai/ai_ur_025.wav,ai,Neural TTS,ur-IN-SalmanNeural,Male,Urdu Synth,Urdu,4.0,16000,Codec Simulated,مصنوعی ذہانت کا نظام آواز کے خصوصیات کا تجزیہ کرنے کے لیے جدید طریقے استعمال کرتا ہے۔
ai_ur_026.wav,voice data/ai/ai_ur_026.wav,ai,Neural TTS,ur-IN-GulNeural,Female,Urdu Synth,Urdu,4.0,16000,Codec Simulated,مصنوعی ذہانت کا نظام آواز کے خصوصیات کا تجزیہ کرنے کے لیے جدید طریقے استعمال کرتا ہے۔
ai_ur_027.wav,voice data/ai/ai_ur_027.wav,ai,Neural TTS,ur-IN-SalmanNeural,Male,Urdu Synth,Urdu,4.0,16000,Raw TTS,مصنوعی ذہانت کا نظام آواز کے خصوصیات کا تجزیہ کرنے کے لیے جدید طریقے استعمال کرتا ہے۔
ai_ur_028.wav,voice data/ai/ai_ur_028.wav,ai,Neural TTS,ur-IN-GulNeural,Female,Urdu Synth,Urdu,4.0,16000,Raw TTS,مصنوعی ذہانت کا نظام آواز کے خصوصیات کا تجزیہ کرنے کے لیے جدید طریقے استعمال کرتا ہے۔
ai_ur_029.wav,voice data/ai/ai_ur_029.wav,ai,Neural TTS,ur-IN-SalmanNeural,Male,Urdu Synth,Urdu,4.0,16000,Raw TTS,مصنوعی ذہانت کا نظام آواز کے خصوصیات کا تجزیہ کرنے کے لیے جدید طریقے استعمال کرتا ہے۔
ai_ur_030.wav,voice data/ai/ai_ur_030.wav,ai,Neural TTS,ur-IN-GulNeural,Female,Urdu Synth,Urdu,4.0,16000,Codec Simulated,مصنوعی ذہانت کا نظام آواز کے خصوصیات کا تجزیہ کرنے کے لیے جدید طریقے استعمال کرتا ہے۔
ai_ur_031.wav,voice data/ai/ai_ur_031.wav,ai,Neural TTS,ur-IN-SalmanNeural,Male,Urdu Synth,Urdu,4.0,16000,Codec Simulated,مصنوعی ذہانت کا نظام آواز کے خصوصیات کا تجزیہ کرنے کے لیے جدید طریقے استعمال کرتا ہے۔
ai_ur_032.wav,voice data/ai/ai_ur_032.wav,ai,Neural TTS,ur-IN-GulNeural,Female,Urdu Synth,Urdu,4.0,16000,Raw TTS,مصنوعی ذہانت کا نظام آواز کے خصوصیات کا تجزیہ کرنے کے لیے جدید طریقے استعمال کرتا ہے۔
ai_ur_033.wav,voice data/ai/ai_ur_033.wav,ai,Neural TTS,ur-IN-SalmanNeural,Male,Urdu Synth,Urdu,4.0,16000,Raw TTS,مصنوعی ذہانت کا نظام آواز کے خصوصیات کا تجزیہ کرنے کے لیے جدید طریقے استعمال کرتا ہے۔
ai_ur_034.wav,voice data/ai/ai_ur_034.wav,ai,Neural TTS,ur-IN-GulNeural,Female,Urdu Synth,Urdu,4.0,16000,Raw TTS,مصنوعی ذہانت کا نظام آواز کے خصوصیات کا تجزیہ کرنے کے لیے جدید طریقے استعمال کرتا ہے۔
ai_ur_035.wav,voice data/ai/ai_ur_035.wav,ai,Neural TTS,ur-IN-SalmanNeural,Male,Urdu Synth,Urdu,4.0,16000,Codec Simulated,مصنوعی ذہانت کا نظام آواز کے خصوصیات کا تجزیہ کرنے کے لیے جدید طریقے استعمال کرتا ہے۔
ai_ur_036.wav,voice data/ai/ai_ur_036.wav,ai,Neural TTS,ur-IN-GulNeural,Female,Urdu Synth,Urdu,4.0,16000,Codec Simulated,مصنوعی ذہانت کا نظام آواز کے خصوصیات کا تجزیہ کرنے کے لیے جدید طریقے استعمال کرتا ہے۔
ai_ur_037.wav,voice data/ai/ai_ur_037.wav,ai,Neural TTS,ur-IN-SalmanNeural,Male,Urdu Synth,Urdu,4.0,16000,Raw TTS,مصنوعی ذہانت کا نظام آواز کے خصوصیات کا تجزیہ کرنے کے لیے جدید طریقے استعمال کرتا ہے۔
ai_ur_038.wav,voice data/ai/ai_ur_038.wav,ai,Neural TTS,ur-IN-GulNeural,Female,Urdu Synth,Urdu,4.0,16000,Raw TTS,مصنوعی ذہانت کا نظام آواز کے خصوصیات کا تجزیہ کرنے کے لیے جدید طریقے استعمال کرتا ہے۔
ai_ur_039.wav,voice data/ai/ai_ur_039.wav,ai,Neural TTS,ur-IN-SalmanNeural,Male,Urdu Synth,Urdu,4.0,16000,Raw TTS,مصنوعی ذہانت کا نظام آواز کے خصوصیات کا تجزیہ کرنے کے لیے جدید طریقے استعمال کرتا ہے۔
ai_ur_040.wav,voice data/ai/ai_ur_040.wav,ai,Neural TTS,ur-IN-GulNeural,Female,Urdu Synth,Urdu,4.0,16000,Codec Simulated,مصنوعی ذہانت کا نظام آواز کے خصوصیات کا تجزیہ کرنے کے لیے جدید طریقے استعمال کرتا ہے۔
ai_ur_041.wav,voice data/ai/ai_ur_041.wav,ai,Neural TTS,ur-IN-SalmanNeural,Male,Urdu Synth,Urdu,4.0,16000,Codec Simulated,مصنوعی ذہانت کا نظام آواز کے خصوصیات کا تجزیہ کرنے کے لیے جدید طریقے استعمال کرتا ہے۔
ai_ur_042.wav,voice data/ai/ai_ur_042.wav,ai,Neural TTS,ur-IN-GulNeural,Female,Urdu Synth,Urdu,4.0,16000,Raw TTS,مصنوعی ذہانت کا نظام آواز کے خصوصیات کا تجزیہ کرنے کے لیے جدید طریقے استعمال کرتا ہے۔
ai_ur_043.wav,voice data/ai/ai_ur_043.wav,ai,Neural TTS,ur-IN-SalmanNeural,Male,Urdu Synth,Urdu,4.0,16000,Raw TTS,مصنوعی ذہانت کا نظام آواز کے خصوصیات کا تجزیہ کرنے کے لیے جدید طریقے استعمال کرتا ہے۔
ai_ur_044.wav,voice data/ai/ai_ur_044.wav,ai,Neural TTS,ur-IN-GulNeural,Female,Urdu Synth,Urdu,4.0,16000,Raw TTS,مصنوعی ذہانت کا نظام آواز کے خصوصیات کا تجزیہ کرنے کے لیے جدید طریقے استعمال کرتا ہے۔
ai_ur_045.wav,voice data/ai/ai_ur_045.wav,ai,Neural TTS,ur-IN-SalmanNeural,Male,Urdu Synth,Urdu,4.0,16000,Codec Simulated,مصنوعی ذہانت کا نظام آواز کے خصوصیات کا تجزیہ کرنے کے لیے جدید طریقے استعمال کرتا ہے۔
ai_ur_046.wav,voice data/ai/ai_ur_046.wav,ai,Neural TTS,ur-IN-GulNeural,Female,Urdu Synth,Urdu,4.0,16000,Codec Simulated,مصنوعی ذہانت کا نظام آواز کے خصوصیات کا تجزیہ کرنے کے لیے جدید طریقے استعمال کرتا ہے۔
ai_ur_047.wav,voice data/ai/ai_ur_047.wav,ai,Neural TTS,ur-IN-SalmanNeural,Male,Urdu Synth,Urdu,4.0,16000,Raw TTS,مصنوعی ذہانت کا نظام آواز کے خصوصیات کا تجزیہ کرنے کے لیے جدید طریقے استعمال کرتا ہے۔
ai_ur_048.wav,voice data/ai/ai_ur_048.wav,ai,Neural TTS,ur-IN-GulNeural,Female,Urdu Synth,Urdu,4.0,16000,Raw TTS,مصنوعی ذہانت کا نظام آواز کے خصوصیات کا تجزیہ کرنے کے لیے جدید طریقے استعمال کرتا ہے۔
ai_ur_049.wav,voice data/ai/ai_ur_049.wav,ai,Neural TTS,ur-IN-SalmanNeural,Male,Urdu Synth,Urdu,4.0,16000,Raw TTS,مصنوعی ذہانت کا نظام آواز کے خصوصیات کا تجزیہ کرنے کے لیے جدید طریقے استعمال کرتا ہے۔
ai_ur_050.wav,voice data/ai/ai_ur_050.wav,ai,Neural TTS,ur-IN-GulNeural,Female,Urdu Synth,Urdu,4.0,16000,Codec Simulated,مصنوعی ذہانت کا نظام آواز کے خصوصیات کا تجزیہ کرنے کے لیے جدید طریقے استعمال کرتا ہے۔
ai_or_001.wav,voice data/ai/ai_or_001.wav,ai,Neural TTS,en-US-AvaMultilingualNeural,Male,Odia Synth,Odia,4.0,16000,Codec Simulated,କୃତ୍ରିମ ବୁଦ୍ଧିମତ୍ତା ସ୍ୱର ବିଶ୍ଳେଷଣ ପ୍ରଯୁକ୍ତିବିଦ୍ୟା ଶବ୍ଦ ବିଶେଷତ୍ୱ ଆକଳନ କରେ।
ai_or_002.wav,voice data/ai/ai_or_002.wav,ai,Neural TTS,en-US-AvaMultilingualNeural,Female,Odia Synth,Odia,4.0,16000,Raw TTS,କୃତ୍ରିମ ବୁଦ୍ଧିମତ୍ତା ସ୍ୱର ବିଶ୍ଳେଷଣ ପ୍ରଯୁକ୍ତିବିଦ୍ୟା ଶବ୍ଦ ବିଶେଷତ୍ୱ ଆକଳନ କରେ।
ai_or_003.wav,voice data/ai/ai_or_003.wav,ai,Neural TTS,en-US-AvaMultilingualNeural,Male,Odia Synth,Odia,4.0,16000,Raw TTS,କୃତ୍ରିମ ବୁଦ୍ଧିମତ୍ତା ସ୍ୱର ବିଶ୍ଳେଷଣ ପ୍ରଯୁକ୍ତିବିଦ୍ୟା ଶବ୍ଦ ବିଶେଷତ୍ୱ ଆକଳନ କରେ।
ai_or_004.wav,voice data/ai/ai_or_004.wav,ai,Neural TTS,en-US-AvaMultilingualNeural,Female,Odia Synth,Odia,4.0,16000,Raw TTS,କୃତ୍ରିମ ବୁଦ୍ଧିମତ୍ତା ସ୍ୱର ବିଶ୍ଳେଷଣ ପ୍ରଯୁକ୍ତିବିଦ୍ୟା ଶବ୍ଦ ବିଶେଷତ୍ୱ ଆକଳନ କରେ।
ai_or_005.wav,voice data/ai/ai_or_005.wav,ai,Neural TTS,en-US-AvaMultilingualNeural,Male,Odia Synth,Odia,4.0,16000,Codec Simulated,କୃତ୍ରିମ ବୁଦ୍ଧିମତ୍ତା ସ୍ୱର ବିଶ୍ଳେଷଣ ପ୍ରଯୁକ୍ତିବିଦ୍ୟା ଶବ୍ଦ ବିଶେଷତ୍ୱ ଆକଳନ କରେ।
ai_or_006.wav,voice data/ai/ai_or_006.wav,ai,Neural TTS,en-US-AvaMultilingualNeural,Female,Odia Synth,Odia,4.0,16000,Codec Simulated,କୃତ୍ରିମ ବୁଦ୍ଧିମତ୍ତା ସ୍ୱର ବିଶ୍ଳେଷଣ ପ୍ରଯୁକ୍ତିବିଦ୍ୟା ଶବ୍ଦ ବିଶେଷତ୍ୱ ଆକଳନ କରେ।
ai_or_007.wav,voice data/ai/ai_or_007.wav,ai,Neural TTS,en-US-AvaMultilingualNeural,Male,Odia Synth,Odia,4.0,16000,Raw TTS,କୃତ୍ରିମ ବୁଦ୍ଧିମତ୍ତା ସ୍ୱର ବିଶ୍ଳେଷଣ ପ୍ରଯୁକ୍ତିବିଦ୍ୟା ଶବ୍ଦ ବିଶେଷତ୍ୱ ଆକଳନ କରେ।
ai_or_008.wav,voice data/ai/ai_or_008.wav,ai,Neural TTS,en-US-AvaMultilingualNeural,Female,Odia Synth,Odia,4.0,16000,Raw TTS,କୃତ୍ରିମ ବୁଦ୍ଧିମତ୍ତା ସ୍ୱର ବିଶ୍ଳେଷଣ ପ୍ରଯୁକ୍ତିବିଦ୍ୟା ଶବ୍ଦ ବିଶେଷତ୍ୱ ଆକଳନ କରେ।
ai_or_009.wav,voice data/ai/ai_or_009.wav,ai,Neural TTS,en-US-AvaMultilingualNeural,Male,Odia Synth,Odia,4.0,16000,Raw TTS,କୃତ୍ରିମ ବୁଦ୍ଧିମତ୍ତା ସ୍ୱର ବିଶ୍ଳେଷଣ ପ୍ରଯୁକ୍ତିବିଦ୍ୟା ଶବ୍ଦ ବିଶେଷତ୍ୱ ଆକଳନ କରେ।
ai_or_010.wav,voice data/ai/ai_or_010.wav,ai,Neural TTS,en-US-AvaMultilingualNeural,Female,Odia Synth,Odia,4.0,16000,Codec Simulated,କୃତ୍ରିମ ବୁଦ୍ଧିମତ୍ତା ସ୍ୱର ବିଶ୍ଳେଷଣ ପ୍ରଯୁକ୍ତିବିଦ୍ୟା ଶବ୍ଦ ବିଶେଷତ୍ୱ ଆକଳନ କରେ।
ai_or_011.wav,voice data/ai/ai_or_011.wav,ai,Neural TTS,en-US-AvaMultilingualNeural,Male,Odia Synth,Odia,4.0,16000,Codec Simulated,କୃତ୍ରିମ ବୁଦ୍ଧିମତ୍ତା ସ୍ୱର ବିଶ୍ଳେଷଣ ପ୍ରଯୁକ୍ତିବିଦ୍ୟା ଶବ୍ଦ ବିଶେଷତ୍ୱ ଆକଳନ କରେ।
ai_or_012.wav,voice data/ai/ai_or_012.wav,ai,Neural TTS,en-US-AvaMultilingualNeural,Female,Odia Synth,Odia,4.0,16000,Raw TTS,କୃତ୍ରିମ ବୁଦ୍ଧିମତ୍ତା ସ୍ୱର ବିଶ୍ଳେଷଣ ପ୍ରଯୁକ୍ତିବିଦ୍ୟା ଶବ୍ଦ ବିଶେଷତ୍ୱ ଆକଳନ କରେ।
ai_or_013.wav,voice data/ai/ai_or_013.wav,ai,Neural TTS,en-US-AvaMultilingualNeural,Male,Odia Synth,Odia,4.0,16000,Raw TTS,କୃତ୍ରିମ ବୁଦ୍ଧିମତ୍ତା ସ୍ୱର ବିଶ୍ଳେଷଣ ପ୍ରଯୁକ୍ତିବିଦ୍ୟା ଶବ୍ଦ ବିଶେଷତ୍ୱ ଆକଳନ କରେ।
ai_or_014.wav,voice data/ai/ai_or_014.wav,ai,Neural TTS,en-US-AvaMultilingualNeural,Female,Odia Synth,Odia,4.0,16000,Raw TTS,କୃତ୍ରିମ ବୁଦ୍ଧିମତ୍ତା ସ୍ୱର ବିଶ୍ଳେଷଣ ପ୍ରଯୁକ୍ତିବିଦ୍ୟା ଶବ୍ଦ ବିଶେଷତ୍ୱ ଆକଳନ କରେ।
ai_or_015.wav,voice data/ai/ai_or_015.wav,ai,Neural TTS,en-US-AvaMultilingualNeural,Male,Odia Synth,Odia,4.0,16000,Codec Simulated,କୃତ୍ରିମ ବୁଦ୍ଧିମତ୍ତା ସ୍ୱର ବିଶ୍ଳେଷଣ ପ୍ରଯୁକ୍ତିବିଦ୍ୟା ଶବ୍ଦ ବିଶେଷତ୍ୱ ଆକଳନ କରେ।
ai_or_016.wav,voice data/ai/ai_or_016.wav,ai,Neural TTS,en-US-AvaMultilingualNeural,Female,Odia Synth,Odia,4.0,16000,Codec Simulated,କୃତ୍ରିମ ବୁଦ୍ଧିମତ୍ତା ସ୍ୱର ବିଶ୍ଳେଷଣ ପ୍ରଯୁକ୍ତିବିଦ୍ୟା ଶବ୍ଦ ବିଶେଷତ୍ୱ ଆକଳନ କରେ।
ai_or_017.wav,voice data/ai/ai_or_017.wav,ai,Neural TTS,en-US-AvaMultilingualNeural,Male,Odia Synth,Odia,4.0,16000,Raw TTS,କୃତ୍ରିମ ବୁଦ୍ଧିମତ୍ତା ସ୍ୱର ବିଶ୍ଳେଷଣ ପ୍ରଯୁକ୍ତିବିଦ୍ୟା ଶବ୍ଦ ବିଶେଷତ୍ୱ ଆକଳନ କରେ।
ai_or_018.wav,voice data/ai/ai_or_018.wav,ai,Neural TTS,en-US-AvaMultilingualNeural,Female,Odia Synth,Odia,4.0,16000,Raw TTS,କୃତ୍ରିମ ବୁଦ୍ଧିମତ୍ତା ସ୍ୱର ବିଶ୍ଳେଷଣ ପ୍ରଯୁକ୍ତିବିଦ୍ୟା ଶବ୍ଦ ବିଶେଷତ୍ୱ ଆକଳନ କରେ।
ai_or_019.wav,voice data/ai/ai_or_019.wav,ai,Neural TTS,en-US-AvaMultilingualNeural,Male,Odia Synth,Odia,4.0,16000,Raw TTS,କୃତ୍ରିମ ବୁଦ୍ଧିମତ୍ତା ସ୍ୱର ବିଶ୍ଳେଷଣ ପ୍ରଯୁକ୍ତିବିଦ୍ୟା ଶବ୍ଦ ବିଶେଷତ୍ୱ ଆକଳନ କରେ।
ai_or_020.wav,voice data/ai/ai_or_020.wav,ai,Neural TTS,en-US-AvaMultilingualNeural,Female,Odia Synth,Odia,4.0,16000,Codec Simulated,କୃତ୍ରିମ ବୁଦ୍ଧିମତ୍ତା ସ୍ୱର ବିଶ୍ଳେଷଣ ପ୍ରଯୁକ୍ତିବିଦ୍ୟା ଶବ୍ଦ ବିଶେଷତ୍ୱ ଆକଳନ କରେ।
ai_or_021.wav,voice data/ai/ai_or_021.wav,ai,Neural TTS,en-US-AvaMultilingualNeural,Male,Odia Synth,Odia,4.0,16000,Codec Simulated,କୃତ୍ରିମ ବୁଦ୍ଧିମତ୍ତା ସ୍ୱର ବିଶ୍ଳେଷଣ ପ୍ରଯୁକ୍ତିବିଦ୍ୟା ଶବ୍ଦ ବିଶେଷତ୍ୱ ଆକଳନ କରେ।
ai_or_022.wav,voice data/ai/ai_or_022.wav,ai,Neural TTS,en-US-AvaMultilingualNeural,Female,Odia Synth,Odia,4.0,16000,Raw TTS,କୃତ୍ରିମ ବୁଦ୍ଧିମତ୍ତା ସ୍ୱର ବିଶ୍ଳେଷଣ ପ୍ରଯୁକ୍ତିବିଦ୍ୟା ଶବ୍ଦ ବିଶେଷତ୍ୱ ଆକଳନ କରେ।
ai_or_023.wav,voice data/ai/ai_or_023.wav,ai,Neural TTS,en-US-AvaMultilingualNeural,Male,Odia Synth,Odia,4.0,16000,Raw TTS,କୃତ୍ରିମ ବୁଦ୍ଧିମତ୍ତା ସ୍ୱର ବିଶ୍ଳେଷଣ ପ୍ରଯୁକ୍ତିବିଦ୍ୟା ଶବ୍ଦ ବିଶେଷତ୍ୱ ଆକଳନ କରେ।
ai_or_024.wav,voice data/ai/ai_or_024.wav,ai,Neural TTS,en-US-AvaMultilingualNeural,Female,Odia Synth,Odia,4.0,16000,Raw TTS,କୃତ୍ରିମ ବୁଦ୍ଧିମତ୍ତା ସ୍ୱର ବିଶ୍ଳେଷଣ ପ୍ରଯୁକ୍ତିବିଦ୍ୟା ଶବ୍ଦ ବିଶେଷତ୍ୱ ଆକଳନ କରେ।
ai_or_025.wav,voice data/ai/ai_or_025.wav,ai,Neural TTS,en-US-AvaMultilingualNeural,Male,Odia Synth,Odia,4.0,16000,Codec Simulated,କୃତ୍ରିମ ବୁଦ୍ଧିମତ୍ତା ସ୍ୱର ବିଶ୍ଳେଷଣ ପ୍ରଯୁକ୍ତିବିଦ୍ୟା ଶବ୍ଦ ବିଶେଷତ୍ୱ ଆକଳନ କରେ।
ai_or_026.wav,voice data/ai/ai_or_026.wav,ai,Neural TTS,en-US-AvaMultilingualNeural,Female,Odia Synth,Odia,4.0,16000,Codec Simulated,କୃତ୍ରିମ ବୁଦ୍ଧିମତ୍ତା ସ୍ୱର ବିଶ୍ଳେଷଣ ପ୍ରଯୁକ୍ତିବିଦ୍ୟା ଶବ୍ଦ ବିଶେଷତ୍ୱ ଆକଳନ କରେ।
ai_or_027.wav,voice data/ai/ai_or_027.wav,ai,Neural TTS,en-US-AvaMultilingualNeural,Male,Odia Synth,Odia,4.0,16000,Raw TTS,କୃତ୍ରିମ ବୁଦ୍ଧିମତ୍ତା ସ୍ୱର ବିଶ୍ଳେଷଣ ପ୍ରଯୁକ୍ତିବିଦ୍ୟା ଶବ୍ଦ ବିଶେଷତ୍ୱ ଆକଳନ କରେ।
ai_or_028.wav,voice data/ai/ai_or_028.wav,ai,Neural TTS,en-US-AvaMultilingualNeural,Female,Odia Synth,Odia,4.0,16000,Raw TTS,କୃତ୍ରିମ ବୁଦ୍ଧିମତ୍ତା ସ୍ୱର ବିଶ୍ଳେଷଣ ପ୍ରଯୁକ୍ତିବିଦ୍ୟା ଶବ୍ଦ ବିଶେଷତ୍ୱ ଆକଳନ କରେ।
ai_or_029.wav,voice data/ai/ai_or_029.wav,ai,Neural TTS,en-US-AvaMultilingualNeural,Male,Odia Synth,Odia,4.0,16000,Raw TTS,କୃତ୍ରିମ ବୁଦ୍ଧିମତ୍ତା ସ୍ୱର ବିଶ୍ଳେଷଣ ପ୍ରଯୁକ୍ତିବିଦ୍ୟା ଶବ୍ଦ ବିଶେଷତ୍ୱ ଆକଳନ କରେ।
ai_or_030.wav,voice data/ai/ai_or_030.wav,ai,Neural TTS,en-US-AvaMultilingualNeural,Female,Odia Synth,Odia,4.0,16000,Codec Simulated,କୃତ୍ରିମ ବୁଦ୍ଧିମତ୍ତା ସ୍ୱର ବିଶ୍ଳେଷଣ ପ୍ରଯୁକ୍ତିବିଦ୍ୟା ଶବ୍ଦ ବିଶେଷତ୍ୱ ଆକଳନ କରେ।
ai_or_031.wav,voice data/ai/ai_or_031.wav,ai,Neural TTS,en-US-AvaMultilingualNeural,Male,Odia Synth,Odia,4.0,16000,Codec Simulated,କୃତ୍ରିମ ବୁଦ୍ଧିମତ୍ତା ସ୍ୱର ବିଶ୍ଳେଷଣ ପ୍ରଯୁକ୍ତିବିଦ୍ୟା ଶବ୍ଦ ବିଶେଷତ୍ୱ ଆକଳନ କରେ।
ai_or_032.wav,voice data/ai/ai_or_032.wav,ai,Neural TTS,en-US-AvaMultilingualNeural,Female,Odia Synth,Odia,4.0,16000,Raw TTS,କୃତ୍ରିମ ବୁଦ୍ଧିମତ୍ତା ସ୍ୱର ବିଶ୍ଳେଷଣ ପ୍ରଯୁକ୍ତିବିଦ୍ୟା ଶବ୍ଦ ବିଶେଷତ୍ୱ ଆକଳନ କରେ।
ai_or_033.wav,voice data/ai/ai_or_033.wav,ai,Neural TTS,en-US-AvaMultilingualNeural,Male,Odia Synth,Odia,4.0,16000,Raw TTS,କୃତ୍ରିମ ବୁଦ୍ଧିମତ୍ତା ସ୍ୱର ବିଶ୍ଳେଷଣ ପ୍ରଯୁକ୍ତିବିଦ୍ୟା ଶବ୍ଦ ବିଶେଷତ୍ୱ ଆକଳନ କରେ।
ai_or_034.wav,voice data/ai/ai_or_034.wav,ai,Neural TTS,en-US-AvaMultilingualNeural,Female,Odia Synth,Odia,4.0,16000,Raw TTS,କୃତ୍ରିମ ବୁଦ୍ଧିମତ୍ତା ସ୍ୱର ବିଶ୍ଳେଷଣ ପ୍ରଯୁକ୍ତିବିଦ୍ୟା ଶବ୍ଦ ବିଶେଷତ୍ୱ ଆକଳନ କରେ।
ai_or_035.wav,voice data/ai/ai_or_035.wav,ai,Neural TTS,en-US-AvaMultilingualNeural,Male,Odia Synth,Odia,4.0,16000,Codec Simulated,କୃତ୍ରିମ ବୁଦ୍ଧିମତ୍ତା ସ୍ୱର ବିଶ୍ଳେଷଣ ପ୍ରଯୁକ୍ତିବିଦ୍ୟା ଶବ୍ଦ ବିଶେଷତ୍ୱ ଆକଳନ କରେ।
ai_or_036.wav,voice data/ai/ai_or_036.wav,ai,Neural TTS,en-US-AvaMultilingualNeural,Female,Odia Synth,Odia,4.0,16000,Codec Simulated,କୃତ୍ରିମ ବୁଦ୍ଧିମତ୍ତା ସ୍ୱର ବିଶ୍ଳେଷଣ ପ୍ରଯୁକ୍ତିବିଦ୍ୟା ଶବ୍ଦ ବିଶେଷତ୍ୱ ଆକଳନ କରେ।
ai_or_037.wav,voice data/ai/ai_or_037.wav,ai,Neural TTS,en-US-AvaMultilingualNeural,Male,Odia Synth,Odia,4.0,16000,Raw TTS,କୃତ୍ରିମ ବୁଦ୍ଧିମତ୍ତା ସ୍ୱର ବିଶ୍ଳେଷଣ ପ୍ରଯୁକ୍ତିବିଦ୍ୟା ଶବ୍ଦ ବିଶେଷତ୍ୱ ଆକଳନ କରେ।
ai_or_038.wav,voice data/ai/ai_or_038.wav,ai,Neural TTS,en-US-AvaMultilingualNeural,Female,Odia Synth,Odia,4.0,16000,Raw TTS,କୃତ୍ରିମ ବୁଦ୍ଧିମତ୍ତା ସ୍ୱର ବିଶ୍ଳେଷଣ ପ୍ରଯୁକ୍ତିବିଦ୍ୟା ଶବ୍ଦ ବିଶେଷତ୍ୱ ଆକଳନ କରେ।
ai_or_039.wav,voice data/ai/ai_or_039.wav,ai,Neural TTS,en-US-AvaMultilingualNeural,Male,Odia Synth,Odia,4.0,16000,Raw TTS,କୃତ୍ରିମ ବୁଦ୍ଧିମତ୍ତା ସ୍ୱର ବିଶ୍ଳେଷଣ ପ୍ରଯୁକ୍ତିବିଦ୍ୟା ଶବ୍ଦ ବିଶେଷତ୍ୱ ଆକଳନ କରେ।
ai_or_040.wav,voice data/ai/ai_or_040.wav,ai,Neural TTS,en-US-AvaMultilingualNeural,Female,Odia Synth,Odia,4.0,16000,Codec Simulated,କୃତ୍ରିମ ବୁଦ୍ଧିମତ୍ତା ସ୍ୱର ବିଶ୍ଳେଷଣ ପ୍ରଯୁକ୍ତିବିଦ୍ୟା ଶବ୍ଦ ବିଶେଷତ୍ୱ ଆକଳନ କରେ।
ai_or_041.wav,voice data/ai/ai_or_041.wav,ai,Neural TTS,en-US-AvaMultilingualNeural,Male,Odia Synth,Odia,4.0,16000,Codec Simulated,କୃତ୍ରିମ ବୁଦ୍ଧିମତ୍ତା ସ୍ୱର ବିଶ୍ଳେଷଣ ପ୍ରଯୁକ୍ତିବିଦ୍ୟା ଶବ୍ଦ ବିଶେଷତ୍ୱ ଆକଳନ କରେ।
ai_or_042.wav,voice data/ai/ai_or_042.wav,ai,Neural TTS,en-US-AvaMultilingualNeural,Female,Odia Synth,Odia,4.0,16000,Raw TTS,କୃତ୍ରିମ ବୁଦ୍ଧିମତ୍ତା ସ୍ୱର ବିଶ୍ଳେଷଣ ପ୍ରଯୁକ୍ତିବିଦ୍ୟା ଶବ୍ଦ ବିଶେଷତ୍ୱ ଆକଳନ କରେ।
ai_or_043.wav,voice data/ai/ai_or_043.wav,ai,Neural TTS,en-US-AvaMultilingualNeural,Male,Odia Synth,Odia,4.0,16000,Raw TTS,କୃତ୍ରିମ ବୁଦ୍ଧିମତ୍ତା ସ୍ୱର ବିଶ୍ଳେଷଣ ପ୍ରଯୁକ୍ତିବିଦ୍ୟା ଶବ୍ଦ ବିଶେଷତ୍ୱ ଆକଳନ କରେ।
ai_or_044.wav,voice data/ai/ai_or_044.wav,ai,Neural TTS,en-US-AvaMultilingualNeural,Female,Odia Synth,Odia,4.0,16000,Raw TTS,କୃତ୍ରିମ ବୁଦ୍ଧିମତ୍ତା ସ୍ୱର ବିଶ୍ଳେଷଣ ପ୍ରଯୁକ୍ତିବିଦ୍ୟା ଶବ୍ଦ ବିଶେଷତ୍ୱ ଆକଳନ କରେ।
ai_or_045.wav,voice data/ai/ai_or_045.wav,ai,Neural TTS,en-US-AvaMultilingualNeural,Male,Odia Synth,Odia,4.0,16000,Codec Simulated,କୃତ୍ରିମ ବୁଦ୍ଧିମତ୍ତା ସ୍ୱର ବିଶ୍ଳେଷଣ ପ୍ରଯୁକ୍ତିବିଦ୍ୟା ଶବ୍ଦ ବିଶେଷତ୍ୱ ଆକଳନ କରେ।
ai_or_046.wav,voice data/ai/ai_or_046.wav,ai,Neural TTS,en-US-AvaMultilingualNeural,Female,Odia Synth,Odia,4.0,16000,Codec Simulated,କୃତ୍ରିମ ବୁଦ୍ଧିମତ୍ତା ସ୍ୱର ବିଶ୍ଳେଷଣ ପ୍ରଯୁକ୍ତିବିଦ୍ୟା ଶବ୍ଦ ବିଶେଷତ୍ୱ ଆକଳନ କରେ।
ai_or_047.wav,voice data/ai/ai_or_047.wav,ai,Neural TTS,en-US-AvaMultilingualNeural,Male,Odia Synth,Odia,4.0,16000,Raw TTS,କୃତ୍ରିମ ବୁଦ୍ଧିମତ୍ତା ସ୍ୱର ବିଶ୍ଳେଷଣ ପ୍ରଯୁକ୍ତିବିଦ୍ୟା ଶବ୍ଦ ବିଶେଷତ୍ୱ ଆକଳନ କରେ।
ai_or_048.wav,voice data/ai/ai_or_048.wav,ai,Neural TTS,en-US-AvaMultilingualNeural,Female,Odia Synth,Odia,4.0,16000,Raw TTS,କୃତ୍ରିମ ବୁଦ୍ଧିମତ୍ତା ସ୍ୱର ବିଶ୍ଳେଷଣ ପ୍ରଯୁକ୍ତିବିଦ୍ୟା ଶବ୍ଦ ବିଶେଷତ୍ୱ ଆକଳନ କରେ।
ai_or_049.wav,voice data/ai/ai_or_049.wav,ai,Neural TTS,en-US-AvaMultilingualNeural,Male,Odia Synth,Odia,4.0,16000,Raw TTS,କୃତ୍ରିମ ବୁଦ୍ଧିମତ୍ତା ସ୍ୱର ବିଶ୍ଳେଷଣ ପ୍ରଯୁକ୍ତିବିଦ୍ୟା ଶବ୍ଦ ବିଶେଷତ୍ୱ ଆକଳନ କରେ।
ai_or_050.wav,voice data/ai/ai_or_050.wav,ai,Neural TTS,en-US-AvaMultilingualNeural,Female,Odia Synth,Odia,4.0,16000,Codec Simulated,କୃତ୍ରିମ ବୁଦ୍ଧିମତ୍ତା ସ୍ୱର ବିଶ୍ଳେଷଣ ପ୍ରଯୁକ୍ତିବିଦ୍ୟା ଶବ୍ଦ ବିଶେଷତ୍ୱ ଆକଳନ କରେ।
ai_as_001.wav,voice data/ai/ai_as_001.wav,ai,Neural TTS,en-US-AvaMultilingualNeural,Male,Assamese Synth,Assamese,4.0,16000,Codec Simulated,কৃত্ৰিম বুদ্ধিমত্তা কণ্ঠস্বৰ বিশ্লেষণ ব্যৱস্থাই শব্দৰ বৈশিষ্ট্য বিশ্লেষণ কৰে।
ai_as_002.wav,voice data/ai/ai_as_002.wav,ai,Neural TTS,en-US-AvaMultilingualNeural,Female,Assamese Synth,Assamese,4.0,16000,Raw TTS,কৃত্ৰিম বুদ্ধিমত্তা কণ্ঠস্বৰ বিশ্লেষণ ব্যৱস্থাই শব্দৰ বৈশিষ্ট্য বিশ্লেষণ কৰে।
ai_as_003.wav,voice data/ai/ai_as_003.wav,ai,Neural TTS,en-US-AvaMultilingualNeural,Male,Assamese Synth,Assamese,4.0,16000,Raw TTS,কৃত্ৰিম বুদ্ধিমত্তা কণ্ঠস্বৰ বিশ্লেষণ ব্যৱস্থাই শব্দৰ বৈশিষ্ট্য বিশ্লেষণ কৰে।
ai_as_004.wav,voice data/ai/ai_as_004.wav,ai,Neural TTS,en-US-AvaMultilingualNeural,Female,Assamese Synth,Assamese,4.0,16000,Raw TTS,কৃত্ৰিম বুদ্ধিমত্তা কণ্ঠস্বৰ বিশ্লেষণ ব্যৱস্থাই শব্দৰ বৈশিষ্ট্য বিশ্লেষণ কৰে।
ai_as_005.wav,voice data/ai/ai_as_005.wav,ai,Neural TTS,en-US-AvaMultilingualNeural,Male,Assamese Synth,Assamese,4.0,16000,Codec Simulated,কৃত্ৰিম বুদ্ধিমত্তা কণ্ঠস্বৰ বিশ্লেষণ ব্যৱস্থাই শব্দৰ বৈশিষ্ট্য বিশ্লেষণ কৰে।
ai_as_006.wav,voice data/ai/ai_as_006.wav,ai,Neural TTS,en-US-AvaMultilingualNeural,Female,Assamese Synth,Assamese,4.0,16000,Codec Simulated,কৃত্ৰিম বুদ্ধিমত্তা কণ্ঠস্বৰ বিশ্লেষণ ব্যৱস্থাই শব্দৰ বৈশিষ্ট্য বিশ্লেষণ কৰে।
ai_as_007.wav,voice data/ai/ai_as_007.wav,ai,Neural TTS,en-US-AvaMultilingualNeural,Male,Assamese Synth,Assamese,4.0,16000,Raw TTS,কৃত্ৰিম বুদ্ধিমত্তা কণ্ঠস্বৰ বিশ্লেষণ ব্যৱস্থাই শব্দৰ বৈশিষ্ট্য বিশ্লেষণ কৰে।
ai_as_008.wav,voice data/ai/ai_as_008.wav,ai,Neural TTS,en-US-AvaMultilingualNeural,Female,Assamese Synth,Assamese,4.0,16000,Raw TTS,কৃত্ৰিম বুদ্ধিমত্তা কণ্ঠস্বৰ বিশ্লেষণ ব্যৱস্থাই শব্দৰ বৈশিষ্ট্য বিশ্লেষণ কৰে।
ai_as_009.wav,voice data/ai/ai_as_009.wav,ai,Neural TTS,en-US-AvaMultilingualNeural,Male,Assamese Synth,Assamese,4.0,16000,Raw TTS,কৃত্ৰিম বুদ্ধিমত্তা কণ্ঠস্বৰ বিশ্লেষণ ব্যৱস্থাই শব্দৰ বৈশিষ্ট্য বিশ্লেষণ কৰে।
ai_as_010.wav,voice data/ai/ai_as_010.wav,ai,Neural TTS,en-US-AvaMultilingualNeural,Female,Assamese Synth,Assamese,4.0,16000,Codec Simulated,কৃত্ৰিম বুদ্ধিমত্তা কণ্ঠস্বৰ বিশ্লেষণ ব্যৱস্থাই শব্দৰ বৈশিষ্ট্য বিশ্লেষণ কৰে।
ai_as_011.wav,voice data/ai/ai_as_011.wav,ai,Neural TTS,en-US-AvaMultilingualNeural,Male,Assamese Synth,Assamese,4.0,16000,Codec Simulated,কৃত্ৰিম বুদ্ধিমত্তা কণ্ঠস্বৰ বিশ্লেষণ ব্যৱস্থাই শব্দৰ বৈশিষ্ট্য বিশ্লেষণ কৰে।
ai_as_012.wav,voice data/ai/ai_as_012.wav,ai,Neural TTS,en-US-AvaMultilingualNeural,Female,Assamese Synth,Assamese,4.0,16000,Raw TTS,কৃত্ৰিম বুদ্ধিমত্তা কণ্ঠস্বৰ বিশ্লেষণ ব্যৱস্থাই শব্দৰ বৈশিষ্ট্য বিশ্লেষণ কৰে।
ai_as_013.wav,voice data/ai/ai_as_013.wav,ai,Neural TTS,en-US-AvaMultilingualNeural,Male,Assamese Synth,Assamese,4.0,16000,Raw TTS,কৃত্ৰিম বুদ্ধিমত্তা কণ্ঠস্বৰ বিশ্লেষণ ব্যৱস্থাই শব্দৰ বৈশিষ্ট্য বিশ্লেষণ কৰে।
ai_as_014.wav,voice data/ai/ai_as_014.wav,ai,Neural TTS,en-US-AvaMultilingualNeural,Female,Assamese Synth,Assamese,4.0,16000,Raw TTS,কৃত্ৰিম বুদ্ধিমত্তা কণ্ঠস্বৰ বিশ্লেষণ ব্যৱস্থাই শব্দৰ বৈশিষ্ট্য বিশ্লেষণ কৰে।
ai_as_015.wav,voice data/ai/ai_as_015.wav,ai,Neural TTS,en-US-AvaMultilingualNeural,Male,Assamese Synth,Assamese,4.0,16000,Codec Simulated,কৃত্ৰিম বুদ্ধিমত্তা কণ্ঠস্বৰ বিশ্লেষণ ব্যৱস্থাই শব্দৰ বৈশিষ্ট্য বিশ্লেষণ কৰে।
ai_as_016.wav,voice data/ai/ai_as_016.wav,ai,Neural TTS,en-US-AvaMultilingualNeural,Female,Assamese Synth,Assamese,4.0,16000,Codec Simulated,কৃত্ৰিম বুদ্ধিমত্তা কণ্ঠস্বৰ বিশ্লেষণ ব্যৱস্থাই শব্দৰ বৈশিষ্ট্য বিশ্লেষণ কৰে।
ai_as_017.wav,voice data/ai/ai_as_017.wav,ai,Neural TTS,en-US-AvaMultilingualNeural,Male,Assamese Synth,Assamese,4.0,16000,Raw TTS,কৃত্ৰিম বুদ্ধিমত্তা কণ্ঠস্বৰ বিশ্লেষণ ব্যৱস্থাই শব্দৰ বৈশিষ্ট্য বিশ্লেষণ কৰে।
ai_as_018.wav,voice data/ai/ai_as_018.wav,ai,Neural TTS,en-US-AvaMultilingualNeural,Female,Assamese Synth,Assamese,4.0,16000,Raw TTS,কৃত্ৰিম বুদ্ধিমত্তা কণ্ঠস্বৰ বিশ্লেষণ ব্যৱস্থাই শব্দৰ বৈশিষ্ট্য বিশ্লেষণ কৰে।
ai_as_019.wav,voice data/ai/ai_as_019.wav,ai,Neural TTS,en-US-AvaMultilingualNeural,Male,Assamese Synth,Assamese,4.0,16000,Raw TTS,কৃত্ৰিম বুদ্ধিমত্তা কণ্ঠস্বৰ বিশ্লেষণ ব্যৱস্থাই শব্দৰ বৈশিষ্ট্য বিশ্লেষণ কৰে।
ai_as_020.wav,voice data/ai/ai_as_020.wav,ai,Neural TTS,en-US-AvaMultilingualNeural,Female,Assamese Synth,Assamese,4.0,16000,Codec Simulated,কৃত্ৰিম বুদ্ধিমত্তা কণ্ঠস্বৰ বিশ্লেষণ ব্যৱস্থাই শব্দৰ বৈশিষ্ট্য বিশ্লেষণ কৰে।
ai_as_021.wav,voice data/ai/ai_as_021.wav,ai,Neural TTS,en-US-AvaMultilingualNeural,Male,Assamese Synth,Assamese,4.0,16000,Codec Simulated,কৃত্ৰিম বুদ্ধিমত্তা কণ্ঠস্বৰ বিশ্লেষণ ব্যৱস্থাই শব্দৰ বৈশিষ্ট্য বিশ্লেষণ কৰে।
ai_as_022.wav,voice data/ai/ai_as_022.wav,ai,Neural TTS,en-US-AvaMultilingualNeural,Female,Assamese Synth,Assamese,4.0,16000,Raw TTS,কৃত্ৰিম বুদ্ধিমত্তা কণ্ঠস্বৰ বিশ্লেষণ ব্যৱস্থাই শব্দৰ বৈশিষ্ট্য বিশ্লেষণ কৰে।
ai_as_023.wav,voice data/ai/ai_as_023.wav,ai,Neural TTS,en-US-AvaMultilingualNeural,Male,Assamese Synth,Assamese,4.0,16000,Raw TTS,কৃত্ৰিম বুদ্ধিমত্তা কণ্ঠস্বৰ বিশ্লেষণ ব্যৱস্থাই শব্দৰ বৈশিষ্ট্য বিশ্লেষণ কৰে।
ai_as_024.wav,voice data/ai/ai_as_024.wav,ai,Neural TTS,en-US-AvaMultilingualNeural,Female,Assamese Synth,Assamese,4.0,16000,Raw TTS,কৃত্ৰিম বুদ্ধিমত্তা কণ্ঠস্বৰ বিশ্লেষণ ব্যৱস্থাই শব্দৰ বৈশিষ্ট্য বিশ্লেষণ কৰে।
ai_as_025.wav,voice data/ai/ai_as_025.wav,ai,Neural TTS,en-US-AvaMultilingualNeural,Male,Assamese Synth,Assamese,4.0,16000,Codec Simulated,কৃত্ৰিম বুদ্ধিমত্তা কণ্ঠস্বৰ বিশ্লেষণ ব্যৱস্থাই শব্দৰ বৈশিষ্ট্য বিশ্লেষণ কৰে।
